{"authorDailyContributionsMap":{"broccoli0616":[],"FisherSkyi":[],"watermelonisred":[],"Junronggg":[],"chuckyang123":[]},"authorFileTypeContributionMap":{"broccoli0616":{"docs":0,"functional-code":0,"test-code":0},"FisherSkyi":{"docs":0,"functional-code":0,"test-code":0},"watermelonisred":{"docs":0,"functional-code":0,"test-code":0},"Junronggg":{"docs":0,"functional-code":0,"test-code":0},"chuckyang123":{"docs":0,"functional-code":0,"test-code":0}},"authorContributionVariance":{"broccoli0616":0.0,"FisherSkyi":0.0,"watermelonisred":0.0,"Junronggg":0.0,"chuckyang123":0.0},"authorDisplayNameMap":{"broccoli0616":"CS2103T-W11-1 ZHAN..IAYI","FisherSkyi":"CS2103T-W11-1 YU L..TIAN","watermelonisred":"CS2103T-W11-1 LIN .. XIN","Junronggg":"CS2103T-W11-1 MU J..RONG","chuckyang123":"CS2103T-W11-1 YANG..IANG"}}
