{"authorDailyContributionsMap":{"broccoli0616":[],"FisherSkyi":[],"watermelonisred":[],"Junronggg":[],"chuckyang123":[{"date":"2025-11-01T00:00:00","commitResults":[{"hash":"4e44c359a6d93fbbd9ff8fdef42fe0fa1e6af76c","isMergeCommit":false,"messageTitle":"update UG and help","messageBody":"","fileTypesAndContributionMap":{"functional-code":{"insertions":5,"deletions":2},"docs":{"insertions":2,"deletions":2}}},{"hash":"f54a64b6883c613fed07a5f0a7e4904dade0bc5e","isMergeCommit":true,"messageTitle":"update UG and help","messageBody":"","fileTypesAndContributionMap":{}},{"hash":"6c0d4a62a5ea06a195748b33cc58ff130f75d4e2","isMergeCommit":false,"messageTitle":"update UG and help","messageBody":"","fileTypesAndContributionMap":{"docs":{"insertions":1,"deletions":1}}},{"hash":"cf768b798a31a94f61e0360eb5bb11479d60b4e6","isMergeCommit":false,"messageTitle":"update UG and help","messageBody":"","fileTypesAndContributionMap":{"docs":{"insertions":5,"deletions":5}}},{"hash":"ef3c4920d67c96eec2173e53421c4e39c8b0a60d","isMergeCommit":false,"messageTitle":"update UG and help","messageBody":"","fileTypesAndContributionMap":{"docs":{"insertions":0,"deletions":1}}},{"hash":"565085f78458c4a23ad31ceffbdf533d7c7634f6","isMergeCommit":false,"messageTitle":"DG and duplicate detection","messageBody":"","fileTypesAndContributionMap":{"functional-code":{"insertions":4,"deletions":1},"docs":{"insertions":19,"deletions":57}}},{"hash":"8825c4b70951426f89802cbb07950eb564b8f3fb","isMergeCommit":false,"messageTitle":"UG and edit","messageBody":"","fileTypesAndContributionMap":{"functional-code":{"insertions":55,"deletions":21},"docs":{"insertions":97,"deletions":107},"test-code":{"insertions":77,"deletions":20}}},{"hash":"3c6c687622bae8cb1c279446905ba5f6bf7446dd","isMergeCommit":false,"messageTitle":"UG and edit","messageBody":"","fileTypesAndContributionMap":{"test-code":{"insertions":1,"deletions":1}}},{"hash":"dda6fd145d347535b5bc6904c228fc572ccf2f96","isMergeCommit":false,"messageTitle":"App name changes","messageBody":"","fileTypesAndContributionMap":{"docs":{"insertions":17,"deletions":17}}},{"hash":"691fd9ef5d186e2ba3d3cf1259f97535dbab0a92","isMergeCommit":false,"messageTitle":"email changes","messageBody":"","fileTypesAndContributionMap":{"functional-code":{"insertions":4,"deletions":4}}},{"hash":"280a8f6b5d69d5beb128b83e7710695a7c8c11d8","isMergeCommit":false,"messageTitle":"fix","messageBody":"","fileTypesAndContributionMap":{"functional-code":{"insertions":1,"deletions":1}}},{"hash":"afd09f48b446c825bedf74ddb8dfa96a8fc721b7","isMergeCommit":false,"messageTitle":"fix","messageBody":"","fileTypesAndContributionMap":{"functional-code":{"insertions":2,"deletions":2},"docs":{"insertions":1,"deletions":1}}},{"hash":"a02ca8c8ea00b977de1a487ae741663797a8d997","isMergeCommit":false,"messageTitle":"fix","messageBody":"","fileTypesAndContributionMap":{"functional-code":{"insertions":2,"deletions":1}}},{"hash":"e4daa0fcff16ee130e4ad7b94ca947a2ff99c14d","isMergeCommit":true,"messageTitle":"Merge pull request #304 from chuckyang123/Duplicate","messageBody":"DG and duplicate detection","fileTypesAndContributionMap":{}},{"hash":"b410c0bcbfc8fd4d96fad809a2e343a5984f737a","isMergeCommit":true,"messageTitle":"Merge branch \u0027master\u0027 into PEUG","messageBody":"","fileTypesAndContributionMap":{}},{"hash":"db1db28b9632e142b1bd5695f525897b0ef1bd26","isMergeCommit":true,"messageTitle":"Merge pull request #215 from chuckyang123/PEUG","messageBody":"update UG and help","fileTypesAndContributionMap":{}}]}]},"authorFileTypeContributionMap":{"broccoli0616":{"docs":0,"functional-code":0,"test-code":0},"FisherSkyi":{"docs":0,"functional-code":0,"test-code":0},"watermelonisred":{"docs":0,"functional-code":0,"test-code":0},"Junronggg":{"docs":0,"functional-code":0,"test-code":0},"chuckyang123":{"docs":123,"functional-code":68,"test-code":77}},"authorContributionVariance":{"broccoli0616":0.0,"FisherSkyi":0.0,"watermelonisred":0.0,"Junronggg":0.0,"chuckyang123":288369.0},"authorDisplayNameMap":{"broccoli0616":"CS2103T-W11-1 ZHAN..IAYI","FisherSkyi":"CS2103T-W11-1 YU L..TIAN","watermelonisred":"CS2103T-W11-1 LIN .. XIN","Junronggg":"CS2103T-W11-1 MU J..RONG","chuckyang123":"CS2103T-W11-1 YANG..IANG"}}
