{"authorDailyContributionsMap":{"chenguo3125":[],"CYW2004":[],"ZhuRong818":[],"xiaotong0329":[],"jooh6969":[]},"authorFileTypeContributionMap":{"chenguo3125":{"docs":0,"functional-code":0,"test-code":0},"CYW2004":{"docs":0,"functional-code":0,"test-code":0},"ZhuRong818":{"docs":0,"functional-code":0,"test-code":0},"xiaotong0329":{"docs":0,"functional-code":0,"test-code":0},"jooh6969":{"docs":0,"functional-code":0,"test-code":0}},"authorContributionVariance":{"chenguo3125":0.0,"CYW2004":0.0,"ZhuRong818":0.0,"xiaotong0329":0.0,"jooh6969":0.0},"authorDisplayNameMap":{"chenguo3125":"CS2103T-T10-3 CHEN.. GUO","CYW2004":"CS2103T-T10-3 CAO ..EWEI","ZhuRong818":"CS2103T-T10-3 ZHU ..RONG","xiaotong0329":"CS2103T-T10-3 HUAN..TONG","jooh6969":"CS2103T-T10-3 TONG.. WEE"}}
