{"authorDailyContributionsMap":{"Ruileirei":[],"Dicksonlai29":[],"binghangc":[],"Promist-Moon":[],"cleo7799":[]},"authorFileTypeContributionMap":{"Ruileirei":{"docs":0,"functional-code":0,"test-code":0},"Dicksonlai29":{"docs":0,"functional-code":0,"test-code":0},"binghangc":{"docs":0,"functional-code":0,"test-code":0},"Promist-Moon":{"docs":0,"functional-code":0,"test-code":0},"cleo7799":{"docs":0,"functional-code":0,"test-code":0}},"authorContributionVariance":{"Ruileirei":0.0,"Dicksonlai29":0.0,"binghangc":0.0,"Promist-Moon":0.0,"cleo7799":0.0},"authorDisplayNameMap":{"Ruileirei":"CS2103T-W08-2 ANG .. RAY","Dicksonlai29":"CS2103T-W08-2 DICK.. LAI","binghangc":"CS2103T-W08-2 CHOW..HANG","Promist-Moon":"CS2103T-W08-2 EMIL..ANDY","cleo7799":"CS2103T-W08-2 RACH.. XIN"}}
