{"authorDailyContributionsMap":{"Cleaach":[],"javierlimt6":[],"xxdydx":[],"dylandaaa":[],"CelineTj16":[]},"authorFileTypeContributionMap":{"Cleaach":{"docs":0,"functional-code":0,"test-code":0},"javierlimt6":{"docs":0,"functional-code":0,"test-code":0},"xxdydx":{"docs":0,"functional-code":0,"test-code":0},"dylandaaa":{"docs":0,"functional-code":0,"test-code":0},"CelineTj16":{"docs":0,"functional-code":0,"test-code":0}},"authorContributionVariance":{"Cleaach":0.0,"javierlimt6":0.0,"xxdydx":0.0,"dylandaaa":0.0,"CelineTj16":0.0},"authorDisplayNameMap":{"Cleaach":"CS2103T-T16-3 CLEM..NDRA","javierlimt6":"CS2103T-T16-3 JAVI..N YI","xxdydx":"CS2103T-T16-3 R AR..ARAN","dylandaaa":"CS2103T-T16-3 DYLA..TONO","CelineTj16":"CS2103T-T16-3 JOSE..NDRA"}}
