{"authorDailyContributionsMap":{"hui-x1ng":[],"leechongrui":[],"Miloepeng":[{"date":"2025-11-01T00:00:00","commitResults":[{"hash":"d6bd032c88ad84e8aad02bfe37ef77c6389a8887","isMergeCommit":true,"messageTitle":"Merge pull request #299 from lvbrobinhood/w12-userguide","messageBody":"User Guide changes","fileTypesAndContributionMap":{}},{"hash":"ff236f73477c15ee394cfb434be8777ed745d21e","isMergeCommit":false,"messageTitle":"Fix bug where JoinDate is not updated during add command","messageBody":"","fileTypesAndContributionMap":{"functional-code":{"insertions":6,"deletions":6}}},{"hash":"1fd1a41eabb0a9731b386f22e3a91d43e22a1717","isMergeCommit":false,"messageTitle":"Remove unused imports","messageBody":"","fileTypesAndContributionMap":{"functional-code":{"insertions":0,"deletions":1}}},{"hash":"be649bb680d534c062a20296668c61fc37d53f7c","isMergeCommit":true,"messageTitle":"Merge pull request #301 from lvbrobinhood/w12-userguide","messageBody":"User Guide","fileTypesAndContributionMap":{}},{"hash":"d222fb38edf094ce4d8e359d2bfe3fc4d92e315b","isMergeCommit":true,"messageTitle":"Merge pull request #302 from lvbrobinhood/w11-edit-command","messageBody":"Edit command message usage","fileTypesAndContributionMap":{}}]}],"siangjun2":[],"lvbrobinhood":[{"date":"2025-11-01T00:00:00","commitResults":[{"hash":"83e7bf0ffa0f368e5dd89e41b01fdba2ef9270e9","isMergeCommit":false,"messageTitle":"Fix several issues and pay command in User Guide","messageBody":"","fileTypesAndContributionMap":{"docs":{"insertions":12,"deletions":12}}},{"hash":"02abe2f5abb2a847d9a9523acdddb5779679e636","isMergeCommit":false,"messageTitle":"Mark command User Guide","messageBody":"","fileTypesAndContributionMap":{"docs":{"insertions":5,"deletions":5}}},{"hash":"95130c2ad50673ad131cb0dcd740180cac5daa40","isMergeCommit":false,"messageTitle":"Help command in User Guide","messageBody":"","fileTypesAndContributionMap":{"docs":{"insertions":2,"deletions":1}}},{"hash":"8839126f9b323f2fec199f2bd58fc09aa6e7f407","isMergeCommit":false,"messageTitle":"Unpay command in User Guide","messageBody":"","fileTypesAndContributionMap":{"docs":{"insertions":4,"deletions":4}}},{"hash":"b2bb08acad9fde3d153e6735b14b6a514abd1d19","isMergeCommit":false,"messageTitle":"Unmark and Delpay command in User Guide","messageBody":"","fileTypesAndContributionMap":{"docs":{"insertions":14,"deletions":14}}},{"hash":"245e62e4d46e6ffcd4367e33e4d9eefa7cffa365","isMergeCommit":true,"messageTitle":"Merge pull request #300 from Miloepeng/branch-payment","messageBody":"Fix bug where JoinDate is not updated during add command","fileTypesAndContributionMap":{}},{"hash":"6bed4814671645256edd457732d90a8ef8e665b4","isMergeCommit":false,"messageTitle":"Edit command message usage","messageBody":"","fileTypesAndContributionMap":{"functional-code":{"insertions":1,"deletions":1}}}]}]},"authorFileTypeContributionMap":{"hui-x1ng":{"docs":0,"functional-code":0,"test-code":0},"leechongrui":{"docs":0,"functional-code":0,"test-code":0},"Miloepeng":{"docs":0,"functional-code":6,"test-code":0},"siangjun2":{"docs":0,"functional-code":0,"test-code":0},"lvbrobinhood":{"docs":35,"functional-code":1,"test-code":0}},"authorContributionVariance":{"hui-x1ng":0.0,"leechongrui":0.0,"Miloepeng":169.0,"siangjun2":0.0,"lvbrobinhood":5625.0},"authorDisplayNameMap":{"hui-x1ng":"CS2103T-F11-2 JIAN..CHEN","leechongrui":"CS2103T-F11-2 LEE .. RUI","Miloepeng":"CS2103T-F11-2 YEO ..HENG","siangjun2":"CS2103T-F11-2 LEE .. JUN","lvbrobinhood":"CS2103T-F11-2 LOW ..OBIN"}}
