{"authorDailyContributionsMap":{"hui-x1ng":[],"leechongrui":[],"Miloepeng":[],"siangjun2":[],"lvbrobinhood":[]},"authorFileTypeContributionMap":{"hui-x1ng":{"docs":0,"functional-code":0,"test-code":0},"leechongrui":{"docs":0,"functional-code":0,"test-code":0},"Miloepeng":{"docs":0,"functional-code":0,"test-code":0},"siangjun2":{"docs":0,"functional-code":0,"test-code":0},"lvbrobinhood":{"docs":0,"functional-code":0,"test-code":0}},"authorContributionVariance":{"hui-x1ng":0.0,"leechongrui":0.0,"Miloepeng":0.0,"siangjun2":0.0,"lvbrobinhood":0.0},"authorDisplayNameMap":{"hui-x1ng":"CS2103T-F11-2 JIAN..CHEN","leechongrui":"CS2103T-F11-2 LEE .. RUI","Miloepeng":"CS2103T-F11-2 YEO ..HENG","siangjun2":"CS2103T-F11-2 LEE .. JUN","lvbrobinhood":"CS2103T-F11-2 LOW ..OBIN"}}
