{"authorDailyContributionsMap":{"learningcoding-pixel":[],"livtarsillapoh":[],"jordanloh":[],"jireh0108":[],"yycancode":[]},"authorFileTypeContributionMap":{"learningcoding-pixel":{"docs":0,"functional-code":0,"test-code":0},"livtarsillapoh":{"docs":0,"functional-code":0,"test-code":0},"jordanloh":{"docs":0,"functional-code":0,"test-code":0},"jireh0108":{"docs":0,"functional-code":0,"test-code":0},"yycancode":{"docs":0,"functional-code":0,"test-code":0}},"authorContributionVariance":{"learningcoding-pixel":0.0,"livtarsillapoh":0.0,"jordanloh":0.0,"jireh0108":0.0,"yycancode":0.0},"authorDisplayNameMap":{"learningcoding-pixel":"CS2103-F13-1 YIN .. HAO","livtarsillapoh":"CS2103-F13-1 LIV .. POH","jordanloh":"CS2103-F13-1 LOH ..RDAN","jireh0108":"CS2103-F13-1 JIRE..A EN","yycancode":"CS2103-F13-1 KE Y..YANG"}}
