{"authorDailyContributionsMap":{"Bobbodi":[],"winstonzhaozhekai":[],"Jaredee123":[],"subhitsha-sp":[],"kahei9299":[]},"authorFileTypeContributionMap":{"Bobbodi":{"docs":0,"functional-code":0,"test-code":0},"winstonzhaozhekai":{"docs":0,"functional-code":0,"test-code":0},"Jaredee123":{"docs":0,"functional-code":0,"test-code":0},"subhitsha-sp":{"docs":0,"functional-code":0,"test-code":0},"kahei9299":{"docs":0,"functional-code":0,"test-code":0}},"authorContributionVariance":{"Bobbodi":0.0,"winstonzhaozhekai":0.0,"Jaredee123":0.0,"subhitsha-sp":0.0,"kahei9299":0.0},"authorDisplayNameMap":{"Bobbodi":"CS2103T-F10-2 LEE ..XUAN","winstonzhaozhekai":"CS2103T-F10-2 ZHAO..STON","Jaredee123":"CS2103T-F10-2 JARE.. WEI","subhitsha-sp":"CS2103T-F10-2 SUBH..ARAN","kahei9299":"CS2103T-F10-2 LIAN.. HEI"}}
