{"authorDailyContributionsMap":{"Neko-Nguyen":[],"tze088":[],"vanphuc1201":[],"kentalim2":[],"GuoGangQuan":[]},"authorFileTypeContributionMap":{"Neko-Nguyen":{"docs":0,"functional-code":0,"test-code":0},"tze088":{"docs":0,"functional-code":0,"test-code":0},"vanphuc1201":{"docs":0,"functional-code":0,"test-code":0},"kentalim2":{"docs":0,"functional-code":0,"test-code":0},"GuoGangQuan":{"docs":0,"functional-code":0,"test-code":0}},"authorContributionVariance":{"Neko-Nguyen":0.0,"tze088":0.0,"vanphuc1201":0.0,"kentalim2":0.0,"GuoGangQuan":0.0},"authorDisplayNameMap":{"Neko-Nguyen":"CS2103T-F12-1 NGUY..MINH","tze088":"CS2103T-F12-1 CHON.. YAN","vanphuc1201":"CS2103T-F12-1 HOAN..PHUC","kentalim2":"CS2103T-F12-1 KENT..HONG","GuoGangQuan":"CS2103T-F12-1 GUO ..QUAN"}}
