[{"path":"docs/UserGuide.md","fileType":"docs","lines":[{"lineNumber":1,"author":{"gitId":"-"},"content":"---","lastModifiedDate":"2020-05-23T01:10:16","isFullCredit":false},{"lineNumber":2,"author":{"gitId":"-"},"content":"layout: default.md","lastModifiedDate":"2023-09-12T01:20:47","isFullCredit":false},{"lineNumber":3,"author":{"gitId":"-"},"content":"title: \"User Guide\"","lastModifiedDate":"2023-09-12T01:20:47","isFullCredit":false},{"lineNumber":4,"author":{"gitId":"-"},"content":"pageNav: 3","lastModifiedDate":"2023-09-12T01:20:47","isFullCredit":false},{"lineNumber":5,"author":{"gitId":"-"},"content":"---","lastModifiedDate":"2020-05-23T01:10:16","isFullCredit":false},{"lineNumber":6,"author":{"gitId":"-"},"content":"","lastModifiedDate":"2020-05-23T01:10:16","isFullCredit":false},{"lineNumber":7,"author":{"gitId":"-"},"content":"# Welcome to EstateSearch!","lastModifiedDate":"2025-10-22T08:41:38","isFullCredit":false},{"lineNumber":8,"author":{"gitId":"-"},"content":"","lastModifiedDate":"2023-09-12T01:20:47","isFullCredit":false},{"lineNumber":9,"author":{"gitId":"-"},"content":"**EstateSearch** is a desktop application that is designed specifically for **real estate agents** who are looking","lastModifiedDate":"2025-10-30T21:05:22","isFullCredit":false},{"lineNumber":10,"author":{"gitId":"-"},"content":"for a tool that allows them to be fast and efficient through the use of a **Command-Line Interface (CLI)**.","lastModifiedDate":"2025-10-30T21:05:22","isFullCredit":false},{"lineNumber":11,"author":{"gitId":"-"},"content":"Along with a dual view **Graphical User Interface (GUI)**, you will be able to manage your client contacts, ","lastModifiedDate":"2025-10-30T21:05:22","isFullCredit":false},{"lineNumber":12,"author":{"gitId":"-"},"content":"organize property details, as well as client-property relations at significantly faster speeds than traditional ","lastModifiedDate":"2025-10-30T21:05:22","isFullCredit":false},{"lineNumber":13,"author":{"gitId":"-"},"content":"GUI-only applications. For the fast-typing real estate agent or property manager, **EstateSearch** is designed to","lastModifiedDate":"2025-10-30T21:05:22","isFullCredit":false},{"lineNumber":14,"author":{"gitId":"-"},"content":"keep up with your pace for productivity gains.","lastModifiedDate":"2025-10-30T21:05:22","isFullCredit":false},{"lineNumber":15,"author":{"gitId":"-"},"content":"","lastModifiedDate":"2025-10-30T21:05:22","isFullCredit":false},{"lineNumber":16,"author":{"gitId":"-"},"content":"\u003cbox type\u003d\"tip\"\u003e","lastModifiedDate":"2025-10-30T21:05:22","isFullCredit":false},{"lineNumber":17,"author":{"gitId":"-"},"content":"","lastModifiedDate":"2025-10-30T21:05:22","isFullCredit":false},{"lineNumber":18,"author":{"gitId":"-"},"content":"**Tip**","lastModifiedDate":"2025-10-30T21:05:22","isFullCredit":false},{"lineNumber":19,"author":{"gitId":"-"},"content":"For any terms that you are not familiar with, do refer to the Glossary of Terms below.","lastModifiedDate":"2025-10-30T21:05:22","isFullCredit":false},{"lineNumber":20,"author":{"gitId":"-"},"content":"","lastModifiedDate":"2025-10-30T21:05:22","isFullCredit":false},{"lineNumber":21,"author":{"gitId":"-"},"content":"\u003c/box\u003e","lastModifiedDate":"2025-10-30T21:05:22","isFullCredit":false},{"lineNumber":22,"author":{"gitId":"-"},"content":"","lastModifiedDate":"2025-10-30T22:06:30","isFullCredit":false},{"lineNumber":23,"author":{"gitId":"-"},"content":"\u003c!-- * Table of Contents --\u003e","lastModifiedDate":"2023-09-12T01:20:47","isFullCredit":false},{"lineNumber":24,"author":{"gitId":"-"},"content":"\u003cpage-nav-print /\u003e","lastModifiedDate":"2023-09-12T01:20:47","isFullCredit":false},{"lineNumber":25,"author":{"gitId":"-"},"content":"","lastModifiedDate":"2020-05-23T01:10:16","isFullCredit":false},{"lineNumber":26,"author":{"gitId":"-"},"content":"--------------------------------------------------------------------------------------------------------------------","lastModifiedDate":"2020-05-23T01:10:16","isFullCredit":false},{"lineNumber":27,"author":{"gitId":"-"},"content":"## How to use this User Guide","lastModifiedDate":"2025-10-30T21:05:22","isFullCredit":false},{"lineNumber":28,"author":{"gitId":"-"},"content":"","lastModifiedDate":"2025-10-30T21:05:22","isFullCredit":false},{"lineNumber":29,"author":{"gitId":"-"},"content":"This User Guide is designed to help you navigate EstateSearch and maximise your productivity with the","lastModifiedDate":"2025-10-30T21:05:22","isFullCredit":false},{"lineNumber":30,"author":{"gitId":"-"},"content":"available features. It\u0027s designed to walk you through all the application\u0027s features, from getting started to using ","lastModifiedDate":"2025-10-30T21:05:22","isFullCredit":false},{"lineNumber":31,"author":{"gitId":"-"},"content":"advanced commands—no prior experience is necessary. Explore the sections below to begin:","lastModifiedDate":"2025-10-30T21:05:22","isFullCredit":false},{"lineNumber":32,"author":{"gitId":"-"},"content":"","lastModifiedDate":"2025-10-30T21:05:22","isFullCredit":false},{"lineNumber":33,"author":{"gitId":"-"},"content":"1. **Table of Contents**:","lastModifiedDate":"2025-10-30T21:05:22","isFullCredit":false},{"lineNumber":34,"author":{"gitId":"-"},"content":"   You’ll find this on the right side of the User Guide. Click any section to jump straight to it.","lastModifiedDate":"2025-10-30T21:05:22","isFullCredit":false},{"lineNumber":35,"author":{"gitId":"-"},"content":"2. [**Getting Started**](#getting-started):","lastModifiedDate":"2025-10-30T21:05:22","isFullCredit":false},{"lineNumber":36,"author":{"gitId":"-"},"content":"A simple step-by-step guide for new users to follow and get acquainted with EstateSearch’s interface","lastModifiedDate":"2025-10-30T21:05:22","isFullCredit":false},{"lineNumber":37,"author":{"gitId":"-"},"content":"and basic functions.","lastModifiedDate":"2025-10-30T21:05:22","isFullCredit":false},{"lineNumber":38,"author":{"gitId":"-"},"content":"3. [**Command Summary**](#estatesearch-command-summary):","lastModifiedDate":"2025-10-30T21:20:31","isFullCredit":false},{"lineNumber":39,"author":{"gitId":"-"},"content":"The command summary is a good reference as it provides a general overview of all the available","lastModifiedDate":"2025-10-30T21:05:22","isFullCredit":false},{"lineNumber":40,"author":{"gitId":"-"},"content":"commands. Use the command summary when you need to clarify input formats for a command without having to go too in-depth","lastModifiedDate":"2025-10-30T21:05:22","isFullCredit":false},{"lineNumber":41,"author":{"gitId":"-"},"content":"regarding its usage.","lastModifiedDate":"2025-10-30T21:05:22","isFullCredit":false},{"lineNumber":42,"author":{"gitId":"-"},"content":"4. [**Features**](#features):","lastModifiedDate":"2025-10-30T21:05:22","isFullCredit":false},{"lineNumber":43,"author":{"gitId":"-"},"content":"Explore all the features that EstateSearch has to offer. This section offers in-depth information on every command","lastModifiedDate":"2025-10-30T21:05:22","isFullCredit":false},{"lineNumber":44,"author":{"gitId":"-"},"content":"including information such as command formats, examples, and screenshots of expected outputs.","lastModifiedDate":"2025-10-30T21:05:22","isFullCredit":false},{"lineNumber":45,"author":{"gitId":"-"},"content":"5. [**FAQ**](#faq):","lastModifiedDate":"2025-10-30T21:05:22","isFullCredit":false},{"lineNumber":46,"author":{"gitId":"-"},"content":"This section contains answers to the most commonly asked questions regarding EstateSearch\u0027s functionality or issues","lastModifiedDate":"2025-10-30T21:05:22","isFullCredit":false},{"lineNumber":47,"author":{"gitId":"-"},"content":"that are not brought up in other sections.","lastModifiedDate":"2025-10-30T21:05:22","isFullCredit":false},{"lineNumber":48,"author":{"gitId":"-"},"content":"6. [**Known Issues**](#known-issues):","lastModifiedDate":"2025-10-30T21:39:17","isFullCredit":false},{"lineNumber":49,"author":{"gitId":"-"},"content":"This section contains several known issues with usage of EstateSearch. If you face any unexpected behaviour do checkout","lastModifiedDate":"2025-10-30T21:39:17","isFullCredit":false},{"lineNumber":50,"author":{"gitId":"-"},"content":"this section for fixes.","lastModifiedDate":"2025-10-30T21:39:17","isFullCredit":false},{"lineNumber":51,"author":{"gitId":"-"},"content":"7. [**Glossary**](#glossary):","lastModifiedDate":"2025-10-30T21:05:22","isFullCredit":false},{"lineNumber":52,"author":{"gitId":"-"},"content":"If you encounter any unfamiliar terms in this User Guide, refer to the Glossary of Terms, which acts as a quick","lastModifiedDate":"2025-10-30T21:05:22","isFullCredit":false},{"lineNumber":53,"author":{"gitId":"-"},"content":"dictionary of key terms used in the EstateSearch.","lastModifiedDate":"2025-10-30T21:05:22","isFullCredit":false},{"lineNumber":54,"author":{"gitId":"-"},"content":"8. [**Acceptable Range for Input Parameters**](#acceptable-value-range-for-parameters):","lastModifiedDate":"2025-10-31T08:40:39","isFullCredit":false},{"lineNumber":55,"author":{"gitId":"-"},"content":"Detailed information on valid inputs and constraints for commands. This section is useful for ensuring that your","lastModifiedDate":"2025-10-30T21:05:22","isFullCredit":false},{"lineNumber":56,"author":{"gitId":"-"},"content":"command inputs are valid and satisfy the required constraints.","lastModifiedDate":"2025-10-30T21:05:22","isFullCredit":false},{"lineNumber":57,"author":{"gitId":"-"},"content":"","lastModifiedDate":"2025-10-30T21:05:22","isFullCredit":false},{"lineNumber":58,"author":{"gitId":"-"},"content":"### Alert Boxes","lastModifiedDate":"2025-10-30T21:05:22","isFullCredit":false},{"lineNumber":59,"author":{"gitId":"-"},"content":"Within the User Guide, you will see these boxes appear, providing additional context or information.","lastModifiedDate":"2025-10-30T21:05:22","isFullCredit":false},{"lineNumber":60,"author":{"gitId":"-"},"content":"","lastModifiedDate":"2025-10-30T21:05:22","isFullCredit":false},{"lineNumber":61,"author":{"gitId":"-"},"content":"\u003cbox type\u003d\"info\"\u003e","lastModifiedDate":"2025-10-30T21:05:22","isFullCredit":false},{"lineNumber":62,"author":{"gitId":"-"},"content":"","lastModifiedDate":"2025-10-30T21:05:22","isFullCredit":false},{"lineNumber":63,"author":{"gitId":"-"},"content":"**Info**: These boxes provide additional information relevant to the current context.","lastModifiedDate":"2025-10-30T21:05:22","isFullCredit":false},{"lineNumber":64,"author":{"gitId":"-"},"content":"","lastModifiedDate":"2025-10-30T21:05:22","isFullCredit":false},{"lineNumber":65,"author":{"gitId":"-"},"content":"\u003c/box\u003e","lastModifiedDate":"2025-10-30T21:05:22","isFullCredit":false},{"lineNumber":66,"author":{"gitId":"-"},"content":"\u003cbox type\u003d\"tip\"\u003e","lastModifiedDate":"2025-10-30T21:05:22","isFullCredit":false},{"lineNumber":67,"author":{"gitId":"-"},"content":"","lastModifiedDate":"2020-05-23T01:10:16","isFullCredit":false},{"lineNumber":68,"author":{"gitId":"-"},"content":"**Tip**: Look out for tips that can help to improve your user experience and learn how to best use a feature.","lastModifiedDate":"2025-10-30T21:05:22","isFullCredit":false},{"lineNumber":69,"author":{"gitId":"-"},"content":"","lastModifiedDate":"2025-10-30T21:05:22","isFullCredit":false},{"lineNumber":70,"author":{"gitId":"-"},"content":"\u003c/box\u003e","lastModifiedDate":"2025-10-30T21:05:22","isFullCredit":false},{"lineNumber":71,"author":{"gitId":"-"},"content":"\u003cbox type\u003d\"warning\"\u003e","lastModifiedDate":"2025-10-30T21:05:22","isFullCredit":false},{"lineNumber":72,"author":{"gitId":"-"},"content":"","lastModifiedDate":"2025-10-30T21:05:22","isFullCredit":false},{"lineNumber":73,"author":{"gitId":"-"},"content":"**Warning**: Pay attention to these warnings to avoid common pitfalls.","lastModifiedDate":"2025-10-30T21:05:22","isFullCredit":false},{"lineNumber":74,"author":{"gitId":"-"},"content":"","lastModifiedDate":"2020-05-23T01:10:16","isFullCredit":false},{"lineNumber":75,"author":{"gitId":"-"},"content":"\u003c/box\u003e","lastModifiedDate":"2025-10-30T21:05:22","isFullCredit":false},{"lineNumber":76,"author":{"gitId":"-"},"content":"","lastModifiedDate":"2025-10-30T21:05:22","isFullCredit":false},{"lineNumber":77,"author":{"gitId":"-"},"content":"---","lastModifiedDate":"2025-10-30T21:05:22","isFullCredit":false},{"lineNumber":78,"author":{"gitId":"-"},"content":"## Getting Started","lastModifiedDate":"2025-10-22T08:41:38","isFullCredit":false},{"lineNumber":79,"author":{"gitId":"-"},"content":"","lastModifiedDate":"2020-05-23T01:10:16","isFullCredit":false},{"lineNumber":80,"author":{"gitId":"-"},"content":"1. Ensure you have Java `17` or above installed in your Computer.\u003cbr\u003e","lastModifiedDate":"2025-01-25T13:19:25","isFullCredit":false},{"lineNumber":81,"author":{"gitId":"-"},"content":"   **Mac users:** Ensure you have the precise JDK version prescribed [here](https://se-education.org/guides/tutorials/javaInstallationMac.html).","lastModifiedDate":"2025-01-25T13:19:25","isFullCredit":false},{"lineNumber":82,"author":{"gitId":"-"},"content":"","lastModifiedDate":"2020-05-23T01:10:16","isFullCredit":false},{"lineNumber":83,"author":{"gitId":"-"},"content":"\u003cbox type\u003d\"tip\"\u003e","lastModifiedDate":"2025-10-30T21:05:22","isFullCredit":false},{"lineNumber":84,"author":{"gitId":"-"},"content":"","lastModifiedDate":"2025-10-22T08:41:38","isFullCredit":false},{"lineNumber":85,"author":{"gitId":"-"},"content":"**Tip**: ","lastModifiedDate":"2025-10-22T08:41:38","isFullCredit":false},{"lineNumber":86,"author":{"gitId":"-"},"content":"Finding Your Java Version:","lastModifiedDate":"2025-10-30T21:05:22","isFullCredit":false},{"lineNumber":87,"author":{"gitId":"-"},"content":"","lastModifiedDate":"2025-10-22T08:41:38","isFullCredit":false},{"lineNumber":88,"author":{"gitId":"-"},"content":"On Windows: ","lastModifiedDate":"2025-10-30T21:05:22","isFullCredit":false},{"lineNumber":89,"author":{"gitId":"-"},"content":"* Open the **Start Menu** and search for **Command Prompt** or **PowerShell**.","lastModifiedDate":"2025-10-30T21:05:22","isFullCredit":false},{"lineNumber":90,"author":{"gitId":"-"},"content":"* In the application, type the command java -version and press Enter.","lastModifiedDate":"2025-10-30T21:05:22","isFullCredit":false},{"lineNumber":91,"author":{"gitId":"-"},"content":"* Refer to this [guide](https://se-education.org/guides/tutorials/javaInstallationWindows.html) for installation of Java `17`.","lastModifiedDate":"2025-10-30T21:05:22","isFullCredit":false},{"lineNumber":92,"author":{"gitId":"-"},"content":"","lastModifiedDate":"2025-10-22T08:41:38","isFullCredit":false},{"lineNumber":93,"author":{"gitId":"-"},"content":"On macOS:","lastModifiedDate":"2025-10-30T21:05:22","isFullCredit":false},{"lineNumber":94,"author":{"gitId":"-"},"content":"* Open **Finder** (Cmd + Space) and search for **Terminal**.","lastModifiedDate":"2025-10-30T21:05:22","isFullCredit":false},{"lineNumber":95,"author":{"gitId":"-"},"content":"* In the Terminal, type java -version and press Enter.","lastModifiedDate":"2025-10-30T21:05:22","isFullCredit":false},{"lineNumber":96,"author":{"gitId":"-"},"content":"* Refer to this [guide](https://se-education.org/guides/tutorials/javaInstallationMac.html) for installation of Java `17`.","lastModifiedDate":"2025-10-30T21:05:22","isFullCredit":false},{"lineNumber":97,"author":{"gitId":"-"},"content":"","lastModifiedDate":"2020-05-23T01:10:16","isFullCredit":false},{"lineNumber":98,"author":{"gitId":"-"},"content":"\u003c/box\u003e","lastModifiedDate":"2025-10-22T08:41:38","isFullCredit":false},{"lineNumber":99,"author":{"gitId":"-"},"content":"","lastModifiedDate":"2025-10-22T08:41:38","isFullCredit":false},{"lineNumber":100,"author":{"gitId":"-"},"content":"2. Download the latest `.jar` file from [here](https://github.com/AY2526S1-CS2103T-W12-4/tp/releases/tag/v1.5).","lastModifiedDate":"2025-10-30T21:05:22","isFullCredit":false},{"lineNumber":101,"author":{"gitId":"-"},"content":"","lastModifiedDate":"2025-10-22T08:41:38","isFullCredit":false},{"lineNumber":102,"author":{"gitId":"-"},"content":"3. Copy the file to the folder you want to use as the _home folder_ for your EstateSearch application.","lastModifiedDate":"2025-10-22T08:41:38","isFullCredit":false},{"lineNumber":103,"author":{"gitId":"-"},"content":"","lastModifiedDate":"2020-05-23T01:10:16","isFullCredit":false},{"lineNumber":104,"author":{"gitId":"-"},"content":"4. Open a command terminal, `cd` into the folder you put the jar file in, and use the `java -jar estatesearch.jar` command to run the application.\u003cbr\u003e","lastModifiedDate":"2025-10-22T08:41:38","isFullCredit":false},{"lineNumber":105,"author":{"gitId":"-"},"content":"   A GUI similar to the below should appear in a few seconds.\u003cbr\u003e","lastModifiedDate":"2025-10-22T22:31:01","isFullCredit":false},{"lineNumber":106,"author":{"gitId":"weixianuni"},"content":"   ![Ui](images/Ui.png)","lastModifiedDate":"2025-10-31T12:31:29","isFullCredit":false},{"lineNumber":107,"author":{"gitId":"-"},"content":"","lastModifiedDate":"2020-05-23T01:10:16","isFullCredit":false},{"lineNumber":108,"author":{"gitId":"-"},"content":"5. Type a command in the command box and press the \u003ckbd\u003eENTER\u003c/kbd\u003e key to execute it. e.g. typing **`help`** and pressing the \u003ckbd\u003eENTER\u003c/kbd\u003e key will open the help window.\u003cbr\u003e","lastModifiedDate":"2025-10-22T22:31:01","isFullCredit":false},{"lineNumber":109,"author":{"gitId":"-"},"content":"   Some example commands you can try:","lastModifiedDate":"2020-05-23T01:10:16","isFullCredit":false},{"lineNumber":110,"author":{"gitId":"-"},"content":"","lastModifiedDate":"2020-05-23T01:10:16","isFullCredit":false},{"lineNumber":111,"author":{"gitId":"-"},"content":"   - `list` : Lists all contacts.","lastModifiedDate":"2025-10-30T22:06:30","isFullCredit":false},{"lineNumber":112,"author":{"gitId":"-"},"content":"","lastModifiedDate":"2020-05-23T01:10:16","isFullCredit":false},{"lineNumber":113,"author":{"gitId":"-"},"content":"    * `add n/Edward Lim p/98765432 e/edwardl@gmail.com a/John street, block 123, #01-01` : Adds a client named `Edward Lim` to Estate Search.","lastModifiedDate":"2025-10-30T21:05:22","isFullCredit":false},{"lineNumber":114,"author":{"gitId":"-"},"content":"","lastModifiedDate":"2020-05-23T01:10:16","isFullCredit":false},{"lineNumber":115,"author":{"gitId":"-"},"content":"    * `delete 3` : Deletes the 3rd client shown in the current list.","lastModifiedDate":"2025-10-30T21:05:22","isFullCredit":false},{"lineNumber":116,"author":{"gitId":"-"},"content":"","lastModifiedDate":"2020-05-23T01:10:16","isFullCredit":false},{"lineNumber":117,"author":{"gitId":"-"},"content":"    * `clear` : Deletes all clients.","lastModifiedDate":"2025-10-30T21:05:22","isFullCredit":false},{"lineNumber":118,"author":{"gitId":"-"},"content":"","lastModifiedDate":"2020-05-23T01:10:16","isFullCredit":false},{"lineNumber":119,"author":{"gitId":"-"},"content":"   - `exit` : Exits the app.","lastModifiedDate":"2025-10-30T22:06:30","isFullCredit":false},{"lineNumber":120,"author":{"gitId":"-"},"content":"","lastModifiedDate":"2020-05-23T01:10:16","isFullCredit":false},{"lineNumber":121,"author":{"gitId":"-"},"content":"6. Refer to the [Features](#features) below for details of each command.","lastModifiedDate":"2025-10-22T08:41:38","isFullCredit":false},{"lineNumber":122,"author":{"gitId":"-"},"content":"","lastModifiedDate":"2020-05-23T01:10:16","isFullCredit":false},{"lineNumber":123,"author":{"gitId":"-"},"content":"\u003cbox type\u003d\"tip\"\u003e","lastModifiedDate":"2025-10-30T21:05:22","isFullCredit":false},{"lineNumber":124,"author":{"gitId":"-"},"content":"","lastModifiedDate":"2025-10-30T21:05:22","isFullCredit":false},{"lineNumber":125,"author":{"gitId":"-"},"content":"**Tip**:","lastModifiedDate":"2025-10-30T21:05:22","isFullCredit":false},{"lineNumber":126,"author":{"gitId":"-"},"content":"When you first open EstateSearch, you will see that the application is populated with sample data. Feel free to test","lastModifiedDate":"2025-10-30T21:05:22","isFullCredit":false},{"lineNumber":127,"author":{"gitId":"-"},"content":"out the features on the sample data to get comfortable with the app and its functions. Once you are ready to start","lastModifiedDate":"2025-10-30T21:05:22","isFullCredit":false},{"lineNumber":128,"author":{"gitId":"-"},"content":"adding your own data, type in the \u003ccode\u003eclear\u003c/code\u003e command and press \u003ckbd\u003eENTER\u003c/kbd\u003eto reset all the client and","lastModifiedDate":"2025-10-30T21:05:22","isFullCredit":false},{"lineNumber":129,"author":{"gitId":"-"},"content":"property data.","lastModifiedDate":"2025-10-30T21:05:22","isFullCredit":false},{"lineNumber":130,"author":{"gitId":"-"},"content":"\u003c/box\u003e","lastModifiedDate":"2025-10-22T22:31:01","isFullCredit":false},{"lineNumber":131,"author":{"gitId":"-"},"content":"","lastModifiedDate":"2025-10-22T22:31:01","isFullCredit":false},{"lineNumber":132,"author":{"gitId":"-"},"content":"---","lastModifiedDate":"2025-10-30T22:06:30","isFullCredit":false},{"lineNumber":133,"author":{"gitId":"-"},"content":"","lastModifiedDate":"2025-10-22T22:31:01","isFullCredit":false},{"lineNumber":134,"author":{"gitId":"-"},"content":"## EstateSearch Command Summary","lastModifiedDate":"2025-10-22T22:31:01","isFullCredit":false},{"lineNumber":135,"author":{"gitId":"-"},"content":"","lastModifiedDate":"2025-10-22T22:31:01","isFullCredit":false},{"lineNumber":136,"author":{"gitId":"-"},"content":"| Action                  | Format, Examples                                                                                                                                                      |","lastModifiedDate":"2025-10-30T22:06:30","isFullCredit":false},{"lineNumber":137,"author":{"gitId":"weixianuni"},"content":"|-------------------------| --------------------------------------------------------------------------------------------------------------------------------------------------------------------- |","lastModifiedDate":"2025-10-31T12:25:51","isFullCredit":false},{"lineNumber":138,"author":{"gitId":"-"},"content":"| **Add** | `add n/NAME p/PHONE_NUMBER e/EMAIL a/ADDRESS [t/TAG]…​` \u003cbr\u003e e.g., `add n/James Ho p/22224444 e/jamesho@example.com a/123, Clementi Rd, 1234665 t/client t/colleague` |","lastModifiedDate":"2025-10-30T22:06:30","isFullCredit":false},{"lineNumber":139,"author":{"gitId":"-"},"content":"| **Clear**               | `clear`                                                                                                                                                               |","lastModifiedDate":"2025-10-30T22:06:30","isFullCredit":false},{"lineNumber":140,"author":{"gitId":"-"},"content":"| **Delete**              | `delete INDEX`\u003cbr\u003e e.g., `delete 3`                                                                                                                                   |","lastModifiedDate":"2025-10-30T22:06:30","isFullCredit":false},{"lineNumber":141,"author":{"gitId":"-"},"content":"| **Edit**                | `edit INDEX [n/NAME] [p/PHONE_NUMBER] [e/EMAIL] [a/ADDRESS] [l/LISTING] [t/TAG]…​`\u003cbr\u003e e.g.,`edit 2 n/James Lee e/jameslee@example.com`                               |","lastModifiedDate":"2025-10-30T22:06:30","isFullCredit":false},{"lineNumber":142,"author":{"gitId":"-"},"content":"| **Find**                | `find n/NAME` or `find t/TAG` \u003cbr\u003e e.g., `find n/James` `find t/client`                                                                                               |","lastModifiedDate":"2025-10-30T22:06:30","isFullCredit":false},{"lineNumber":143,"author":{"gitId":"-"},"content":"| **List**                | `list`                                                                                                                                                                |","lastModifiedDate":"2025-10-30T22:06:30","isFullCredit":false},{"lineNumber":144,"author":{"gitId":"-"},"content":"| **Help**                | `help`                                                                                                                                                                |","lastModifiedDate":"2025-10-30T22:06:30","isFullCredit":false},{"lineNumber":145,"author":{"gitId":"-"},"content":"| **Export**              | `export FILENAME`                                                                                                                                                     |","lastModifiedDate":"2025-10-30T22:06:30","isFullCredit":false},{"lineNumber":146,"author":{"gitId":"-"},"content":"| **Exit**                | `exit`                                                                                                                                                                |","lastModifiedDate":"2025-10-30T22:06:30","isFullCredit":false},{"lineNumber":147,"author":{"gitId":"-"},"content":"| **Add Property**        | `addp n/NAME a/ADDRESS pr/PRICE` \u003cbr\u003e e.g., `addp n/Sunshine Condo a/123, Sunshine Rd, 123456 pr/800000`                                                              |","lastModifiedDate":"2025-10-30T22:06:30","isFullCredit":false},{"lineNumber":148,"author":{"gitId":"-"},"content":"| **Delete Property**     | `deletep INDEX`\u003cbr\u003e e.g., `deletep 3`                                                                                                                                 |","lastModifiedDate":"2025-10-30T22:06:30","isFullCredit":false},{"lineNumber":149,"author":{"gitId":"-"},"content":"| **Set Owned Property**  | `setop i/INDEX n/PROPERTY_NAME`\u003cbr\u003e e.g., `setop i/1 n/City Loft`                                                                                                     |","lastModifiedDate":"2025-10-30T22:06:30","isFullCredit":false},{"lineNumber":150,"author":{"gitId":"-"},"content":"| **Set Interested Property** | `setip i/INDEX n/PROPERTY_NAME`\u003cbr\u003e e.g., `setip i/2 n/Sunshine Condo`                                                                                                |","lastModifiedDate":"2025-10-30T22:06:30","isFullCredit":false},{"lineNumber":151,"author":{"gitId":"-"},"content":"| **Edit Property**       | `editp INDEX [n/NAME] [a/ADDRESS] [pr/PRICE]…​`\u003cbr\u003e e.g.,`editp 2 n/Sunshine Condo pr/120000 a/ 123 Testing Rd`                                                       |","lastModifiedDate":"2025-10-30T22:06:30","isFullCredit":false},{"lineNumber":152,"author":{"gitId":"-"},"content":"| **Find Property**       | `findp n/PROPERTY` \u003cbr\u003e e.g., `find n/Sunshine Condo`                                                                                                                 |","lastModifiedDate":"2025-10-30T22:06:30","isFullCredit":false},{"lineNumber":153,"author":{"gitId":"-"},"content":"| **List Property**       | `listp`                                                                                                                                                               |","lastModifiedDate":"2025-10-30T22:06:30","isFullCredit":false},{"lineNumber":154,"author":{"gitId":"-"},"content":"","lastModifiedDate":"2025-10-30T22:06:30","isFullCredit":false},{"lineNumber":155,"author":{"gitId":"-"},"content":"---","lastModifiedDate":"2025-10-30T22:06:30","isFullCredit":false},{"lineNumber":156,"author":{"gitId":"-"},"content":"","lastModifiedDate":"2020-05-23T01:10:16","isFullCredit":false},{"lineNumber":157,"author":{"gitId":"-"},"content":"## Features","lastModifiedDate":"2020-05-23T01:10:16","isFullCredit":false},{"lineNumber":158,"author":{"gitId":"-"},"content":"","lastModifiedDate":"2020-05-23T01:10:16","isFullCredit":false},{"lineNumber":159,"author":{"gitId":"-"},"content":"\u003cbox type\u003d\"info\"\u003e","lastModifiedDate":"2025-10-30T21:05:22","isFullCredit":false},{"lineNumber":160,"author":{"gitId":"-"},"content":"","lastModifiedDate":"2020-05-23T01:10:16","isFullCredit":false},{"lineNumber":161,"author":{"gitId":"-"},"content":"**Notes about the command format:**\u003cbr\u003e","lastModifiedDate":"2023-09-12T01:20:47","isFullCredit":false},{"lineNumber":162,"author":{"gitId":"-"},"content":"","lastModifiedDate":"2020-05-23T01:10:16","isFullCredit":false},{"lineNumber":163,"author":{"gitId":"-"},"content":"- Words in `UPPER_CASE` are the parameters to be supplied by the user.\u003cbr\u003e","lastModifiedDate":"2025-10-30T22:06:30","isFullCredit":false},{"lineNumber":164,"author":{"gitId":"-"},"content":"  e.g. in `add n/NAME`, `NAME` is a parameter which can be used as `add n/John Doe`.","lastModifiedDate":"2020-05-23T01:10:16","isFullCredit":false},{"lineNumber":165,"author":{"gitId":"-"},"content":"","lastModifiedDate":"2020-05-23T01:10:16","isFullCredit":false},{"lineNumber":166,"author":{"gitId":"-"},"content":"- Items in square brackets are optional.\u003cbr\u003e","lastModifiedDate":"2025-10-30T22:06:30","isFullCredit":false},{"lineNumber":167,"author":{"gitId":"-"},"content":"  e.g `n/NAME [t/TAG]` can be used as `n/John Doe t/friend` or as `n/John Doe`.","lastModifiedDate":"2020-05-23T01:10:16","isFullCredit":false},{"lineNumber":168,"author":{"gitId":"-"},"content":"","lastModifiedDate":"2020-05-23T01:10:16","isFullCredit":false},{"lineNumber":169,"author":{"gitId":"-"},"content":"- Items with `…`​ after them can be used multiple times including zero times.\u003cbr\u003e","lastModifiedDate":"2025-10-30T22:06:30","isFullCredit":false},{"lineNumber":170,"author":{"gitId":"-"},"content":"  e.g. `[t/TAG]…​` can be used as ` ` (i.e. 0 times), `t/friend`, `t/friend t/family` etc.","lastModifiedDate":"2020-05-23T01:10:16","isFullCredit":false},{"lineNumber":171,"author":{"gitId":"-"},"content":"","lastModifiedDate":"2020-05-23T01:10:16","isFullCredit":false},{"lineNumber":172,"author":{"gitId":"-"},"content":"- Parameters can be in any order.\u003cbr\u003e","lastModifiedDate":"2025-10-30T22:06:30","isFullCredit":false},{"lineNumber":173,"author":{"gitId":"-"},"content":"  e.g. if the command specifies `n/NAME p/PHONE_NUMBER`, `p/PHONE_NUMBER n/NAME` is also acceptable.","lastModifiedDate":"2020-05-23T01:10:16","isFullCredit":false},{"lineNumber":174,"author":{"gitId":"-"},"content":"","lastModifiedDate":"2020-05-23T01:10:16","isFullCredit":false},{"lineNumber":175,"author":{"gitId":"-"},"content":"- Extraneous parameters for commands that do not take in parameters (such as `help`, `list`, `exit` and `clear`) will be ignored.\u003cbr\u003e","lastModifiedDate":"2025-10-30T22:06:30","isFullCredit":false},{"lineNumber":176,"author":{"gitId":"-"},"content":"  e.g. if the command specifies `help 123`, it will be interpreted as `help`.","lastModifiedDate":"2021-02-03T23:17:00","isFullCredit":false},{"lineNumber":177,"author":{"gitId":"-"},"content":"","lastModifiedDate":"2021-02-03T23:17:00","isFullCredit":false},{"lineNumber":178,"author":{"gitId":"-"},"content":"- If you are using a PDF version of this document, be careful when copying and pasting commands that span multiple lines as space characters surrounding line-breaks may be omitted when copied over to the application.","lastModifiedDate":"2025-10-30T22:06:30","isFullCredit":false},{"lineNumber":179,"author":{"gitId":"-"},"content":"  \u003c/box\u003e","lastModifiedDate":"2023-09-12T01:20:47","isFullCredit":false},{"lineNumber":180,"author":{"gitId":"-"},"content":"","lastModifiedDate":"2020-05-23T01:10:16","isFullCredit":false},{"lineNumber":181,"author":{"gitId":"-"},"content":"### Viewing help : `help`","lastModifiedDate":"2020-05-23T01:10:16","isFullCredit":false},{"lineNumber":182,"author":{"gitId":"-"},"content":"","lastModifiedDate":"2020-05-23T01:10:16","isFullCredit":false},{"lineNumber":183,"author":{"gitId":"-"},"content":"Shows a brief overview of the commands that are available as well as a link to the user guide page.","lastModifiedDate":"2025-10-18T23:47:11","isFullCredit":false},{"lineNumber":184,"author":{"gitId":"-"},"content":"","lastModifiedDate":"2020-05-23T01:10:16","isFullCredit":false},{"lineNumber":185,"author":{"gitId":"-"},"content":"Format: `help`","lastModifiedDate":"2020-05-23T01:10:16","isFullCredit":false},{"lineNumber":186,"author":{"gitId":"-"},"content":"","lastModifiedDate":"2020-05-23T01:10:16","isFullCredit":false},{"lineNumber":187,"author":{"gitId":"weixianuni"},"content":"![help message](images/results/helpMenu.png)","lastModifiedDate":"2025-10-31T12:25:51","isFullCredit":false},{"lineNumber":188,"author":{"gitId":"weixianuni"},"content":"","lastModifiedDate":"2025-10-31T12:25:51","isFullCredit":false},{"lineNumber":189,"author":{"gitId":"weixianuni"},"content":"","lastModifiedDate":"2025-10-31T12:25:51","isFullCredit":false},{"lineNumber":190,"author":{"gitId":"-"},"content":"\u003cbox type\u003d\"info\"\u003e","lastModifiedDate":"2025-10-30T21:05:22","isFullCredit":false},{"lineNumber":191,"author":{"gitId":"-"},"content":"","lastModifiedDate":"2025-10-22T22:31:01","isFullCredit":false},{"lineNumber":192,"author":{"gitId":"-"},"content":"**Note:** The help menu will be opened in a separate window. You can close the help window without exiting the application.","lastModifiedDate":"2025-10-22T22:31:01","isFullCredit":false},{"lineNumber":193,"author":{"gitId":"-"},"content":"","lastModifiedDate":"2025-10-22T22:31:01","isFullCredit":false},{"lineNumber":194,"author":{"gitId":"-"},"content":"\u003c/box\u003e","lastModifiedDate":"2025-10-22T22:31:01","isFullCredit":false},{"lineNumber":195,"author":{"gitId":"-"},"content":"","lastModifiedDate":"2020-05-23T01:10:16","isFullCredit":false},{"lineNumber":196,"author":{"gitId":"-"},"content":"### Adding a person: `add`","lastModifiedDate":"2020-05-23T01:10:16","isFullCredit":false},{"lineNumber":197,"author":{"gitId":"-"},"content":"","lastModifiedDate":"2020-05-23T01:10:16","isFullCredit":false},{"lineNumber":198,"author":{"gitId":"-"},"content":"Adds a person to EstateSearch.","lastModifiedDate":"2025-10-19T00:04:52","isFullCredit":false},{"lineNumber":199,"author":{"gitId":"-"},"content":"","lastModifiedDate":"2020-05-23T01:10:16","isFullCredit":false},{"lineNumber":200,"author":{"gitId":"-"},"content":"Format: `add n/NAME p/PHONE_NUMBER e/EMAIL a/ADDRESS [t/TAG]…​`","lastModifiedDate":"2025-10-22T00:12:51","isFullCredit":false},{"lineNumber":201,"author":{"gitId":"-"},"content":"","lastModifiedDate":"2020-05-23T01:10:16","isFullCredit":false},{"lineNumber":202,"author":{"gitId":"-"},"content":"\u003cbox type\u003d\"tip\"\u003e","lastModifiedDate":"2025-10-30T21:05:22","isFullCredit":false},{"lineNumber":203,"author":{"gitId":"-"},"content":"","lastModifiedDate":"2023-09-12T01:20:47","isFullCredit":false},{"lineNumber":204,"author":{"gitId":"-"},"content":"**Tip:** A person can have any number of tags (including 0)","lastModifiedDate":"2023-09-12T01:20:47","isFullCredit":false},{"lineNumber":205,"author":{"gitId":"-"},"content":"\u003c/box\u003e","lastModifiedDate":"2023-09-12T01:20:47","isFullCredit":false},{"lineNumber":206,"author":{"gitId":"-"},"content":"","lastModifiedDate":"2020-05-23T01:10:16","isFullCredit":false},{"lineNumber":207,"author":{"gitId":"-"},"content":"Examples:","lastModifiedDate":"2020-05-23T01:10:16","isFullCredit":false},{"lineNumber":208,"author":{"gitId":"-"},"content":"","lastModifiedDate":"2025-10-30T22:06:30","isFullCredit":false},{"lineNumber":209,"author":{"gitId":"-"},"content":"- `add n/John Doe p/98765432 e/johnd@example.com a/John street, block 123, #01-01`","lastModifiedDate":"2025-10-30T22:06:30","isFullCredit":false},{"lineNumber":210,"author":{"gitId":"weixianuni"},"content":"- `add n/Betsy Crowe t/client e/betsycrowe@example.com a/Changi p/1234567 t/buyer`","lastModifiedDate":"2025-10-31T12:25:51","isFullCredit":false},{"lineNumber":211,"author":{"gitId":"weixianuni"},"content":"","lastModifiedDate":"2025-10-31T12:25:51","isFullCredit":false},{"lineNumber":212,"author":{"gitId":"weixianuni"},"content":"![Adding a person called Betsy Crowe](images/results/add.png)","lastModifiedDate":"2025-10-31T12:25:51","isFullCredit":false},{"lineNumber":213,"author":{"gitId":"-"},"content":"","lastModifiedDate":"2025-10-22T00:12:51","isFullCredit":false},{"lineNumber":214,"author":{"gitId":"-"},"content":"### Adding a property: `addp`","lastModifiedDate":"2025-10-22T00:12:51","isFullCredit":false},{"lineNumber":215,"author":{"gitId":"-"},"content":"","lastModifiedDate":"2025-10-22T00:12:51","isFullCredit":false},{"lineNumber":216,"author":{"gitId":"-"},"content":"Adds a property to EstateSearch.","lastModifiedDate":"2025-10-22T00:12:51","isFullCredit":false},{"lineNumber":217,"author":{"gitId":"-"},"content":"","lastModifiedDate":"2025-10-22T00:12:51","isFullCredit":false},{"lineNumber":218,"author":{"gitId":"-"},"content":"Format: `addp n/NAME a/ADDRESS pr/PRICE`","lastModifiedDate":"2025-10-22T00:12:51","isFullCredit":false},{"lineNumber":219,"author":{"gitId":"-"},"content":"","lastModifiedDate":"2025-10-22T00:12:51","isFullCredit":false},{"lineNumber":220,"author":{"gitId":"-"},"content":"Examples:","lastModifiedDate":"2025-10-22T00:12:51","isFullCredit":false},{"lineNumber":221,"author":{"gitId":"-"},"content":"","lastModifiedDate":"2025-10-30T22:06:30","isFullCredit":false},{"lineNumber":222,"author":{"gitId":"-"},"content":"- `addp n/Sunshine Condo a/123, Sunshine Rd, 123456 pr/800000`","lastModifiedDate":"2025-10-30T22:06:30","isFullCredit":false},{"lineNumber":223,"author":{"gitId":"-"},"content":"- `addp n/Ocean View HDB a/456, Ocean Ave, 654321 pr/1000000`","lastModifiedDate":"2025-10-30T22:06:30","isFullCredit":false},{"lineNumber":224,"author":{"gitId":"-"},"content":"","lastModifiedDate":"2020-05-23T01:10:16","isFullCredit":false},{"lineNumber":225,"author":{"gitId":"weixianuni"},"content":"![Adding a property called Ocean View](images/results/addp.png)","lastModifiedDate":"2025-10-31T12:25:51","isFullCredit":false},{"lineNumber":226,"author":{"gitId":"weixianuni"},"content":"","lastModifiedDate":"2025-10-31T12:25:51","isFullCredit":false},{"lineNumber":227,"author":{"gitId":"-"},"content":"### Listing all persons : `list`","lastModifiedDate":"2020-05-23T01:10:16","isFullCredit":false},{"lineNumber":228,"author":{"gitId":"-"},"content":"","lastModifiedDate":"2020-05-23T01:10:16","isFullCredit":false},{"lineNumber":229,"author":{"gitId":"-"},"content":"Shows a list of all persons in EstateSearch.","lastModifiedDate":"2025-10-19T00:04:52","isFullCredit":false},{"lineNumber":230,"author":{"gitId":"-"},"content":"","lastModifiedDate":"2020-05-23T01:10:16","isFullCredit":false},{"lineNumber":231,"author":{"gitId":"-"},"content":"Format: `list`","lastModifiedDate":"2020-05-23T01:10:16","isFullCredit":false},{"lineNumber":232,"author":{"gitId":"-"},"content":"","lastModifiedDate":"2020-05-23T01:10:16","isFullCredit":false},{"lineNumber":233,"author":{"gitId":"weixianuni"},"content":"![Listing all person](images/results/list.png)","lastModifiedDate":"2025-10-31T12:25:51","isFullCredit":false},{"lineNumber":234,"author":{"gitId":"weixianuni"},"content":"","lastModifiedDate":"2025-10-31T12:25:51","isFullCredit":false},{"lineNumber":235,"author":{"gitId":"-"},"content":"### Listing all properties : `listp`","lastModifiedDate":"2025-10-30T15:54:46","isFullCredit":false},{"lineNumber":236,"author":{"gitId":"-"},"content":"","lastModifiedDate":"2025-10-30T15:54:46","isFullCredit":false},{"lineNumber":237,"author":{"gitId":"-"},"content":"Shows a list of all properties in EstateSearch.","lastModifiedDate":"2025-10-30T15:54:46","isFullCredit":false},{"lineNumber":238,"author":{"gitId":"-"},"content":"","lastModifiedDate":"2025-10-30T15:54:46","isFullCredit":false},{"lineNumber":239,"author":{"gitId":"-"},"content":"Format: `listp`","lastModifiedDate":"2025-10-30T15:54:46","isFullCredit":false},{"lineNumber":240,"author":{"gitId":"-"},"content":"","lastModifiedDate":"2025-10-30T15:54:46","isFullCredit":false},{"lineNumber":241,"author":{"gitId":"weixianuni"},"content":"![Listing all properties](images/results/listp.png)","lastModifiedDate":"2025-10-31T12:25:51","isFullCredit":false},{"lineNumber":242,"author":{"gitId":"weixianuni"},"content":"","lastModifiedDate":"2025-10-31T12:25:51","isFullCredit":false},{"lineNumber":243,"author":{"gitId":"-"},"content":"### Editing a property : `editp`","lastModifiedDate":"2025-10-28T01:47:09","isFullCredit":false},{"lineNumber":244,"author":{"gitId":"-"},"content":"","lastModifiedDate":"2025-10-28T01:47:09","isFullCredit":false},{"lineNumber":245,"author":{"gitId":"-"},"content":"Edits an existing property in EstateSearch.","lastModifiedDate":"2025-10-28T01:47:09","isFullCredit":false},{"lineNumber":246,"author":{"gitId":"-"},"content":"","lastModifiedDate":"2025-10-28T01:47:09","isFullCredit":false},{"lineNumber":247,"author":{"gitId":"-"},"content":"Format: `editp INDEX [n/NAME] [a/ADDRESS] [pr/PRICE]…`","lastModifiedDate":"2025-10-28T01:47:09","isFullCredit":false},{"lineNumber":248,"author":{"gitId":"-"},"content":"","lastModifiedDate":"2025-10-28T01:47:09","isFullCredit":false},{"lineNumber":249,"author":{"gitId":"-"},"content":"- Edits the property at the specified `INDEX`. The index refers to the index number shown in the displayed property list. The index **must be a positive integer** 1, 2, 3, …​","lastModifiedDate":"2025-10-30T22:06:30","isFullCredit":false},{"lineNumber":250,"author":{"gitId":"-"},"content":"- At least one of the optional fields must be provided.","lastModifiedDate":"2025-10-30T22:06:30","isFullCredit":false},{"lineNumber":251,"author":{"gitId":"-"},"content":"- Existing values will be updated to the input values.","lastModifiedDate":"2025-10-30T22:06:30","isFullCredit":false},{"lineNumber":252,"author":{"gitId":"-"},"content":"","lastModifiedDate":"2025-10-28T01:47:09","isFullCredit":false},{"lineNumber":253,"author":{"gitId":"-"},"content":"Examples:","lastModifiedDate":"2025-10-28T01:47:09","isFullCredit":false},{"lineNumber":254,"author":{"gitId":"-"},"content":"","lastModifiedDate":"2025-10-30T22:06:30","isFullCredit":false},{"lineNumber":255,"author":{"gitId":"-"},"content":"- `editp 2 n/Sunshine Condo pr/120000 a/ 123 Testing Rd` Edits the property name, price and address to be `Sunshine Condo`, `120000` and `123 Testing Rd` respectively","lastModifiedDate":"2025-10-30T22:06:30","isFullCredit":false},{"lineNumber":256,"author":{"gitId":"weixianuni"},"content":"","lastModifiedDate":"2025-10-31T12:25:51","isFullCredit":false},{"lineNumber":257,"author":{"gitId":"weixianuni"},"content":"","lastModifiedDate":"2025-10-31T12:25:51","isFullCredit":false},{"lineNumber":258,"author":{"gitId":"weixianuni"},"content":"![Editing a property](images/results/editp.png)","lastModifiedDate":"2025-10-31T12:25:51","isFullCredit":false},{"lineNumber":259,"author":{"gitId":"weixianuni"},"content":"","lastModifiedDate":"2025-10-31T12:25:51","isFullCredit":false},{"lineNumber":260,"author":{"gitId":"-"},"content":"","lastModifiedDate":"2025-10-28T01:47:09","isFullCredit":false},{"lineNumber":261,"author":{"gitId":"-"},"content":"### Editing a person : `edit`","lastModifiedDate":"2020-05-23T01:10:16","isFullCredit":false},{"lineNumber":262,"author":{"gitId":"-"},"content":"","lastModifiedDate":"2020-05-23T01:10:16","isFullCredit":false},{"lineNumber":263,"author":{"gitId":"-"},"content":"Edits an existing person in EstateSearch.","lastModifiedDate":"2025-10-19T00:04:52","isFullCredit":false},{"lineNumber":264,"author":{"gitId":"-"},"content":"","lastModifiedDate":"2020-05-23T01:10:16","isFullCredit":false},{"lineNumber":265,"author":{"gitId":"-"},"content":"Format: `edit INDEX [n/NAME] [p/PHONE] [e/EMAIL] [a/ADDRESS] [t/TAG]…​`","lastModifiedDate":"2025-10-22T00:12:51","isFullCredit":false},{"lineNumber":266,"author":{"gitId":"-"},"content":"","lastModifiedDate":"2020-05-23T01:10:16","isFullCredit":false},{"lineNumber":267,"author":{"gitId":"-"},"content":"- Edits the person at the specified `INDEX`. The index refers to the index number shown in the displayed person list. The index **must be a positive integer** 1, 2, 3, …​","lastModifiedDate":"2025-10-30T22:06:30","isFullCredit":false},{"lineNumber":268,"author":{"gitId":"-"},"content":"- At least one of the optional fields must be provided.","lastModifiedDate":"2025-10-30T22:06:30","isFullCredit":false},{"lineNumber":269,"author":{"gitId":"-"},"content":"- Existing values will be updated to the input values.","lastModifiedDate":"2025-10-30T22:06:30","isFullCredit":false},{"lineNumber":270,"author":{"gitId":"-"},"content":"- When editing tags, the existing tags of the person will be removed i.e adding of tags is not cumulative.","lastModifiedDate":"2025-10-30T22:06:30","isFullCredit":false},{"lineNumber":271,"author":{"gitId":"-"},"content":"- You can remove all the person’s tags by typing `t/` without","lastModifiedDate":"2025-10-30T22:06:30","isFullCredit":false},{"lineNumber":272,"author":{"gitId":"-"},"content":"  specifying any tags after it.","lastModifiedDate":"2020-05-23T01:10:16","isFullCredit":false},{"lineNumber":273,"author":{"gitId":"-"},"content":"","lastModifiedDate":"2020-05-23T01:10:16","isFullCredit":false},{"lineNumber":274,"author":{"gitId":"-"},"content":"Examples:","lastModifiedDate":"2020-05-23T01:10:16","isFullCredit":false},{"lineNumber":275,"author":{"gitId":"-"},"content":"","lastModifiedDate":"2025-10-30T22:06:30","isFullCredit":false},{"lineNumber":276,"author":{"gitId":"-"},"content":"- `edit 1 p/91234567 e/johndoe@example.com` Edits the phone number and email address of the 1st person to be `91234567` and `johndoe@example.com` respectively.","lastModifiedDate":"2025-10-30T22:06:30","isFullCredit":false},{"lineNumber":277,"author":{"gitId":"-"},"content":"- `edit 2 n/Betsy Crower t/` Edits the name of the 2nd person to be `Betsy Crower` and clears all existing tags.","lastModifiedDate":"2025-10-30T22:06:30","isFullCredit":false},{"lineNumber":278,"author":{"gitId":"-"},"content":"  ","lastModifiedDate":"2020-05-23T01:10:16","isFullCredit":false},{"lineNumber":279,"author":{"gitId":"weixianuni"},"content":"![result for \u0027edit \u0027](images/results/edit.png)","lastModifiedDate":"2025-10-31T12:25:51","isFullCredit":false},{"lineNumber":280,"author":{"gitId":"weixianuni"},"content":"","lastModifiedDate":"2025-10-31T12:25:51","isFullCredit":false},{"lineNumber":281,"author":{"gitId":"-"},"content":"","lastModifiedDate":"2025-10-31T12:25:51","isFullCredit":false},{"lineNumber":282,"author":{"gitId":"-"},"content":"### Setting an owned Property for a Person : `setop`","lastModifiedDate":"2025-10-22T08:55:47","isFullCredit":false},{"lineNumber":283,"author":{"gitId":"-"},"content":"","lastModifiedDate":"2025-10-22T00:37:39","isFullCredit":false},{"lineNumber":284,"author":{"gitId":"-"},"content":"Associates an existing property with the specified person as one of their owned properties.","lastModifiedDate":"2025-10-22T00:37:39","isFullCredit":false},{"lineNumber":285,"author":{"gitId":"-"},"content":"","lastModifiedDate":"2025-10-22T00:37:39","isFullCredit":false},{"lineNumber":286,"author":{"gitId":"-"},"content":"Format: \u0027setop i/INDEX_OF_PERSON n/PROPERTY_NAME\u0027","lastModifiedDate":"2025-10-22T00:37:39","isFullCredit":false},{"lineNumber":287,"author":{"gitId":"-"},"content":"","lastModifiedDate":"2025-10-22T00:37:39","isFullCredit":false},{"lineNumber":288,"author":{"gitId":"-"},"content":"- Sets the owned property for the person at the specified \u0027INDEX\u0027. The index refers to the index number shown in the displayed person list. The index **must be a positive integer** 1, 2, 3, …​","lastModifiedDate":"2025-10-30T22:06:30","isFullCredit":false},{"lineNumber":289,"author":{"gitId":"-"},"content":"- \u0027PROPERTY_NAME\u0027 must match the name of a property that already exists in the app.","lastModifiedDate":"2025-10-30T22:06:30","isFullCredit":false},{"lineNumber":290,"author":{"gitId":"-"},"content":"- If the given property name does not exist, an error message will be shown (e.g., Property not found: Marina Bay Apt 12F).","lastModifiedDate":"2025-10-30T22:06:30","isFullCredit":false},{"lineNumber":291,"author":{"gitId":"-"},"content":"- Repeating the command with the same property for the same person has no effect (duplicates are ignored).","lastModifiedDate":"2025-10-30T22:06:30","isFullCredit":false},{"lineNumber":292,"author":{"gitId":"-"},"content":"","lastModifiedDate":"2025-10-22T00:37:39","isFullCredit":false},{"lineNumber":293,"author":{"gitId":"-"},"content":"Examples:","lastModifiedDate":"2025-10-22T00:37:39","isFullCredit":false},{"lineNumber":294,"author":{"gitId":"-"},"content":"","lastModifiedDate":"2025-10-30T22:06:30","isFullCredit":false},{"lineNumber":295,"author":{"gitId":"-"},"content":"- \u0027setop i/1 n/Marina Bay Apt 12F\u0027 — adds **Marina Bay Apt 12F** to the 1st person’s owned properties.","lastModifiedDate":"2025-10-30T22:06:30","isFullCredit":false},{"lineNumber":296,"author":{"gitId":"-"},"content":"- list followed by \u0027setop i/3 n/Choa Chu Kang Landed Property\u0027 — adds **Choa Chu Kang Landed Property** to the 1st person’s owned properties.","lastModifiedDate":"2025-10-30T22:06:30","isFullCredit":false},{"lineNumber":297,"author":{"gitId":"-"},"content":"  ","lastModifiedDate":"2025-10-22T00:37:39","isFullCredit":false},{"lineNumber":298,"author":{"gitId":"weixianuni"},"content":"![result for \u0027setop i/4 n/Hillside Villa\u0027](images/results/setop.png)","lastModifiedDate":"2025-10-31T12:25:51","isFullCredit":false},{"lineNumber":299,"author":{"gitId":"-"},"content":"","lastModifiedDate":"2025-10-31T12:25:51","isFullCredit":false},{"lineNumber":300,"author":{"gitId":"-"},"content":"### Setting an interested property for a Person : `setip`","lastModifiedDate":"2025-10-22T08:55:47","isFullCredit":false},{"lineNumber":301,"author":{"gitId":"-"},"content":"","lastModifiedDate":"2025-10-22T08:55:47","isFullCredit":false},{"lineNumber":302,"author":{"gitId":"-"},"content":"Associates an existing property with the specified person as one of their interested properties.","lastModifiedDate":"2025-10-22T08:55:47","isFullCredit":false},{"lineNumber":303,"author":{"gitId":"-"},"content":"","lastModifiedDate":"2025-10-22T08:55:47","isFullCredit":false},{"lineNumber":304,"author":{"gitId":"-"},"content":"Format: \u0027setip i/INDEX_OF_PERSON n/PROPERTY_NAME\u0027","lastModifiedDate":"2025-10-22T08:55:47","isFullCredit":false},{"lineNumber":305,"author":{"gitId":"-"},"content":"","lastModifiedDate":"2025-10-22T08:55:47","isFullCredit":false},{"lineNumber":306,"author":{"gitId":"-"},"content":"- Sets the interested property for the person at the specified \u0027INDEX\u0027. The index refers to the index number shown in the displayed person list. The index **must be a positive integer** 1, 2, 3, …​","lastModifiedDate":"2025-10-30T22:06:30","isFullCredit":false},{"lineNumber":307,"author":{"gitId":"-"},"content":"- \u0027PROPERTY_NAME\u0027 must match the name of a property that already exists in the app.","lastModifiedDate":"2025-10-30T22:06:30","isFullCredit":false},{"lineNumber":308,"author":{"gitId":"-"},"content":"- If the given property name does not exist, an error message will be shown (e.g., Property not found: Marina Bay Apt 12F).","lastModifiedDate":"2025-10-30T22:06:30","isFullCredit":false},{"lineNumber":309,"author":{"gitId":"-"},"content":"- Repeating the command with the same property for the same person has no effect (duplicates are ignored).","lastModifiedDate":"2025-10-30T22:06:30","isFullCredit":false},{"lineNumber":310,"author":{"gitId":"-"},"content":"","lastModifiedDate":"2025-10-22T08:55:47","isFullCredit":false},{"lineNumber":311,"author":{"gitId":"-"},"content":"Examples:","lastModifiedDate":"2025-10-22T08:55:47","isFullCredit":false},{"lineNumber":312,"author":{"gitId":"-"},"content":"","lastModifiedDate":"2025-10-30T22:06:30","isFullCredit":false},{"lineNumber":313,"author":{"gitId":"-"},"content":"- \u0027setip i/2 n/Sunshine Condo\u0027 — adds **Sunshine Condo** to the 2nd person’s interested properties.","lastModifiedDate":"2025-10-30T22:06:30","isFullCredit":false},{"lineNumber":314,"author":{"gitId":"-"},"content":"- list followed by \u0027setip i/4 n/Ocean View HDB\u0027 — adds **Marina Bay Apt 12F** to the 1st person’s owned properties.","lastModifiedDate":"2025-10-30T22:06:30","isFullCredit":false},{"lineNumber":315,"author":{"gitId":"-"},"content":"  ","lastModifiedDate":"2025-10-22T08:55:47","isFullCredit":false},{"lineNumber":316,"author":{"gitId":"weixianuni"},"content":"![result for \u0027setip i/1 n/Hillside Villa\u0027](images/results/setip.png)","lastModifiedDate":"2025-10-31T12:25:51","isFullCredit":false},{"lineNumber":317,"author":{"gitId":"-"},"content":"","lastModifiedDate":"2025-10-31T12:25:51","isFullCredit":false},{"lineNumber":318,"author":{"gitId":"-"},"content":"### Locating Persons by name: `find`","lastModifiedDate":"2025-10-22T08:55:47","isFullCredit":false},{"lineNumber":319,"author":{"gitId":"-"},"content":"","lastModifiedDate":"2020-05-23T01:10:16","isFullCredit":false},{"lineNumber":320,"author":{"gitId":"-"},"content":"Finds contacts by either name or tag criteria.","lastModifiedDate":"2025-10-15T18:58:23","isFullCredit":false},{"lineNumber":321,"author":{"gitId":"-"},"content":"","lastModifiedDate":"2020-05-23T01:10:16","isFullCredit":false},{"lineNumber":322,"author":{"gitId":"-"},"content":"Format: `find n/NAME or find t/TAG`","lastModifiedDate":"2025-10-15T18:58:23","isFullCredit":false},{"lineNumber":323,"author":{"gitId":"-"},"content":"","lastModifiedDate":"2020-05-23T01:10:16","isFullCredit":false},{"lineNumber":324,"author":{"gitId":"-"},"content":"- The search is case-insensitive. e.g `hans` will match `Hans`","lastModifiedDate":"2025-10-30T22:06:30","isFullCredit":false},{"lineNumber":325,"author":{"gitId":"-"},"content":"- The order of the keywords does not matter. e.g. `Hans Bo` will match `Bo Hans`","lastModifiedDate":"2025-10-30T22:06:30","isFullCredit":false},{"lineNumber":326,"author":{"gitId":"-"},"content":"- Only the name and tag is searched.","lastModifiedDate":"2025-10-30T22:06:30","isFullCredit":false},{"lineNumber":327,"author":{"gitId":"-"},"content":"- Only full words will be matched e.g. `Han` will not match `Hans`","lastModifiedDate":"2025-10-30T22:06:30","isFullCredit":false},{"lineNumber":328,"author":{"gitId":"-"},"content":"- Persons matching at least one keyword will be returned (i.e. `OR` search).","lastModifiedDate":"2025-10-30T22:06:30","isFullCredit":false},{"lineNumber":329,"author":{"gitId":"-"},"content":"  e.g. `Hans Bo` will return `Hans Gruber`, `Bo Yang`","lastModifiedDate":"2020-05-23T01:10:16","isFullCredit":false},{"lineNumber":330,"author":{"gitId":"-"},"content":"- Examples:","lastModifiedDate":"2025-10-30T22:06:30","isFullCredit":false},{"lineNumber":331,"author":{"gitId":"-"},"content":"- `find t/client` returns all contacts tagged as clients","lastModifiedDate":"2025-10-30T22:06:30","isFullCredit":false},{"lineNumber":332,"author":{"gitId":"-"},"content":"- `find n/John` returns all contacts whose names contain `John` (case-insensitive)","lastModifiedDate":"2025-10-30T22:06:30","isFullCredit":false},{"lineNumber":333,"author":{"gitId":"-"},"content":"","lastModifiedDate":"2020-05-23T01:10:16","isFullCredit":false},{"lineNumber":334,"author":{"gitId":"-"},"content":"Examples:","lastModifiedDate":"2020-05-23T01:10:16","isFullCredit":false},{"lineNumber":335,"author":{"gitId":"-"},"content":"","lastModifiedDate":"2020-05-23T01:10:16","isFullCredit":false},{"lineNumber":336,"author":{"gitId":"-"},"content":"- `find n/John` returns `john` and `John Doe`","lastModifiedDate":"2025-10-30T22:06:30","isFullCredit":false},{"lineNumber":337,"author":{"gitId":"-"},"content":"- `find t/buyer` returns clients who have the tag `buyer` \u003cbr\u003e","lastModifiedDate":"2025-10-30T22:06:30","isFullCredit":false},{"lineNumber":338,"author":{"gitId":"weixianuni"},"content":"","lastModifiedDate":"2025-10-31T12:25:51","isFullCredit":false},{"lineNumber":339,"author":{"gitId":"weixianuni"},"content":"![result for \u0027find t/buyer\u0027](images/results/find.png)","lastModifiedDate":"2025-10-31T12:25:51","isFullCredit":false},{"lineNumber":340,"author":{"gitId":"-"},"content":"","lastModifiedDate":"2025-10-28T02:02:03","isFullCredit":false},{"lineNumber":341,"author":{"gitId":"-"},"content":"### Locating Properties by property name: `findp`","lastModifiedDate":"2025-10-28T02:02:03","isFullCredit":false},{"lineNumber":342,"author":{"gitId":"-"},"content":"","lastModifiedDate":"2025-10-28T02:02:03","isFullCredit":false},{"lineNumber":343,"author":{"gitId":"-"},"content":"Finds listings by property name.","lastModifiedDate":"2025-10-28T02:02:03","isFullCredit":false},{"lineNumber":344,"author":{"gitId":"-"},"content":"","lastModifiedDate":"2025-10-28T02:02:03","isFullCredit":false},{"lineNumber":345,"author":{"gitId":"-"},"content":"Format: `findp n/PROPERTY NAME`","lastModifiedDate":"2025-10-28T02:02:03","isFullCredit":false},{"lineNumber":346,"author":{"gitId":"-"},"content":"","lastModifiedDate":"2025-10-28T02:02:03","isFullCredit":false},{"lineNumber":347,"author":{"gitId":"-"},"content":"- The search is case-insensitive. e.g `Sunshine` will match `sunshine`","lastModifiedDate":"2025-10-30T22:06:30","isFullCredit":false},{"lineNumber":348,"author":{"gitId":"-"},"content":"- The order of the keywords does not matter. e.g. `Sunshine Lodge` will match `Lodge Sunshine`","lastModifiedDate":"2025-10-30T22:06:30","isFullCredit":false},{"lineNumber":349,"author":{"gitId":"-"},"content":"- Only the property name is searched.","lastModifiedDate":"2025-10-30T22:06:30","isFullCredit":false},{"lineNumber":350,"author":{"gitId":"-"},"content":"- Only full words will be matched e.g. `Sunshine` will not match `Sunshines`","lastModifiedDate":"2025-10-30T22:06:30","isFullCredit":false},{"lineNumber":351,"author":{"gitId":"-"},"content":"- Properties matching at least one keyword will be returned (i.e. `OR` search).","lastModifiedDate":"2025-10-30T22:06:30","isFullCredit":false},{"lineNumber":352,"author":{"gitId":"-"},"content":"  e.g. `Sunshine Lodge` will return `Sunshine Home`, `Lodge Farm`","lastModifiedDate":"2025-10-28T02:02:03","isFullCredit":false},{"lineNumber":353,"author":{"gitId":"-"},"content":"-","lastModifiedDate":"2025-10-30T22:06:30","isFullCredit":false},{"lineNumber":354,"author":{"gitId":"-"},"content":"- `findp n/Sunshine` returns all properties whose property names contain `sunshine` (case-insensitive)","lastModifiedDate":"2025-10-30T22:06:30","isFullCredit":false},{"lineNumber":355,"author":{"gitId":"-"},"content":"","lastModifiedDate":"2025-10-28T02:02:03","isFullCredit":false},{"lineNumber":356,"author":{"gitId":"-"},"content":"Examples:","lastModifiedDate":"2025-10-28T02:02:03","isFullCredit":false},{"lineNumber":357,"author":{"gitId":"-"},"content":"","lastModifiedDate":"2025-10-28T02:02:03","isFullCredit":false},{"lineNumber":358,"author":{"gitId":"-"},"content":"- `findp n/Sunshine` returns `sunshine` and `Sunshine Lodge`","lastModifiedDate":"2025-10-30T22:06:30","isFullCredit":false},{"lineNumber":359,"author":{"gitId":"-"},"content":"","lastModifiedDate":"2025-10-28T02:02:03","isFullCredit":false},{"lineNumber":360,"author":{"gitId":"weixianuni"},"content":"","lastModifiedDate":"2025-10-31T12:25:51","isFullCredit":false},{"lineNumber":361,"author":{"gitId":"weixianuni"},"content":"![result for \u0027findp n/Hillside\u0027](images/results/findp.png)","lastModifiedDate":"2025-10-31T12:25:51","isFullCredit":false},{"lineNumber":362,"author":{"gitId":"weixianuni"},"content":"","lastModifiedDate":"2025-10-31T12:25:51","isFullCredit":false},{"lineNumber":363,"author":{"gitId":"weixianuni"},"content":"","lastModifiedDate":"2025-10-31T12:25:51","isFullCredit":false},{"lineNumber":364,"author":{"gitId":"-"},"content":"### Deleting a person : `delete`","lastModifiedDate":"2020-05-23T01:10:16","isFullCredit":false},{"lineNumber":365,"author":{"gitId":"-"},"content":"","lastModifiedDate":"2020-05-23T01:10:16","isFullCredit":false},{"lineNumber":366,"author":{"gitId":"-"},"content":"Deletes the specified person from EstateSearch.","lastModifiedDate":"2025-10-19T00:04:52","isFullCredit":false},{"lineNumber":367,"author":{"gitId":"-"},"content":"","lastModifiedDate":"2020-05-23T01:10:16","isFullCredit":false},{"lineNumber":368,"author":{"gitId":"-"},"content":"Format: `delete INDEX`","lastModifiedDate":"2020-05-23T01:10:16","isFullCredit":false},{"lineNumber":369,"author":{"gitId":"-"},"content":"","lastModifiedDate":"2020-05-23T01:10:16","isFullCredit":false},{"lineNumber":370,"author":{"gitId":"-"},"content":"- Deletes the person at the specified `INDEX`.","lastModifiedDate":"2025-10-30T22:06:30","isFullCredit":false},{"lineNumber":371,"author":{"gitId":"-"},"content":"- The index refers to the index number shown in the displayed person list.","lastModifiedDate":"2025-10-30T22:06:30","isFullCredit":false},{"lineNumber":372,"author":{"gitId":"-"},"content":"- The index **must be a positive integer** 1, 2, 3, …​","lastModifiedDate":"2025-10-30T22:06:30","isFullCredit":false},{"lineNumber":373,"author":{"gitId":"-"},"content":"","lastModifiedDate":"2020-05-23T01:10:16","isFullCredit":false},{"lineNumber":374,"author":{"gitId":"-"},"content":"Examples:","lastModifiedDate":"2020-05-23T01:10:16","isFullCredit":false},{"lineNumber":375,"author":{"gitId":"-"},"content":"","lastModifiedDate":"2025-10-30T22:06:30","isFullCredit":false},{"lineNumber":376,"author":{"gitId":"-"},"content":"- `list` followed by `delete 2` deletes the 2nd person in EstateSearch.","lastModifiedDate":"2025-10-30T22:06:30","isFullCredit":false},{"lineNumber":377,"author":{"gitId":"-"},"content":"- `find Betsy` followed by `delete 1` deletes the 1st person in the results of the `find` command.","lastModifiedDate":"2025-10-30T22:06:30","isFullCredit":false},{"lineNumber":378,"author":{"gitId":"-"},"content":"","lastModifiedDate":"2020-05-23T01:10:16","isFullCredit":false},{"lineNumber":379,"author":{"gitId":"weixianuni"},"content":"","lastModifiedDate":"2025-10-31T12:25:51","isFullCredit":false},{"lineNumber":380,"author":{"gitId":"weixianuni"},"content":"![result for \u0027delete 7\u0027](images/results/delete.png)","lastModifiedDate":"2025-10-31T12:25:51","isFullCredit":false},{"lineNumber":381,"author":{"gitId":"weixianuni"},"content":"","lastModifiedDate":"2025-10-31T12:25:51","isFullCredit":false},{"lineNumber":382,"author":{"gitId":"-"},"content":"### Deleting a property : `deletep`","lastModifiedDate":"2025-10-21T21:54:58","isFullCredit":false},{"lineNumber":383,"author":{"gitId":"-"},"content":"","lastModifiedDate":"2025-10-21T21:54:58","isFullCredit":false},{"lineNumber":384,"author":{"gitId":"-"},"content":"Deletes the specified property from EstateSearch.","lastModifiedDate":"2025-10-21T21:54:58","isFullCredit":false},{"lineNumber":385,"author":{"gitId":"-"},"content":"","lastModifiedDate":"2025-10-21T21:54:58","isFullCredit":false},{"lineNumber":386,"author":{"gitId":"-"},"content":"Format: `deletep INDEX`","lastModifiedDate":"2025-10-21T21:54:58","isFullCredit":false},{"lineNumber":387,"author":{"gitId":"-"},"content":"","lastModifiedDate":"2025-10-21T21:54:58","isFullCredit":false},{"lineNumber":388,"author":{"gitId":"-"},"content":"- Deletes the property at the specified `INDEX`.","lastModifiedDate":"2025-10-30T22:06:30","isFullCredit":false},{"lineNumber":389,"author":{"gitId":"-"},"content":"- The index refers to the index number shown in the property list.","lastModifiedDate":"2025-10-30T22:06:30","isFullCredit":false},{"lineNumber":390,"author":{"gitId":"-"},"content":"- The index **must be a positive integer** 1, 2, 3, …​","lastModifiedDate":"2025-10-30T22:06:30","isFullCredit":false},{"lineNumber":391,"author":{"gitId":"-"},"content":"","lastModifiedDate":"2025-10-21T21:54:58","isFullCredit":false},{"lineNumber":392,"author":{"gitId":"-"},"content":"Examples:","lastModifiedDate":"2025-10-21T21:54:58","isFullCredit":false},{"lineNumber":393,"author":{"gitId":"-"},"content":"","lastModifiedDate":"2025-10-30T22:06:30","isFullCredit":false},{"lineNumber":394,"author":{"gitId":"-"},"content":"- `deletep 2` deletes the 2nd property in EstateSearch.","lastModifiedDate":"2025-10-30T22:06:30","isFullCredit":false},{"lineNumber":395,"author":{"gitId":"-"},"content":"","lastModifiedDate":"2025-10-21T21:54:58","isFullCredit":false},{"lineNumber":396,"author":{"gitId":"weixianuni"},"content":"","lastModifiedDate":"2025-10-31T12:25:51","isFullCredit":false},{"lineNumber":397,"author":{"gitId":"weixianuni"},"content":"![result for \u0027deletep 4\u0027](images/results/deletep.png)","lastModifiedDate":"2025-10-31T12:25:51","isFullCredit":false},{"lineNumber":398,"author":{"gitId":"weixianuni"},"content":"","lastModifiedDate":"2025-10-31T12:25:51","isFullCredit":false},{"lineNumber":399,"author":{"gitId":"weixianuni"},"content":"","lastModifiedDate":"2025-10-31T12:25:51","isFullCredit":false},{"lineNumber":400,"author":{"gitId":"-"},"content":"### Clearing all entries : `clear`","lastModifiedDate":"2020-05-23T01:10:16","isFullCredit":false},{"lineNumber":401,"author":{"gitId":"-"},"content":"","lastModifiedDate":"2020-05-23T01:10:16","isFullCredit":false},{"lineNumber":402,"author":{"gitId":"-"},"content":"Clears all entries from EstateSearch.","lastModifiedDate":"2025-10-19T00:04:52","isFullCredit":false},{"lineNumber":403,"author":{"gitId":"-"},"content":"","lastModifiedDate":"2020-05-23T01:10:16","isFullCredit":false},{"lineNumber":404,"author":{"gitId":"-"},"content":"Format: `clear`","lastModifiedDate":"2020-05-23T01:10:16","isFullCredit":false},{"lineNumber":405,"author":{"gitId":"-"},"content":"","lastModifiedDate":"2020-05-23T01:10:16","isFullCredit":false},{"lineNumber":406,"author":{"gitId":"weixianuni"},"content":"![result for \u0027clear\u0027](images/results/clear.png)","lastModifiedDate":"2025-10-31T12:25:51","isFullCredit":false},{"lineNumber":407,"author":{"gitId":"weixianuni"},"content":"","lastModifiedDate":"2025-10-31T12:25:51","isFullCredit":false},{"lineNumber":408,"author":{"gitId":"-"},"content":"\u003cbox type\u003d\"warning\"\u003e","lastModifiedDate":"2025-10-30T21:05:22","isFullCredit":false},{"lineNumber":409,"author":{"gitId":"-"},"content":"","lastModifiedDate":"2025-10-22T08:55:47","isFullCredit":false},{"lineNumber":410,"author":{"gitId":"-"},"content":"**Caution:**","lastModifiedDate":"2025-10-22T08:55:47","isFullCredit":false},{"lineNumber":411,"author":{"gitId":"-"},"content":"Clearing the data will delete all person and property entries permanently. There is no undo for this operation.\u003cbr\u003e","lastModifiedDate":"2025-10-22T08:55:47","isFullCredit":false},{"lineNumber":412,"author":{"gitId":"-"},"content":"Please execute this command only if you are sure you want to delete all data.","lastModifiedDate":"2025-10-22T08:55:47","isFullCredit":false},{"lineNumber":413,"author":{"gitId":"-"},"content":"\u003c/box\u003e","lastModifiedDate":"2025-10-22T08:55:47","isFullCredit":false},{"lineNumber":414,"author":{"gitId":"-"},"content":"","lastModifiedDate":"2025-10-22T08:55:47","isFullCredit":false},{"lineNumber":415,"author":{"gitId":"-"},"content":"### Exporting data : `export`","lastModifiedDate":"2025-10-18T23:47:11","isFullCredit":false},{"lineNumber":416,"author":{"gitId":"-"},"content":"","lastModifiedDate":"2025-10-18T23:47:11","isFullCredit":false},{"lineNumber":417,"author":{"gitId":"-"},"content":"Exports the current filtered contacts to a CSV file","lastModifiedDate":"2025-10-22T08:55:47","isFullCredit":false},{"lineNumber":418,"author":{"gitId":"-"},"content":"","lastModifiedDate":"2025-10-18T23:47:11","isFullCredit":false},{"lineNumber":419,"author":{"gitId":"-"},"content":"Format: `export FILENAME`","lastModifiedDate":"2025-10-18T23:47:11","isFullCredit":false},{"lineNumber":420,"author":{"gitId":"-"},"content":"","lastModifiedDate":"2025-10-18T23:47:11","isFullCredit":false},{"lineNumber":421,"author":{"gitId":"-"},"content":"- Exports all contacts currently shown in the filtered list to a CSV file.","lastModifiedDate":"2025-10-30T22:06:30","isFullCredit":false},{"lineNumber":422,"author":{"gitId":"-"},"content":"- The CSV file is automatically saved with a .csv extension","lastModifiedDate":"2025-10-30T22:06:30","isFullCredit":false},{"lineNumber":423,"author":{"gitId":"-"},"content":"- The FILENAME must not be empty and cannot contain only whitespace.","lastModifiedDate":"2025-10-30T22:06:30","isFullCredit":false},{"lineNumber":424,"author":{"gitId":"-"},"content":"","lastModifiedDate":"2025-10-18T23:47:11","isFullCredit":false},{"lineNumber":425,"author":{"gitId":"-"},"content":"Examples:","lastModifiedDate":"2025-10-18T23:47:11","isFullCredit":false},{"lineNumber":426,"author":{"gitId":"-"},"content":"","lastModifiedDate":"2025-10-30T22:06:30","isFullCredit":false},{"lineNumber":427,"author":{"gitId":"-"},"content":"- `export clients` creates a file named `clients.csv`","lastModifiedDate":"2025-10-30T22:06:30","isFullCredit":false},{"lineNumber":428,"author":{"gitId":"-"},"content":"- `export my_contacts` creates a file named `my_contacts.csv`","lastModifiedDate":"2025-10-30T22:06:30","isFullCredit":false},{"lineNumber":429,"author":{"gitId":"-"},"content":"","lastModifiedDate":"2025-10-18T23:47:11","isFullCredit":false},{"lineNumber":430,"author":{"gitId":"-"},"content":"\u003cbox type\u003d\"tip\"\u003e","lastModifiedDate":"2025-10-30T21:05:22","isFullCredit":false},{"lineNumber":431,"author":{"gitId":"-"},"content":"","lastModifiedDate":"2025-10-22T08:55:47","isFullCredit":false},{"lineNumber":432,"author":{"gitId":"-"},"content":"The generated CSV file can be found at `[JAR file location]/data/[EXPORT_FILENAME].csv`.\u003cbr\u003e","lastModifiedDate":"2025-10-22T08:55:47","isFullCredit":false},{"lineNumber":433,"author":{"gitId":"-"},"content":"","lastModifiedDate":"2025-10-22T08:55:47","isFullCredit":false},{"lineNumber":434,"author":{"gitId":"-"},"content":"\u003c/box\u003e","lastModifiedDate":"2025-10-22T08:55:47","isFullCredit":false},{"lineNumber":435,"author":{"gitId":"-"},"content":"","lastModifiedDate":"2025-10-22T08:55:47","isFullCredit":false},{"lineNumber":436,"author":{"gitId":"-"},"content":"### Exiting the program : `exit`","lastModifiedDate":"2020-05-23T01:10:16","isFullCredit":false},{"lineNumber":437,"author":{"gitId":"-"},"content":"","lastModifiedDate":"2020-05-23T01:10:16","isFullCredit":false},{"lineNumber":438,"author":{"gitId":"-"},"content":"Exits the program.","lastModifiedDate":"2020-05-23T01:10:16","isFullCredit":false},{"lineNumber":439,"author":{"gitId":"-"},"content":"","lastModifiedDate":"2020-05-23T01:10:16","isFullCredit":false},{"lineNumber":440,"author":{"gitId":"-"},"content":"Format: `exit`","lastModifiedDate":"2020-05-23T01:10:16","isFullCredit":false},{"lineNumber":441,"author":{"gitId":"-"},"content":"","lastModifiedDate":"2020-05-23T01:10:16","isFullCredit":false},{"lineNumber":442,"author":{"gitId":"-"},"content":"### Saving the data","lastModifiedDate":"2020-05-23T01:10:16","isFullCredit":false},{"lineNumber":443,"author":{"gitId":"-"},"content":"","lastModifiedDate":"2020-05-23T01:10:16","isFullCredit":false},{"lineNumber":444,"author":{"gitId":"-"},"content":"EstateSearch data are saved in the hard disk automatically after any command that changes the data. There is no need to save manually.","lastModifiedDate":"2025-10-19T00:04:52","isFullCredit":false},{"lineNumber":445,"author":{"gitId":"-"},"content":"","lastModifiedDate":"2020-05-23T01:10:16","isFullCredit":false},{"lineNumber":446,"author":{"gitId":"-"},"content":"### Editing the data file","lastModifiedDate":"2021-02-04T00:18:23","isFullCredit":false},{"lineNumber":447,"author":{"gitId":"-"},"content":"","lastModifiedDate":"2021-02-04T00:18:23","isFullCredit":false},{"lineNumber":448,"author":{"gitId":"-"},"content":"EstateSearch data are saved automatically as a JSON file located at`[JAR file location]/data/addressbook.json`. Advanced users are welcome to update data directly by editing that data file.","lastModifiedDate":"2025-10-22T08:41:38","isFullCredit":false},{"lineNumber":449,"author":{"gitId":"-"},"content":"","lastModifiedDate":"2021-02-04T00:18:23","isFullCredit":false},{"lineNumber":450,"author":{"gitId":"-"},"content":"\u003cbox type\u003d\"warning\"\u003e","lastModifiedDate":"2025-10-30T21:05:22","isFullCredit":false},{"lineNumber":451,"author":{"gitId":"-"},"content":"","lastModifiedDate":"2023-09-12T01:20:47","isFullCredit":false},{"lineNumber":452,"author":{"gitId":"-"},"content":"**Caution:**","lastModifiedDate":"2023-09-12T01:20:47","isFullCredit":false},{"lineNumber":453,"author":{"gitId":"-"},"content":"If your changes to the data file makes its format invalid, EstateSearch will discard all data and start with an empty data file at the next run. Hence, it is recommended to take a backup of the file before editing it.\u003cbr\u003e","lastModifiedDate":"2025-10-18T23:47:11","isFullCredit":false},{"lineNumber":454,"author":{"gitId":"-"},"content":"Furthermore, certain edits can cause EstateSearch to behave in unexpected ways (e.g., if a value entered is outside the acceptable range). Therefore, edit the data file only if you are confident that you can update it correctly.","lastModifiedDate":"2025-10-19T00:04:52","isFullCredit":false},{"lineNumber":455,"author":{"gitId":"-"},"content":"If there are any entries with invalid values, EstateSearch will ignore those entries when loading the data file, and a popup will inform you about the number of ignored entries and the reasons for their invalidity.","lastModifiedDate":"2025-10-18T23:47:11","isFullCredit":false},{"lineNumber":456,"author":{"gitId":"-"},"content":"","lastModifiedDate":"2025-10-22T08:41:38","isFullCredit":false},{"lineNumber":457,"author":{"gitId":"-"},"content":"\u003c/box\u003e","lastModifiedDate":"2023-09-12T01:20:47","isFullCredit":false},{"lineNumber":458,"author":{"gitId":"-"},"content":"","lastModifiedDate":"2021-02-04T00:18:23","isFullCredit":false},{"lineNumber":459,"author":{"gitId":"-"},"content":"---","lastModifiedDate":"2025-10-30T22:06:30","isFullCredit":false},{"lineNumber":460,"author":{"gitId":"-"},"content":"","lastModifiedDate":"2020-05-23T01:10:16","isFullCredit":false},{"lineNumber":461,"author":{"gitId":"-"},"content":"## FAQ","lastModifiedDate":"2020-05-23T01:10:16","isFullCredit":false},{"lineNumber":462,"author":{"gitId":"-"},"content":"","lastModifiedDate":"2020-05-23T01:10:16","isFullCredit":false},{"lineNumber":463,"author":{"gitId":"-"},"content":"**Q**: How do I transfer my data to another Computer?\u003cbr\u003e","lastModifiedDate":"2020-05-23T01:10:16","isFullCredit":false},{"lineNumber":464,"author":{"gitId":"-"},"content":"**A**: Install the app in the other computer and overwrite the empty data file it creates with the file that","lastModifiedDate":"2025-10-30T21:05:22","isFullCredit":false},{"lineNumber":465,"author":{"gitId":"-"},"content":"contains the data of your previous EstateSearch home folder.","lastModifiedDate":"2025-10-30T21:05:22","isFullCredit":false},{"lineNumber":466,"author":{"gitId":"-"},"content":"","lastModifiedDate":"2025-10-22T22:31:01","isFullCredit":false},{"lineNumber":467,"author":{"gitId":"-"},"content":"**Q**: Can I search for partial names like \u0027John\u0027 for \u0027Johnathan\u0027\u003cbr\u003e","lastModifiedDate":"2025-10-22T22:31:01","isFullCredit":false},{"lineNumber":468,"author":{"gitId":"-"},"content":"**A**: EstateSearch does support partial name matching but only for full words within the name. For example,","lastModifiedDate":"2025-10-30T21:05:22","isFullCredit":false},{"lineNumber":469,"author":{"gitId":"-"},"content":"searching for \u0027John\u0027 will match \u0027John Doe\u0027 but not \u0027Johnathan Smith\u0027.","lastModifiedDate":"2025-10-30T21:05:22","isFullCredit":false},{"lineNumber":470,"author":{"gitId":"-"},"content":"","lastModifiedDate":"2025-10-30T21:05:22","isFullCredit":false},{"lineNumber":471,"author":{"gitId":"-"},"content":"**Q**: Does each client or property have a fixed index?\u003cbr\u003e","lastModifiedDate":"2025-10-30T21:05:22","isFullCredit":false},{"lineNumber":472,"author":{"gitId":"-"},"content":"**A**: No. The index of each client and property depends on the current filtered list showed in the GUI.","lastModifiedDate":"2025-10-30T21:05:22","isFullCredit":false},{"lineNumber":473,"author":{"gitId":"-"},"content":"The index may change when the list is filtered using the `find` command or when a client or a property is deleted.\u003cbr\u003e","lastModifiedDate":"2025-10-30T21:05:22","isFullCredit":false},{"lineNumber":474,"author":{"gitId":"-"},"content":"","lastModifiedDate":"2025-10-30T21:05:22","isFullCredit":false},{"lineNumber":475,"author":{"gitId":"-"},"content":"**Q**: Do I need any prior programming knowledge to use EstateSearch?\u003cbr\u003e","lastModifiedDate":"2025-10-30T21:05:22","isFullCredit":false},{"lineNumber":476,"author":{"gitId":"-"},"content":"**A**: EstateSearch does not require any prior programming knowledge\u003cbr\u003e","lastModifiedDate":"2025-10-30T21:05:22","isFullCredit":false},{"lineNumber":477,"author":{"gitId":"-"},"content":"","lastModifiedDate":"2025-10-30T21:05:22","isFullCredit":false},{"lineNumber":478,"author":{"gitId":"-"},"content":"**Q**: Which operating systems can EstateSearch run on?\u003cbr\u003e","lastModifiedDate":"2025-10-30T21:05:22","isFullCredit":false},{"lineNumber":479,"author":{"gitId":"-"},"content":"**A**: EstateSearch can run on Windows, macOS, and Linux, as long as Java `17` is installed and used.\u003cbr\u003e","lastModifiedDate":"2025-10-30T21:05:22","isFullCredit":false},{"lineNumber":480,"author":{"gitId":"-"},"content":"","lastModifiedDate":"2025-10-30T21:05:22","isFullCredit":false},{"lineNumber":481,"author":{"gitId":"-"},"content":"**Q**: How are duplicates determined for clients and properties?\u003cbr\u003e","lastModifiedDate":"2025-10-30T21:05:22","isFullCredit":false},{"lineNumber":482,"author":{"gitId":"-"},"content":"**A**: Clients are considered duplicates if they have the same, \u003ccode\u003eNAME\u003c/code\u003e, \u003ccode\u003ePHONE\u003c/code\u003e,","lastModifiedDate":"2025-10-30T21:05:22","isFullCredit":false},{"lineNumber":483,"author":{"gitId":"-"},"content":"\u003ccode\u003eEMAIL\u003c/code\u003e, \u003ccode\u003eADDRESS\u003c/code\u003e, and \u003ccode\u003eTAGS\u003c/code\u003e. Properties are considered duplicates if they have the","lastModifiedDate":"2025-10-30T21:05:22","isFullCredit":false},{"lineNumber":484,"author":{"gitId":"-"},"content":"same \u003ccode\u003ePROPERTY NAME\u003c/code\u003e\u003cbr\u003e","lastModifiedDate":"2025-10-30T21:39:17","isFullCredit":false},{"lineNumber":485,"author":{"gitId":"-"},"content":"","lastModifiedDate":"2025-10-30T21:05:22","isFullCredit":false},{"lineNumber":486,"author":{"gitId":"-"},"content":"**Q**: Do I need any prior programming knowledge to use EstateSearch?\u003cbr\u003e","lastModifiedDate":"2025-10-30T21:05:22","isFullCredit":false},{"lineNumber":487,"author":{"gitId":"-"},"content":"**A**: EstateSearch does not require any prior programming knowledge","lastModifiedDate":"2025-10-30T21:05:22","isFullCredit":false},{"lineNumber":488,"author":{"gitId":"-"},"content":"","lastModifiedDate":"2025-10-22T22:31:01","isFullCredit":false},{"lineNumber":489,"author":{"gitId":"-"},"content":"**Q**: Does each person have a fixed index?\u003cbr\u003e","lastModifiedDate":"2025-10-22T08:55:47","isFullCredit":false},{"lineNumber":490,"author":{"gitId":"-"},"content":"**A**: No. The index of each person depends on the current filtered list showed in the GUI. The index of a person may change when the list is filtered using the `find` command or when persons are added or deleted.","lastModifiedDate":"2025-10-22T08:41:38","isFullCredit":false},{"lineNumber":491,"author":{"gitId":"-"},"content":"","lastModifiedDate":"2025-10-30T22:06:30","isFullCredit":false},{"lineNumber":492,"author":{"gitId":"-"},"content":"---","lastModifiedDate":"2025-10-30T22:06:30","isFullCredit":false},{"lineNumber":493,"author":{"gitId":"-"},"content":"## Glossary","lastModifiedDate":"2025-10-31T01:25:24","isFullCredit":false},{"lineNumber":494,"author":{"gitId":"-"},"content":"\u003ca id\u003d\"glossary\"\u003e\u003c/a\u003e","lastModifiedDate":"2025-10-31T01:25:24","isFullCredit":false},{"lineNumber":495,"author":{"gitId":"-"},"content":"","lastModifiedDate":"2025-10-30T23:51:12","isFullCredit":false},{"lineNumber":496,"author":{"gitId":"-"},"content":"| Term | Meaning |","lastModifiedDate":"2025-10-30T23:51:12","isFullCredit":false},{"lineNumber":497,"author":{"gitId":"-"},"content":"| --- | --- |","lastModifiedDate":"2025-10-30T23:51:12","isFullCredit":false},{"lineNumber":498,"author":{"gitId":"-"},"content":"| **CLI (Command-Line Interface)** | Use the app by typing commands (e.g., `add …`). |","lastModifiedDate":"2025-10-30T23:51:12","isFullCredit":false},{"lineNumber":499,"author":{"gitId":"-"},"content":"| **GUI (Graphical User Interface)** | The visual window with lists, buttons, and panels. |","lastModifiedDate":"2025-10-30T23:51:12","isFullCredit":false},{"lineNumber":500,"author":{"gitId":"-"},"content":"| **Command Box** | Text field where you enter commands; press \u003ckbd\u003eENTER\u003c/kbd\u003e to run. |","lastModifiedDate":"2025-10-30T23:51:12","isFullCredit":false},{"lineNumber":501,"author":{"gitId":"-"},"content":"| **Result Display** | Panel that shows feedback after a command executes. |","lastModifiedDate":"2025-10-30T23:51:12","isFullCredit":false},{"lineNumber":502,"author":{"gitId":"-"},"content":"| **Index** | 1-based position shown in the current list; changes with filtering. |","lastModifiedDate":"2025-10-30T23:51:12","isFullCredit":false},{"lineNumber":503,"author":{"gitId":"-"},"content":"| **Filtered List** | The list after `find`/`findp`; commands using indices refer to this list. |","lastModifiedDate":"2025-10-30T23:51:12","isFullCredit":false},{"lineNumber":504,"author":{"gitId":"-"},"content":"| **Person / Client** | A contact entry with Name, Phone, Email, Address, and Tags. |","lastModifiedDate":"2025-10-30T23:51:12","isFullCredit":false},{"lineNumber":505,"author":{"gitId":"-"},"content":"| **Property (Listing)** | A real-estate entry with Property Name, Address, and Price. |","lastModifiedDate":"2025-10-30T23:51:12","isFullCredit":false},{"lineNumber":506,"author":{"gitId":"-"},"content":"| **Owned Properties** | Properties a client owns; managed via `setop`. |","lastModifiedDate":"2025-10-30T23:51:12","isFullCredit":false},{"lineNumber":507,"author":{"gitId":"-"},"content":"| **Interested Properties** | Properties a client is interested in; managed via `setip`. |","lastModifiedDate":"2025-10-30T23:51:12","isFullCredit":false},{"lineNumber":508,"author":{"gitId":"-"},"content":"| **Tag** | Short label (e.g., `buyer`, `vip`) for grouping/filtering contacts. |","lastModifiedDate":"2025-10-30T23:51:12","isFullCredit":false},{"lineNumber":509,"author":{"gitId":"-"},"content":"| **Data File (`addressbook.json`)** | The JSON storage file for persons and properties. |","lastModifiedDate":"2025-10-30T23:51:12","isFullCredit":false},{"lineNumber":510,"author":{"gitId":"-"},"content":"| **Load Report Popup** | Startup dialog summarizing invalid records and reasons. |","lastModifiedDate":"2025-10-30T23:51:12","isFullCredit":false},{"lineNumber":511,"author":{"gitId":"-"},"content":"","lastModifiedDate":"2020-05-23T01:10:16","isFullCredit":false},{"lineNumber":512,"author":{"gitId":"-"},"content":"---","lastModifiedDate":"2025-10-30T23:51:12","isFullCredit":false},{"lineNumber":513,"author":{"gitId":"-"},"content":"","lastModifiedDate":"2023-09-08T13:05:01","isFullCredit":false},{"lineNumber":514,"author":{"gitId":"-"},"content":"### Acceptable Value Ranges for Parameters","lastModifiedDate":"2025-10-31T08:43:43","isFullCredit":false},{"lineNumber":515,"author":{"gitId":"-"},"content":"","lastModifiedDate":"2025-10-31T08:43:43","isFullCredit":false},{"lineNumber":516,"author":{"gitId":"-"},"content":"","lastModifiedDate":"2025-10-31T08:43:43","isFullCredit":false},{"lineNumber":517,"author":{"gitId":"-"},"content":"| Command | Parameters \u0026 Acceptable Inputs |","lastModifiedDate":"2025-10-31T08:43:43","isFullCredit":false},{"lineNumber":518,"author":{"gitId":"-"},"content":"|---------|-------------------------------|","lastModifiedDate":"2025-10-31T08:43:43","isFullCredit":false},{"lineNumber":519,"author":{"gitId":"-"},"content":"| **General** | |","lastModifiedDate":"2025-10-31T08:43:43","isFullCredit":false},{"lineNumber":520,"author":{"gitId":"-"},"content":"| List | No parameters required |","lastModifiedDate":"2025-10-31T08:43:43","isFullCredit":false},{"lineNumber":521,"author":{"gitId":"-"},"content":"| List Property | No parameters required |","lastModifiedDate":"2025-10-31T08:43:43","isFullCredit":false},{"lineNumber":522,"author":{"gitId":"-"},"content":"| Clear | No parameters required |","lastModifiedDate":"2025-10-31T08:43:43","isFullCredit":false},{"lineNumber":523,"author":{"gitId":"-"},"content":"| Help | No parameters required |","lastModifiedDate":"2025-10-31T08:43:43","isFullCredit":false},{"lineNumber":524,"author":{"gitId":"-"},"content":"| Exit | No parameters required |","lastModifiedDate":"2025-10-31T08:43:43","isFullCredit":false},{"lineNumber":525,"author":{"gitId":"-"},"content":"| Export | Alphanumeric and space, should not be blank |","lastModifiedDate":"2025-10-31T08:43:43","isFullCredit":false},{"lineNumber":526,"author":{"gitId":"-"},"content":"| Delete, Delete Property | **Index**: Positive integers only.\u003cbr\u003e• Integers less than 1 will cause an invalid command format error.\u003cbr\u003e• Integers greater than the number of contacts displayed in the given mode are invalid. |","lastModifiedDate":"2025-10-31T08:43:43","isFullCredit":false},{"lineNumber":527,"author":{"gitId":"-"},"content":"| **Client** | |","lastModifiedDate":"2025-10-31T08:43:43","isFullCredit":false},{"lineNumber":528,"author":{"gitId":"-"},"content":"| Add | **Name**: Alphanumeric characters and space, should not be blank\u003cbr\u003e**Phone**: Numbers, at least 3 digits and at most 20 digits long\u003cbr\u003e**Email**: Emails should be of the format local-part@domain and adhere to the following constraints:\u003cbr\u003e• The local-part should only contain alphanumeric characters and these special characters, excluding the parentheses, (+_.-). The local-part may not start or end with any special characters.\u003cbr\u003e• This is followed by a \u0027@\u0027 and then a domain name. The domain name is made up of domain labels separated by periods.\u003cbr\u003e• The domain name must end with a domain label at least 2 characters long, have each domain label start and end with alphanumeric characters, and have each domain label consist of alphanumeric characters, separated only by hyphens, if any.\u003cbr\u003e• Special characters (+_.-) can only be used to separate alphanumeric values and not be put together consecutively.\u003cbr\u003e**Address**: Can take any value, should not be blank\u003cbr\u003e**Tag**: Tag names should only contain alphanumeric |","lastModifiedDate":"2025-10-31T08:43:43","isFullCredit":false},{"lineNumber":529,"author":{"gitId":"-"},"content":"| Edit | **Index**: Refer to General \u003e Delete, Delete Property \u003e Index\u003cbr\u003e**Other parameters**: Same as Client \u003e Add |","lastModifiedDate":"2025-10-31T08:43:43","isFullCredit":false},{"lineNumber":530,"author":{"gitId":"-"},"content":"| Find | **Name**: Refer to Client \u003e Add \u003e Name\u003cbr\u003e**Tag**: Refer to Client \u003e Add \u003e Tag |","lastModifiedDate":"2025-10-31T08:43:43","isFullCredit":false},{"lineNumber":531,"author":{"gitId":"-"},"content":"| **Property** | |","lastModifiedDate":"2025-10-31T08:43:43","isFullCredit":false},{"lineNumber":532,"author":{"gitId":"-"},"content":"| Add Property | **Address**: Refer to Client \u003e Add \u003e Address\u003cbr\u003e**Price**: Can only take positive numbers less than $2147483647 and should be a singular integer with no commas or decimal points\u003cbr\u003e**Property Name**: Refer to Client \u003e Add \u003e Name |","lastModifiedDate":"2025-10-31T08:43:43","isFullCredit":false},{"lineNumber":533,"author":{"gitId":"-"},"content":"| Edit Property | **Index**: Refer to General \u003e Delete \u003e Index\u003cbr\u003e**Other parameters**: Same as Property \u003e Add |","lastModifiedDate":"2025-10-31T08:43:43","isFullCredit":false},{"lineNumber":534,"author":{"gitId":"-"},"content":"| Find Property | **Property Name**: Refer to Property \u003e Add \u003e Property Name |","lastModifiedDate":"2025-10-31T08:43:43","isFullCredit":false},{"lineNumber":535,"author":{"gitId":"-"},"content":"| **Client-Property Relationship** | |","lastModifiedDate":"2025-10-31T08:43:43","isFullCredit":false},{"lineNumber":536,"author":{"gitId":"-"},"content":"| Set Interested Property, Set Owned Property | **Index**: Refer to General \u003e Delete, Delete Property \u003e Index\u003cbr\u003e**Property Name**: Refer to Property \u003e Add \u003e Property Name |","lastModifiedDate":"2025-10-31T08:43:43","isFullCredit":false},{"lineNumber":537,"author":{"gitId":"-"},"content":"| Delete Interested Property, Delete Owned Property | **Index**: Refer to General \u003e Delete, Delete Property \u003e Index\u003cbr\u003e**Property Name**: Refer to Property \u003e Add \u003e Property Name |","lastModifiedDate":"2025-10-31T08:43:43","isFullCredit":false},{"lineNumber":538,"author":{"gitId":"-"},"content":"","lastModifiedDate":"2025-10-30T22:06:30","isFullCredit":false},{"lineNumber":539,"author":{"gitId":"-"},"content":"","lastModifiedDate":"2025-10-30T22:06:30","isFullCredit":false},{"lineNumber":540,"author":{"gitId":"-"},"content":"","lastModifiedDate":"2025-10-31T08:43:43","isFullCredit":false},{"lineNumber":541,"author":{"gitId":"-"},"content":"---","lastModifiedDate":"2025-10-31T08:43:43","isFullCredit":false},{"lineNumber":542,"author":{"gitId":"-"},"content":"","lastModifiedDate":"2020-05-23T01:10:16","isFullCredit":false},{"lineNumber":543,"author":{"gitId":"-"},"content":"## Known issues","lastModifiedDate":"2023-09-08T13:05:01","isFullCredit":false},{"lineNumber":544,"author":{"gitId":"-"},"content":"","lastModifiedDate":"2023-09-08T13:05:01","isFullCredit":false},{"lineNumber":545,"author":{"gitId":"-"},"content":"1. **When using multiple screens**, if you move the application to a secondary screen, and later switch to using only","lastModifiedDate":"2025-10-30T21:05:22","isFullCredit":false},{"lineNumber":546,"author":{"gitId":"-"},"content":"the primary screen, the GUI will open off-screen. The remedy is to delete the `preferences.json` file created by","lastModifiedDate":"2025-10-30T21:05:22","isFullCredit":false},{"lineNumber":547,"author":{"gitId":"-"},"content":"the application before running the application again.","lastModifiedDate":"2025-10-30T21:05:22","isFullCredit":false},{"lineNumber":548,"author":{"gitId":"-"},"content":"2. **If you minimize the Help Window** and then run the `help` command (or use the `Help` menu, or the keyboard","lastModifiedDate":"2025-10-30T21:05:22","isFullCredit":false},{"lineNumber":549,"author":{"gitId":"-"},"content":"shortcut `F1`) again, the original Help Window will remain minimized, and no new Help Window will appear.","lastModifiedDate":"2025-10-30T21:05:22","isFullCredit":false},{"lineNumber":550,"author":{"gitId":"-"},"content":"The remedy is to manually restore the minimized Help Window.","lastModifiedDate":"2025-10-30T21:05:22","isFullCredit":false}],"authorContributionMap":{"weixianuni":37,"-":513}}]
