{"authorDailyContributionsMap":{"lohzq88":[],"weixianuni":[],"ebt-wu":[],"josephkwok001":[],"MousseDm":[]},"authorFileTypeContributionMap":{"lohzq88":{"docs":0,"functional-code":0,"test-code":0},"weixianuni":{"docs":0,"functional-code":0,"test-code":0},"ebt-wu":{"docs":0,"functional-code":0,"test-code":0},"josephkwok001":{"docs":0,"functional-code":0,"test-code":0},"MousseDm":{"docs":0,"functional-code":0,"test-code":0}},"authorContributionVariance":{"lohzq88":0.0,"weixianuni":0.0,"ebt-wu":0.0,"josephkwok001":0.0,"MousseDm":0.0},"authorDisplayNameMap":{"lohzq88":"CS2103T-W12-4 LOH .. QIN","weixianuni":"CS2103T-W12-4 TAN ..XIAN","ebt-wu":"CS2103T-W12-4 EDBE..BERT","josephkwok001":"CS2103T-W12-4 KWOK.. YAN","MousseDm":"CS2103T-W12-4 DA J..XUAN"}}
