{"authorDailyContributionsMap":{"lohzq88":[],"weixianuni":[{"date":"2025-10-31T00:00:00","commitResults":[{"hash":"f36d53b8bb84af3f34327f8ef1ddc388e91b9a84","isMergeCommit":false,"messageTitle":"Update UG to include images","messageBody":"","fileTypesAndContributionMap":{"docs":{"insertions":55,"deletions":22}}},{"hash":"2d1602d190fcdca83960355e993f1313de636ecf","isMergeCommit":true,"messageTitle":"Merge pull request from branch-UGupdate2","messageBody":"Update UG to include images","fileTypesAndContributionMap":{}},{"hash":"6151e9f62702bcb5642ff63787cef6b93c9fa8e2","isMergeCommit":false,"messageTitle":"Update main image","messageBody":"","fileTypesAndContributionMap":{"docs":{"insertions":1,"deletions":1}}},{"hash":"ea2c87df02d86fb578aefdac4fd75466a898f55c","isMergeCommit":true,"messageTitle":"Merge pull request from branch-UGupdate2","messageBody":"Update main image","fileTypesAndContributionMap":{}}]}],"ebt-wu":[{"date":"2025-10-31T00:00:00","commitResults":[{"hash":"7e899aaf290682598eaee6177f31044f2bdd08eb","isMergeCommit":true,"messageTitle":"Merge branch \u0027master\u0027 into branch-UGbug","messageBody":"","fileTypesAndContributionMap":{}},{"hash":"0e1be5ddf011cbb97735fe0a0ee09b8b0a651685","isMergeCommit":true,"messageTitle":"Fix Userguide bug","messageBody":"Fix Userguide bug","fileTypesAndContributionMap":{}}]}],"josephkwok001":[],"MousseDm":[]},"authorFileTypeContributionMap":{"lohzq88":{"docs":0,"functional-code":0,"test-code":0},"weixianuni":{"docs":37,"functional-code":0,"test-code":0},"ebt-wu":{"docs":0,"functional-code":0,"test-code":0},"josephkwok001":{"docs":0,"functional-code":0,"test-code":0},"MousseDm":{"docs":0,"functional-code":0,"test-code":0}},"authorContributionVariance":{"lohzq88":0.0,"weixianuni":6241.0,"ebt-wu":0.0,"josephkwok001":0.0,"MousseDm":0.0},"authorDisplayNameMap":{"lohzq88":"CS2103T-W12-4 LOH .. QIN","weixianuni":"CS2103T-W12-4 TAN ..XIAN","ebt-wu":"CS2103T-W12-4 EDBE..BERT","josephkwok001":"CS2103T-W12-4 KWOK.. YAN","MousseDm":"CS2103T-W12-4 DA J..XUAN"}}
