{"authorDailyContributionsMap":{"lohzq88":[],"weixianuni":[],"ebt-wu":[{"date":"2025-10-31T00:00:00","commitResults":[{"hash":"7e899aaf290682598eaee6177f31044f2bdd08eb","isMergeCommit":true,"messageTitle":"Merge branch \u0027master\u0027 into branch-UGbug","messageBody":"","fileTypesAndContributionMap":{}},{"hash":"0e1be5ddf011cbb97735fe0a0ee09b8b0a651685","isMergeCommit":true,"messageTitle":"Fix Userguide bug","messageBody":"Fix Userguide bug","fileTypesAndContributionMap":{}}]}],"josephkwok001":[],"MousseDm":[]},"authorFileTypeContributionMap":{"lohzq88":{"docs":0,"functional-code":0,"test-code":0},"weixianuni":{"docs":0,"functional-code":0,"test-code":0},"ebt-wu":{"docs":0,"functional-code":0,"test-code":0},"josephkwok001":{"docs":0,"functional-code":0,"test-code":0},"MousseDm":{"docs":0,"functional-code":0,"test-code":0}},"authorContributionVariance":{"lohzq88":0.0,"weixianuni":0.0,"ebt-wu":0.0,"josephkwok001":0.0,"MousseDm":0.0},"authorDisplayNameMap":{"lohzq88":"CS2103T-W12-4 LOH .. QIN","weixianuni":"CS2103T-W12-4 TAN ..XIAN","ebt-wu":"CS2103T-W12-4 EDBE..BERT","josephkwok001":"CS2103T-W12-4 KWOK.. YAN","MousseDm":"CS2103T-W12-4 DA J..XUAN"}}
