{"authorDailyContributionsMap":{"TeoShiYuan":[],"Qwertyblob":[{"date":"2025-10-31T00:00:00","commitResults":[{"hash":"b252bcc6c74533776705cd0cc8c2fa2ce79eb1ab","isMergeCommit":false,"messageTitle":"Update DG acknowledgements","messageBody":"","fileTypesAndContributionMap":{"docs":{"insertions":8,"deletions":0}}},{"hash":"984798617c34d95cad1f0b05f3dfb488c244250a","isMergeCommit":true,"messageTitle":"Merge pull request #195 from Qwertyblob/update-DG2","messageBody":"Update DG","fileTypesAndContributionMap":{}}]}],"yhtham7":[],"ais555":[],"wylandee":[]},"authorFileTypeContributionMap":{"TeoShiYuan":{"docs":0,"functional-code":0,"test-code":0},"Qwertyblob":{"docs":8,"functional-code":0,"test-code":0},"yhtham7":{"docs":0,"functional-code":0,"test-code":0},"ais555":{"docs":0,"functional-code":0,"test-code":0},"wylandee":{"docs":0,"functional-code":0,"test-code":0}},"authorContributionVariance":{"TeoShiYuan":0.0,"Qwertyblob":64.0,"yhtham7":0.0,"ais555":0.0,"wylandee":0.0},"authorDisplayNameMap":{"TeoShiYuan":"CS2103T-F14a-4 TEO ..YUAN","Qwertyblob":"CS2103T-F14a-4 CHUA..RVIS","yhtham7":"CS2103T-F14a-4 THAM.. HUI","ais555":"CS2103T-F14a-4 ISAA.. XEN","wylandee":"CS2103T-F14a-4 DYLA.. HON"}}
