{"authorDailyContributionsMap":{"TeoShiYuan":[],"Qwertyblob":[],"yhtham7":[],"ais555":[],"wylandee":[]},"authorFileTypeContributionMap":{"TeoShiYuan":{"docs":0,"functional-code":0,"test-code":0},"Qwertyblob":{"docs":0,"functional-code":0,"test-code":0},"yhtham7":{"docs":0,"functional-code":0,"test-code":0},"ais555":{"docs":0,"functional-code":0,"test-code":0},"wylandee":{"docs":0,"functional-code":0,"test-code":0}},"authorContributionVariance":{"TeoShiYuan":0.0,"Qwertyblob":0.0,"yhtham7":0.0,"ais555":0.0,"wylandee":0.0},"authorDisplayNameMap":{"TeoShiYuan":"CS2103T-F14a-4 TEO ..YUAN","Qwertyblob":"CS2103T-F14a-4 CHUA..RVIS","yhtham7":"CS2103T-F14a-4 THAM.. HUI","ais555":"CS2103T-F14a-4 ISAA.. XEN","wylandee":"CS2103T-F14a-4 DYLA.. HON"}}
