{"authorDailyContributionsMap":{"mengshuos":[],"arunblue3":[],"cheezels":[],"jsprdev":[],"trekkie3":[]},"authorFileTypeContributionMap":{"mengshuos":{"docs":0,"functional-code":0,"test-code":0},"arunblue3":{"docs":0,"functional-code":0,"test-code":0},"cheezels":{"docs":0,"functional-code":0,"test-code":0},"jsprdev":{"docs":0,"functional-code":0,"test-code":0},"trekkie3":{"docs":0,"functional-code":0,"test-code":0}},"authorContributionVariance":{"mengshuos":0.0,"arunblue3":0.0,"cheezels":0.0,"jsprdev":0.0,"trekkie3":0.0},"authorDisplayNameMap":{"mengshuos":"CS2103T-F14a-3 MENG..SHUO","arunblue3":"CS2103T-F14a-3 ARUN..UVAN","cheezels":"CS2103T-F14a-3 TAN .. HIN","jsprdev":"CS2103T-F14a-3 ANG ..SPER","trekkie3":"CS2103T-F14a-3 LIAO..EVIN"}}
