{"authorDailyContributionsMap":{"btjm123":[],"vincent-wat04":[],"nty-dev":[],"syemfai":[],"zongmin-yu":[]},"authorFileTypeContributionMap":{"btjm123":{"docs":0,"functional-code":0,"test-code":0},"vincent-wat04":{"docs":0,"functional-code":0,"test-code":0},"nty-dev":{"docs":0,"functional-code":0,"test-code":0},"syemfai":{"docs":0,"functional-code":0,"test-code":0},"zongmin-yu":{"docs":0,"functional-code":0,"test-code":0}},"authorContributionVariance":{"btjm123":0.0,"vincent-wat04":0.0,"nty-dev":0.0,"syemfai":0.0,"zongmin-yu":0.0},"authorDisplayNameMap":{"btjm123":"CS2103T-F15a-3 BENN..MING","vincent-wat04":"CS2103T-F15a-3 QU Q..HENG","nty-dev":"CS2103T-F15a-3 NEO ..YONG","syemfai":"CS2103T-F15a-3 SYED..RAFI","zongmin-yu":"CS2103T-F15a-3 YU Z..GMIN"}}
