{"authorDailyContributionsMap":{"Derekqua":[],"Harjun751":[{"date":"2025-11-01T00:00:00","commitResults":[{"hash":"51ea8d5f6660ecaa80cc0718298d9cd68c5cbf59","isMergeCommit":false,"messageTitle":"Fix release link (#241)","messageBody":"","fileTypesAndContributionMap":{"docs":{"insertions":1,"deletions":1}}},{"hash":"a30f1363e87c297db5515f7d91befe1437c102ce","isMergeCommit":false,"messageTitle":"Update incorrect command in UG (#245)","messageBody":"","fileTypesAndContributionMap":{"docs":{"insertions":1,"deletions":1}}},{"hash":"d91dd8806d9f17700aaa5189c7ad2407d3b1ac8b","isMergeCommit":false,"messageTitle":"Add note about command history length (#248)","messageBody":"","fileTypesAndContributionMap":{"docs":{"insertions":4,"deletions":1}}},{"hash":"1a5ddde315d10a63d378bf9d391d60ca28d1332b","isMergeCommit":false,"messageTitle":"Update note on switching modes to clarify (#261)","messageBody":"","fileTypesAndContributionMap":{"docs":{"insertions":1,"deletions":1}}},{"hash":"b40684b5357c013c53aefd571ba0e671e27b545e","isMergeCommit":false,"messageTitle":"Remove unpin confirmation text (#266)","messageBody":"","fileTypesAndContributionMap":{"docs":{"insertions":1,"deletions":1}}},{"hash":"8dc7c72378e13d9e040bd2e57436451d438754a3","isMergeCommit":false,"messageTitle":"Update outdated project names in QuickStart (#287)","messageBody":"","fileTypesAndContributionMap":{"docs":{"insertions":2,"deletions":2}}},{"hash":"c0d8873d25ccdced5388f869f16e1a10047d6b7d","isMergeCommit":false,"messageTitle":"Make insert mode name consistent in DG/UG(#289)","messageBody":"","fileTypesAndContributionMap":{"docs":{"insertions":4,"deletions":4}}},{"hash":"30931cd5fabdc216a7c8f3a0701b4256d81a16da","isMergeCommit":false,"messageTitle":"Add case-insensitive note regarding confirm (#292)","messageBody":"","fileTypesAndContributionMap":{"docs":{"insertions":4,"deletions":0}}},{"hash":"865408cd72b0f45ff23f76896e7b087022ec5bf1","isMergeCommit":false,"messageTitle":"Remove all occurences of `Devbook` terms (#296)","messageBody":"","fileTypesAndContributionMap":{"docs":{"insertions":6,"deletions":6}}},{"hash":"f080ef619fb90403bf28ab0130427b69b5c7813f","isMergeCommit":false,"messageTitle":"Remove trailing whitespace","messageBody":"","fileTypesAndContributionMap":{"docs":{"insertions":1,"deletions":1}}},{"hash":"83f31a8460b9d7860af386b4894b2c32d197ae37","isMergeCommit":false,"messageTitle":"Fix typo in UG","messageBody":"","fileTypesAndContributionMap":{"docs":{"insertions":1,"deletions":1}}},{"hash":"1adb6217308ea9c9f760328dff6420bbdb92acdf","isMergeCommit":true,"messageTitle":"Merge pull request #307 from Harjun751/update-ug-links","messageBody":"Address basic UG/DG bugs","fileTypesAndContributionMap":{}}]}],"Wen-Cong":[],"Itsdaodao":[],"MoshiMoshiMochi":[{"date":"2025-11-01T00:00:00","commitResults":[{"hash":"5465325a9991d3a22a1c531e04c7449e6f6456a5","isMergeCommit":false,"messageTitle":"Remove email launch","messageBody":"","fileTypesAndContributionMap":{"functional-code":{"insertions":9,"deletions":44},"test-code":{"insertions":15,"deletions":91}}},{"hash":"14fec8c206268d6b68e053b8a798657229ed2820","isMergeCommit":false,"messageTitle":"Update DG and UG to reflect changes","messageBody":"","fileTypesAndContributionMap":{"docs":{"insertions":22,"deletions":19}}},{"hash":"5c64e4b513fb4b292ad24e998e5368eb861bcc68","isMergeCommit":false,"messageTitle":"Fix checkstyle issue","messageBody":"","fileTypesAndContributionMap":{"test-code":{"insertions":0,"deletions":2}}},{"hash":"762a2c83839f6015dadecd6bffd66f74cefe23dc","isMergeCommit":false,"messageTitle":"Fix dg issue","messageBody":"","fileTypesAndContributionMap":{"docs":{"insertions":2,"deletions":2}}},{"hash":"dd5cf8d7c52e3c44c8096e9e48233dab3dc20633","isMergeCommit":false,"messageTitle":"Made UG even more specific","messageBody":"","fileTypesAndContributionMap":{"docs":{"insertions":6,"deletions":3}}},{"hash":"b1e3c5b9e20e989be7f5d1fc19c81d0e80a0eff1","isMergeCommit":false,"messageTitle":"Remove mentions of email","messageBody":"","fileTypesAndContributionMap":{"functional-code":{"insertions":2,"deletions":3}}},{"hash":"4fb55974e6aa3514438bc0ad9be210825d42b101","isMergeCommit":true,"messageTitle":"Merge pull request #309 from MoshiMoshiMochi/306-278-dg-list","messageBody":"Fix dg issue","fileTypesAndContributionMap":{}},{"hash":"5d82f60c1e03da46fccd58db12399383c6f298d2","isMergeCommit":true,"messageTitle":"Merge pull request #308 from MoshiMoshiMochi/270-273-278-281-288-launch-bugs","messageBody":"270 273 281 288 launch bugs","fileTypesAndContributionMap":{}}]}]},"authorFileTypeContributionMap":{"Derekqua":{"docs":0,"functional-code":0,"test-code":0},"Harjun751":{"docs":24,"functional-code":0,"test-code":0},"Wen-Cong":{"docs":0,"functional-code":0,"test-code":0},"Itsdaodao":{"docs":0,"functional-code":0,"test-code":0},"MoshiMoshiMochi":{"docs":28,"functional-code":10,"test-code":15}},"authorContributionVariance":{"Derekqua":0.0,"Harjun751":2025.0,"Wen-Cong":0.0,"Itsdaodao":0.0,"MoshiMoshiMochi":48400.0},"authorDisplayNameMap":{"Derekqua":"CS2103-F12-2 QUA ..EREK","Harjun751":"CS2103-F12-2 HARV..INGH","Wen-Cong":"CS2103-F12-2 YEO ..CONG","Itsdaodao":"CS2103-F12-2 WANG..HANG","MoshiMoshiMochi":"CS2103-F12-2 CHUA..AEUS"}}
