{"authorDailyContributionsMap":{"Kimberlee97":[],"zhequan00":[],"zhiyu05":[],"t-yunqi":[],"jyheng02":[]},"authorFileTypeContributionMap":{"Kimberlee97":{"docs":0,"functional-code":0,"test-code":0},"zhequan00":{"docs":0,"functional-code":0,"test-code":0},"zhiyu05":{"docs":0,"functional-code":0,"test-code":0},"t-yunqi":{"docs":0,"functional-code":0,"test-code":0},"jyheng02":{"docs":0,"functional-code":0,"test-code":0}},"authorContributionVariance":{"Kimberlee97":0.0,"zhequan00":0.0,"zhiyu05":0.0,"t-yunqi":0.0,"jyheng02":0.0},"authorDisplayNameMap":{"Kimberlee97":"CS2103T-F15a-4 KIMB.. RAE","zhequan00":"CS2103T-F15a-4 KOM ..QUAN","zhiyu05":"CS2103T-F15a-4 KOH ..HIYU","t-yunqi":"CS2103T-F15a-4 TAN ..N QI","jyheng02":"CS2103T-F15a-4 HENG..YUAN"}}
