{"authorDailyContributionsMap":{"junyan-k":[],"jayyyyy25":[],"kevintanjc":[],"Print2PDF":[],"yong0112":[]},"authorFileTypeContributionMap":{"junyan-k":{"docs":0,"functional-code":0,"test-code":0},"jayyyyy25":{"docs":0,"functional-code":0,"test-code":0},"kevintanjc":{"docs":0,"functional-code":0,"test-code":0},"Print2PDF":{"docs":0,"functional-code":0,"test-code":0},"yong0112":{"docs":0,"functional-code":0,"test-code":0}},"authorContributionVariance":{"junyan-k":0.0,"jayyyyy25":0.0,"kevintanjc":0.0,"Print2PDF":0.0,"yong0112":0.0},"authorDisplayNameMap":{"junyan-k":"CS2103T-F15b-1 KOK .. YAN","jayyyyy25":"CS2103T-F15b-1 TAN .. JAY","kevintanjc":"CS2103T-F15b-1 TAN ..EVIN","Print2PDF":"CS2103T-F15b-1 ENG .. WEN","yong0112":"CS2103T-F15b-1 LIM ..YONG"}}
