{"authorDailyContributionsMap":{"isaacyclai":[],"BoredFurry":[],"Puntart":[]},"authorFileTypeContributionMap":{"isaacyclai":{"docs":0,"functional-code":0,"test-code":0},"BoredFurry":{"docs":0,"functional-code":0,"test-code":0},"Puntart":{"docs":0,"functional-code":0,"test-code":0}},"authorContributionVariance":{"isaacyclai":0.0,"BoredFurry":0.0,"Puntart":0.0},"authorDisplayNameMap":{"isaacyclai":"CS2103-F09-1 ISAA..HUNG","BoredFurry":"CS2103-F09-1 LIM .. IAN","Puntart":"CS2103-F09-1 MUHA..AIRI"}}
