{"authorDailyContributionsMap":{"louist3ng":[],"maybeweijun":[],"Chanism0808":[],"christopherchong":[],"ChewyMochi":[]},"authorFileTypeContributionMap":{"louist3ng":{"docs":0,"functional-code":0,"test-code":0},"maybeweijun":{"docs":0,"functional-code":0,"test-code":0},"Chanism0808":{"docs":0,"functional-code":0,"test-code":0},"christopherchong":{"docs":0,"functional-code":0,"test-code":0},"ChewyMochi":{"docs":0,"functional-code":0,"test-code":0}},"authorContributionVariance":{"louist3ng":0.0,"maybeweijun":0.0,"Chanism0808":0.0,"christopherchong":0.0,"ChewyMochi":0.0},"authorDisplayNameMap":{"louist3ng":"CS2103T-T14-3 TENG..OUIS","maybeweijun":"CS2103T-T14-3 TAN .. JUN","Chanism0808":"CS2103T-T14-3 JUST..SIEN","christopherchong":"CS2103T-T14-3 CHON..PHER","ChewyMochi":"CS2103T-T14-3 CHEN..NYAO"}}
