{"authorDailyContributionsMap":{"louist3ng":[],"maybeweijun":[],"Chanism0808":[],"christopherchong":[{"date":"2025-10-31T00:00:00","commitResults":[{"hash":"65a3eef4b7ebb66c69296df0bed24f25ea3ecaf8","isMergeCommit":true,"messageTitle":"Merge branch \u0027master\u0027 of https://github.com/AY2526S1-CS2103T-T14-3/tp","messageBody":"","fileTypesAndContributionMap":{}},{"hash":"e28345edd017f7a4407379f96f994139c4774047","isMergeCommit":false,"messageTitle":"Update user guide to improve on feedback given","messageBody":"","fileTypesAndContributionMap":{"docs":{"insertions":62,"deletions":12}}}]},{"date":"2025-11-01T00:00:00","commitResults":[{"hash":"08163d1bc272a5c10cabd4bbf73684208c2b3f35","isMergeCommit":false,"messageTitle":"Update user guide","messageBody":"","fileTypesAndContributionMap":{"docs":{"insertions":31,"deletions":20}}},{"hash":"7205db1fb6a3952976c8b79c787eaa95090e0e2f","isMergeCommit":false,"messageTitle":"Update user guide","messageBody":"","fileTypesAndContributionMap":{"docs":{"insertions":2,"deletions":1}}},{"hash":"992c6fe45229b7737fa6a4d1b631b011f55839d0","isMergeCommit":true,"messageTitle":"Merge pull request #340 from christopherchong/update-user-guide/feedback","messageBody":"Update user guide","fileTypesAndContributionMap":{}}]}],"ChewyMochi":[]},"authorFileTypeContributionMap":{"louist3ng":{"docs":0,"functional-code":0,"test-code":0},"maybeweijun":{"docs":0,"functional-code":0,"test-code":0},"Chanism0808":{"docs":0,"functional-code":0,"test-code":0},"christopherchong":{"docs":80,"functional-code":0,"test-code":0},"ChewyMochi":{"docs":0,"functional-code":0,"test-code":0}},"authorContributionVariance":{"louist3ng":0.0,"maybeweijun":0.0,"Chanism0808":0.0,"christopherchong":16384.0,"ChewyMochi":0.0},"authorDisplayNameMap":{"louist3ng":"CS2103T-T14-3 TENG..OUIS","maybeweijun":"CS2103T-T14-3 TAN .. JUN","Chanism0808":"CS2103T-T14-3 JUST..SIEN","christopherchong":"CS2103T-T14-3 CHON..PHER","ChewyMochi":"CS2103T-T14-3 CHEN..NYAO"}}
