{"authorDailyContributionsMap":{"yyssophie":[],"Haxatron":[],"DavidShenJingtao":[],"BJoozz":[],"chcischc":[]},"authorFileTypeContributionMap":{"yyssophie":{"docs":0,"functional-code":0,"test-code":0},"Haxatron":{"docs":0,"functional-code":0,"test-code":0},"DavidShenJingtao":{"docs":0,"functional-code":0,"test-code":0},"BJoozz":{"docs":0,"functional-code":0,"test-code":0},"chcischc":{"docs":0,"functional-code":0,"test-code":0}},"authorContributionVariance":{"yyssophie":0.0,"Haxatron":0.0,"DavidShenJingtao":0.0,"BJoozz":0.0,"chcischc":0.0},"authorDisplayNameMap":{"yyssophie":"CS2103T-F15a-1 YUAN..YUSI","Haxatron":"CS2103T-F15a-1 AXEL.. JUN","DavidShenJingtao":"CS2103T-F15a-1 SHEN..GTAO","BJoozz":"CS2103T-F15a-1 TRUO.. BAO","chcischc":"CS2103T-F15a-1 ZHAN..IANG"}}
