{"authorDailyContributionsMap":{"BrandonnLow":[],"JG-Kiran":[],"RandomNerd01":[],"tokitobashi1":[]},"authorFileTypeContributionMap":{"BrandonnLow":{"docs":0,"functional-code":0,"test-code":0},"JG-Kiran":{"docs":0,"functional-code":0,"test-code":0},"RandomNerd01":{"docs":0,"functional-code":0,"test-code":0},"tokitobashi1":{"docs":0,"functional-code":0,"test-code":0}},"authorContributionVariance":{"BrandonnLow":0.0,"JG-Kiran":0.0,"RandomNerd01":0.0,"tokitobashi1":0.0},"authorDisplayNameMap":{"BrandonnLow":"CS2103T-W09-4 LOW ..NDON","JG-Kiran":"CS2103T-W09-4 JAIS..IRAN","RandomNerd01":"CS2103T-W09-4 LIM .. RON","tokitobashi1":"CS2103T-W09-4 LIM .. HAO"}}
