{"authorDailyContributionsMap":{"BrandonnLow":[{"date":"2025-11-01T00:00:00","commitResults":[{"hash":"aa15f2a26b85be061547632e20468c90d249ba6d","isMergeCommit":false,"messageTitle":"Update fixes from PE-D","messageBody":"","fileTypesAndContributionMap":{"functional-code":{"insertions":3,"deletions":4},"docs":{"insertions":18,"deletions":12}}},{"hash":"0c85a97f6a605cd4fc348e9a08707d42d6276de9","isMergeCommit":true,"messageTitle":"Merge branch \u0027master\u0027 into fix-PE-D","messageBody":"","fileTypesAndContributionMap":{}},{"hash":"b663fdf2817287931d01a39c0dfd98c105dd8dd7","isMergeCommit":false,"messageTitle":"Update note command","messageBody":"","fileTypesAndContributionMap":{"functional-code":{"insertions":2,"deletions":1}}},{"hash":"5f2a29b78be3a6a07c7e87c099511635ebb4cfb7","isMergeCommit":true,"messageTitle":"Merge branch \u0027master\u0027 into fix-PE-D","messageBody":"","fileTypesAndContributionMap":{}},{"hash":"e7c3609dcc4dc18c791073b8cae27d7460ebaf3c","isMergeCommit":false,"messageTitle":"update ug faq\u0027","messageBody":"","fileTypesAndContributionMap":{"docs":{"insertions":3,"deletions":3}}},{"hash":"b991ac8816fab6cd76f362dffe30ddfd4b91e312","isMergeCommit":false,"messageTitle":"update","messageBody":"","fileTypesAndContributionMap":{"functional-code":{"insertions":0,"deletions":1},"docs":{"insertions":1,"deletions":2}}},{"hash":"806ea88a90c609c2ca5faed3a50b172230447375","isMergeCommit":false,"messageTitle":"update profile picture","messageBody":"","fileTypesAndContributionMap":{"docs":{"insertions":0,"deletions":1}}},{"hash":"02ca404150e4e6fa448c9f97efe4a8993c6b92af","isMergeCommit":true,"messageTitle":"Merge branch \u0027master\u0027 into fix-PE-D","messageBody":"","fileTypesAndContributionMap":{}},{"hash":"a3a9df1213e9d1e3c84dd5d996912e8f51fb37ce","isMergeCommit":true,"messageTitle":"Merge pull request #217 from BrandonnLow/fix-PE-D","messageBody":"Update fixes from PE-D","fileTypesAndContributionMap":{}},{"hash":"d1231261d0cf1be3e5edad91a6aa00d649088a23","isMergeCommit":false,"messageTitle":"Update bulk delete warning","messageBody":"","fileTypesAndContributionMap":{"docs":{"insertions":1,"deletions":1}}},{"hash":"1153dd57786bde036af3e730b42416b4dc74660c","isMergeCommit":false,"messageTitle":"Update message constraints for  tag names","messageBody":"","fileTypesAndContributionMap":{"functional-code":{"insertions":1,"deletions":1}}},{"hash":"4b3ae1b3c5f709353247bf2d799ea90189f4bd25","isMergeCommit":true,"messageTitle":"Merge pull request #230 from BrandonnLow/ug-update","messageBody":"Ug update","fileTypesAndContributionMap":{}}]}],"JG-Kiran":[{"date":"2025-11-01T00:00:00","commitResults":[{"hash":"553fe4ea98afb6cd352e5007d6b97a98bb407e80","isMergeCommit":false,"messageTitle":"Enhance user guide with new sorting options","messageBody":"Added additional sorting options for user reference.","fileTypesAndContributionMap":{"docs":{"insertions":4,"deletions":1}}},{"hash":"6ad704c220a6a523c841c113aad70130c64aa281","isMergeCommit":true,"messageTitle":"Merge pull request #215 from JG-Kiran/ped-sort","messageBody":"Enhance user guide with new sorting options","fileTypesAndContributionMap":{}}]}],"RandomNerd01":[{"date":"2025-11-01T00:00:00","commitResults":[{"hash":"cf21fd0f58435896e59f66ac640388315ee67e1e","isMergeCommit":false,"messageTitle":"Fix list accept multiple tags","messageBody":"","fileTypesAndContributionMap":{"functional-code":{"insertions":1,"deletions":1}}},{"hash":"5ae61b8a2a3b625c18ff7f3a4ba991d9b2fd0267","isMergeCommit":false,"messageTitle":"Update UserGuide.md","messageBody":"","fileTypesAndContributionMap":{"docs":{"insertions":7,"deletions":0}}},{"hash":"462c6080db386e8a3442cda43438caacbbc14a51","isMergeCommit":false,"messageTitle":"Update PriorityCommandParser.java","messageBody":"","fileTypesAndContributionMap":{"functional-code":{"insertions":4,"deletions":3}}},{"hash":"6c7aa9fce7cb102674a0c5ccad7e6532733d741b","isMergeCommit":false,"messageTitle":"Update PriorityCommand.java","messageBody":"","fileTypesAndContributionMap":{"functional-code":{"insertions":4,"deletions":3}}},{"hash":"41ad18f630433b43cdcf12397372daf383a4c86d","isMergeCommit":false,"messageTitle":"Update UserGuide.md","messageBody":"","fileTypesAndContributionMap":{"docs":{"insertions":6,"deletions":4}}},{"hash":"3b0d0d29dd2733ba739ea17b51646fad2c6ddb27","isMergeCommit":false,"messageTitle":"Update DeveloperGuide.md","messageBody":"","fileTypesAndContributionMap":{"docs":{"insertions":15,"deletions":10}}},{"hash":"c90236083bde689ff7e609fbbf5c95c8cf29dc5e","isMergeCommit":false,"messageTitle":"Update EditCommand.java","messageBody":"","fileTypesAndContributionMap":{"functional-code":{"insertions":16,"deletions":2}}},{"hash":"e9c92939372b27dfe1aa9e4f60dd216eb5bd877b","isMergeCommit":false,"messageTitle":"Update EditCommandParser.java","messageBody":"","fileTypesAndContributionMap":{"functional-code":{"insertions":9,"deletions":1}}},{"hash":"864147e5a24b7baed3128095889745389d423ef1","isMergeCommit":false,"messageTitle":"Update PriorityCommandParser.java","messageBody":"","fileTypesAndContributionMap":{"functional-code":{"insertions":1,"deletions":0}}},{"hash":"367c8923328ee42cdfa2325a3562af2f95a68033","isMergeCommit":false,"messageTitle":"Update PriorityCommand.java","messageBody":"","fileTypesAndContributionMap":{"functional-code":{"insertions":3,"deletions":3}}},{"hash":"54bc76602ed64b13bb5c27e3ebf08aed3deb5ed2","isMergeCommit":false,"messageTitle":"Update EditCommand.java CheckStyle","messageBody":"","fileTypesAndContributionMap":{"functional-code":{"insertions":3,"deletions":2}}},{"hash":"4fdfa749218762f81c8a012fe8902de66d40175a","isMergeCommit":false,"messageTitle":"Update EditCommandParser.java","messageBody":"","fileTypesAndContributionMap":{"functional-code":{"insertions":0,"deletions":1}}},{"hash":"358f83bd8815522064ad801f34c2763fe7a0a303","isMergeCommit":false,"messageTitle":"Update PriorityCommand CheckStyle","messageBody":"","fileTypesAndContributionMap":{"functional-code":{"insertions":2,"deletions":1}}},{"hash":"06b10aa144ac526005b927dbc215c11b03880f1b","isMergeCommit":false,"messageTitle":"Update PriorityCommandParser import order","messageBody":"","fileTypesAndContributionMap":{"functional-code":{"insertions":1,"deletions":0}}},{"hash":"27ea92e1b96dd9fb2139b445505641e537c76514","isMergeCommit":false,"messageTitle":"Update EditCommand.java","messageBody":"","fileTypesAndContributionMap":{"functional-code":{"insertions":1,"deletions":1}}},{"hash":"9caca0d4e49cefe346177794c02ce3ccfac6da3e","isMergeCommit":false,"messageTitle":"Update PriorityCommandParser.java","messageBody":"","fileTypesAndContributionMap":{"functional-code":{"insertions":4,"deletions":4}}},{"hash":"92cde78dc441099d464e398892a0daf962a87530","isMergeCommit":false,"messageTitle":"Update EditCommand.java","messageBody":"","fileTypesAndContributionMap":{"functional-code":{"insertions":3,"deletions":2}}},{"hash":"fe2301c348ae597de605f251b667db8c88bc20bc","isMergeCommit":false,"messageTitle":"Update PriorityCommandParser.java","messageBody":"","fileTypesAndContributionMap":{"functional-code":{"insertions":4,"deletions":4}}},{"hash":"793317c7d24baba00fa82c2b4f70e27d117692dd","isMergeCommit":true,"messageTitle":"Merge pull request #204 from RandomNerd01/fix-list","messageBody":"Fix list command to not accept multiple tags ","fileTypesAndContributionMap":{}},{"hash":"2ed4a1d4210e3846086bb58a67b3aaf6d3859ff3","isMergeCommit":true,"messageTitle":"Merge pull request #216 from RandomNerd01/update-edit","messageBody":"Update edit","fileTypesAndContributionMap":{}},{"hash":"cf0af282d4e35bdf519f47f858d119221453bd28","isMergeCommit":false,"messageTitle":"Update Priority.java","messageBody":"","fileTypesAndContributionMap":{"functional-code":{"insertions":1,"deletions":1}}},{"hash":"e92e3d04903cb7f13d1fe293d15b1aa9b4ff470b","isMergeCommit":true,"messageTitle":"Merge pull request #219 from RandomNerd01/update-priority","messageBody":"Update Priority Error Message","fileTypesAndContributionMap":{}},{"hash":"dd33c5832e74c3664833a6244a6712215ce38800","isMergeCommit":false,"messageTitle":"Update Phone.java","messageBody":"","fileTypesAndContributionMap":{"functional-code":{"insertions":3,"deletions":3}}},{"hash":"3f09809ecd6548cdbbfdbe52f4f970564f79900c","isMergeCommit":false,"messageTitle":"Update PhoneTest.java","messageBody":"","fileTypesAndContributionMap":{"test-code":{"insertions":2,"deletions":5}}},{"hash":"cab6bedcd15ffe4adf1dd31b868276c36528a3e1","isMergeCommit":false,"messageTitle":"Update PhoneTest.java","messageBody":"","fileTypesAndContributionMap":{"test-code":{"insertions":0,"deletions":1}}},{"hash":"af8ff1e56e81e7240ca104d0b8a24fe5f8f65bdd","isMergeCommit":true,"messageTitle":"Merge pull request #220 from RandomNerd01/update-phone","messageBody":"Update Phone to only have 3-15 digits and no +","fileTypesAndContributionMap":{}},{"hash":"5d67d81136708a5a2538a2f2452df51ede2db37c","isMergeCommit":false,"messageTitle":"Update UserGuide.md","messageBody":"","fileTypesAndContributionMap":{"docs":{"insertions":7,"deletions":4}}},{"hash":"ad48868ffd804b03e917d72946bf0f68e9a6de88","isMergeCommit":false,"messageTitle":"Update UserGuide.md","messageBody":"","fileTypesAndContributionMap":{"docs":{"insertions":6,"deletions":6}}},{"hash":"a23d60913f14eec5e3daf56386bb2e296613925a","isMergeCommit":true,"messageTitle":"Merge pull request #222 from RandomNerd01/update-UG","messageBody":"Update user guide","fileTypesAndContributionMap":{}},{"hash":"e9ff7fc6eded0435c78803843af41f2c33226d2e","isMergeCommit":false,"messageTitle":"Update UserGuide.md","messageBody":"","fileTypesAndContributionMap":{"docs":{"insertions":22,"deletions":2}}},{"hash":"dd4f9904fffa501f2675cd32aff58222968c93bf","isMergeCommit":true,"messageTitle":"Merge pull request #223 from RandomNerd01/update-UG","messageBody":"Update UserGuide ","fileTypesAndContributionMap":{}},{"hash":"ef78ffbc017695c1a7d78f077ff979dad8143298","isMergeCommit":false,"messageTitle":"Fix DeveloperGuide user stories and other issues","messageBody":"","fileTypesAndContributionMap":{"docs":{"insertions":217,"deletions":42}}},{"hash":"cbe68bfb74439a6405de7a0e447a0e0e1f81a955","isMergeCommit":true,"messageTitle":"Merge pull request #225 from RandomNerd01/update-DG","messageBody":"Fix DeveloperGuide user stories and other issues","fileTypesAndContributionMap":{}},{"hash":"2f3c00821869c704acba6a137e7c5008c6e61014","isMergeCommit":false,"messageTitle":"Update ModelClassDiagram.puml","messageBody":"","fileTypesAndContributionMap":{"docs":{"insertions":31,"deletions":27}}},{"hash":"28262b517c6e801852497c3a17d72445853d4e92","isMergeCommit":false,"messageTitle":"Update DeveloperGuide image","messageBody":"","fileTypesAndContributionMap":{"docs":{"insertions":2,"deletions":1}}},{"hash":"7bc188343e4fd25fa0b2f919e8424b1cfe294ca8","isMergeCommit":false,"messageTitle":"Update DeveloperGuide.md","messageBody":"","fileTypesAndContributionMap":{"docs":{"insertions":6,"deletions":1}}},{"hash":"fe323e9005e2239df40199e123d2d41a1a70dc74","isMergeCommit":false,"messageTitle":"Update LogicClassDiagram.puml","messageBody":"","fileTypesAndContributionMap":{"docs":{"insertions":20,"deletions":2}}},{"hash":"351ae4dfe6640481f1d50f7808ad6371b0f8a6c6","isMergeCommit":false,"messageTitle":"Update UiClassDiagram.puml","messageBody":"","fileTypesAndContributionMap":{"docs":{"insertions":8,"deletions":1}}},{"hash":"eb07a2c5e6bc0e735bd593c949676681e17abfc9","isMergeCommit":true,"messageTitle":"Merge pull request #228 from RandomNerd01/update-DG","messageBody":"Update ModelClassDiagram.puml","fileTypesAndContributionMap":{}}]}],"tokitobashi1":[{"date":"2025-11-01T00:00:00","commitResults":[{"hash":"c8ec00f669d261b401ccf238a03417888764492e","isMergeCommit":false,"messageTitle":"Revise edit command format in User Guide","messageBody":"Updated the edit command format to include ADDRESS and REMARKS fields.","fileTypesAndContributionMap":{"docs":{"insertions":1,"deletions":1}}},{"hash":"eac58567d8e681688a3d7019982fd7b342bc1a94","isMergeCommit":false,"messageTitle":"Update User Guide to remove tip box #163 Issue","messageBody":"Removed tip box and emphasized keyboard command usage for efficiency.","fileTypesAndContributionMap":{"docs":{"insertions":0,"deletions":3}}},{"hash":"fd4339002e94a201924214db3194513631ebc253","isMergeCommit":false,"messageTitle":"Clean up Developer Guide by removing HTML tags","messageBody":"Removed unnecessary HTML tags from Developer Guide.","fileTypesAndContributionMap":{"docs":{"insertions":0,"deletions":2}}},{"hash":"6f9160e08ad6cfcd47e702ba588ebffd15418664","isMergeCommit":false,"messageTitle":"Fix #165","messageBody":"Fix Markdown table for priority not formatted correctly in DG #165 Issue","fileTypesAndContributionMap":{"docs":{"insertions":1,"deletions":0}}},{"hash":"afa76b97afe8dff32ad24242c6ab2c37079bea72","isMergeCommit":false,"messageTitle":"Refine HelpCommand documentation in DeveloperGuide","messageBody":"Updated the HelpCommand section to clarify command format and behavior.","fileTypesAndContributionMap":{"docs":{"insertions":10,"deletions":34}}},{"hash":"a3b769a8d5a070a6e494a94343b72f25ba1a728a","isMergeCommit":true,"messageTitle":"Merge pull request #208 from tokitobashi1/fix-UG-editcommand","messageBody":"Revise edit command format in User Guide","fileTypesAndContributionMap":{}},{"hash":"3c4ad90d52b16307b46fae161182df3759238552","isMergeCommit":false,"messageTitle":"Update name validation constraints and regex","messageBody":"Make sure Name is 1-100 characters only.","fileTypesAndContributionMap":{"functional-code":{"insertions":4,"deletions":4}}},{"hash":"121a58e6dd875cb03a0578a63cfa574a4d7d8ecf","isMergeCommit":false,"messageTitle":"Fix formatting in isValidName method","messageBody":"","fileTypesAndContributionMap":{"functional-code":{"insertions":1,"deletions":1}}},{"hash":"1855163ec2bc48082e6ca695cc8eaae071aadb12","isMergeCommit":false,"messageTitle":"Simplify isValidName by removing null check","messageBody":"Remove null check from isValidName method.","fileTypesAndContributionMap":{"functional-code":{"insertions":1,"deletions":1}}},{"hash":"8a84304ade94472e5a6731d2275312392fbda437","isMergeCommit":false,"messageTitle":"AddCommand error message improvement","messageBody":"","fileTypesAndContributionMap":{"functional-code":{"insertions":2,"deletions":1}}},{"hash":"ee70bfca64485fdb34182794057dd4abcad8d179","isMergeCommit":true,"messageTitle":"Merge pull request #224 from tokitobashi1/Name-character-limit","messageBody":"Update name validation constraints and regex","fileTypesAndContributionMap":{}},{"hash":"255273840ebbaab4ae3a69e16801a40bcd450bdf","isMergeCommit":false,"messageTitle":"Revert \"Update name validation constraints and regex\"","messageBody":"","fileTypesAndContributionMap":{"functional-code":{"insertions":4,"deletions":5}}},{"hash":"e6d716ca0f6a52a86109a23171b45da8ecbda07d","isMergeCommit":true,"messageTitle":"Merge pull request #226 from AY2526S1-CS2103T-W09-4/revert-224-Name-character-limit","messageBody":"Revert \"Update name validation constraints and regex\"","fileTypesAndContributionMap":{}},{"hash":"3d69c40d183d75f1f7bbe93c761799be5bf25675","isMergeCommit":false,"messageTitle":"Add definition for Alphanumeric parameter","messageBody":"","fileTypesAndContributionMap":{"docs":{"insertions":1,"deletions":0}}},{"hash":"e8af40d4475f12f9e648379007f393a60a9ae769","isMergeCommit":true,"messageTitle":"Merge branch \u0027AY2526S1-CS2103T-W09-4:master\u0027 into enhanced-glossary-UG","messageBody":"","fileTypesAndContributionMap":{}},{"hash":"beda8c07b2c39386f9d7182c64be2a387e052e53","isMergeCommit":false,"messageTitle":"Refine validation rules in DeveloperGuide","messageBody":"Updated validation rules for Name and Phone fields.","fileTypesAndContributionMap":{"docs":{"insertions":3,"deletions":3}}},{"hash":"acb551046e78038bb6bbb305bb99f08eb8ec5b91","isMergeCommit":true,"messageTitle":"Merge pull request #227 from tokitobashi1/enhanced-glossary-UG","messageBody":"Add definition for Alphanumeric parameter","fileTypesAndContributionMap":{}},{"hash":"9f092d5ec25a614d2975e73ec5f631d50d2452e6","isMergeCommit":false,"messageTitle":"Enhance user guide for formatting issues","messageBody":"Updated the user guide to close #172","fileTypesAndContributionMap":{"docs":{"insertions":1,"deletions":0}}},{"hash":"dc1ff23336ddf701e26c65d8853eb2a1b347a08e","isMergeCommit":true,"messageTitle":"Merge pull request #229 from tokitobashi1/enhanced-ug-format","messageBody":"Enhance user guide for formatting issues","fileTypesAndContributionMap":{}}]}]},"authorFileTypeContributionMap":{"BrandonnLow":{"docs":17,"functional-code":2,"test-code":0},"JG-Kiran":{"docs":4,"functional-code":0,"test-code":0},"RandomNerd01":{"docs":310,"functional-code":43,"test-code":2},"tokitobashi1":{"docs":15,"functional-code":0,"test-code":0}},"authorContributionVariance":{"BrandonnLow":3025.0,"JG-Kiran":25.0,"RandomNerd01":299209.0,"tokitobashi1":7056.0},"authorDisplayNameMap":{"BrandonnLow":"CS2103T-W09-4 LOW ..NDON","JG-Kiran":"CS2103T-W09-4 JAIS..IRAN","RandomNerd01":"CS2103T-W09-4 LIM .. RON","tokitobashi1":"CS2103T-W09-4 LIM .. HAO"}}
