{"authorDailyContributionsMap":{"Zmzzz3":[{"date":"2025-11-01T00:00:00","commitResults":[{"hash":"9cc90deaf22eb8e94e6812bd509518da2d5ec848","isMergeCommit":false,"messageTitle":"Fix find command typos","messageBody":"","fileTypesAndContributionMap":{"functional-code":{"insertions":8,"deletions":8},"docs":{"insertions":1,"deletions":1}}},{"hash":"270c916927555ea4be529b42b928e33a8b27fc99","isMergeCommit":false,"messageTitle":"Modify get command copy format","messageBody":"","fileTypesAndContributionMap":{"functional-code":{"insertions":2,"deletions":2}}},{"hash":"8ca37f2a8e1f1da29da692db0e4c37a9eafc42f1","isMergeCommit":false,"messageTitle":"Change get command implementation","messageBody":"","fileTypesAndContributionMap":{"functional-code":{"insertions":67,"deletions":77},"test-code":{"insertions":80,"deletions":260}}},{"hash":"c110b6b54726cd38b4a89cf72de994f0e8bd2dd4","isMergeCommit":false,"messageTitle":"Fix style issues","messageBody":"","fileTypesAndContributionMap":{"functional-code":{"insertions":8,"deletions":10}}},{"hash":"9efa72085a0f033195dde34fa783b546b6919621","isMergeCommit":false,"messageTitle":"Remove unused imports","messageBody":"","fileTypesAndContributionMap":{"test-code":{"insertions":0,"deletions":40}}},{"hash":"5b96106bfb9669b99445ac5e5a88c5f71452b367","isMergeCommit":false,"messageTitle":"Remove unused imports","messageBody":"","fileTypesAndContributionMap":{"test-code":{"insertions":0,"deletions":1}}},{"hash":"936f71f84d196785ff697a9ff48931f87bd59bc4","isMergeCommit":false,"messageTitle":"Change Membership command parsing","messageBody":"","fileTypesAndContributionMap":{"functional-code":{"insertions":12,"deletions":0}}},{"hash":"4350b250045b2c419538480c24c5c6a5fcf9baee","isMergeCommit":false,"messageTitle":"Revert changes to ug","messageBody":"","fileTypesAndContributionMap":{"docs":{"insertions":1,"deletions":1}}},{"hash":"8d5906ed89ffd49b342cbaff29a13eec8fa3b9ac","isMergeCommit":false,"messageTitle":"Change testcases","messageBody":"","fileTypesAndContributionMap":{"functional-code":{"insertions":1,"deletions":1},"test-code":{"insertions":8,"deletions":7}}},{"hash":"fe710c5912660946e86604c5921c572dd38e2b0a","isMergeCommit":false,"messageTitle":"Fix command usage mistakes","messageBody":"","fileTypesAndContributionMap":{"functional-code":{"insertions":2,"deletions":2}}},{"hash":"5022baf5a4fa244c5886b97fbe55f601b16efb5f","isMergeCommit":true,"messageTitle":"Merge branch \u0027master\u0027 into change-membership-command","messageBody":"","fileTypesAndContributionMap":{}},{"hash":"d980abb4792ba9dad4c05b22d453418e272354f9","isMergeCommit":false,"messageTitle":"Fix style issues","messageBody":"","fileTypesAndContributionMap":{"functional-code":{"insertions":0,"deletions":2}}},{"hash":"ae566489268af920aad1b3f76dba1e547282d96e","isMergeCommit":true,"messageTitle":"Merge pull request #458 from Zmzzz3/change-membership-command","messageBody":"Fix membership command to reject invalid inputs","fileTypesAndContributionMap":{}}]}],"hai0506":[],"djgmh9":[],"krxm107":[{"date":"2025-11-01T00:00:00","commitResults":[{"hash":"866ddf570c97d70a5611a27f1fa85ef5b907951a","isMergeCommit":true,"messageTitle":"Merge pull request #456 from Zmzzz3/change-get","messageBody":"Modify get implementation","fileTypesAndContributionMap":{}}]}],"yjjr0":[]},"authorFileTypeContributionMap":{"Zmzzz3":{"docs":0,"functional-code":87,"test-code":86},"hai0506":{"docs":0,"functional-code":0,"test-code":0},"djgmh9":{"docs":0,"functional-code":0,"test-code":0},"krxm107":{"docs":0,"functional-code":0,"test-code":0},"yjjr0":{"docs":0,"functional-code":0,"test-code":0}},"authorContributionVariance":{"Zmzzz3":362404.0,"hai0506":0.0,"djgmh9":0.0,"krxm107":0.0,"yjjr0":0.0},"authorDisplayNameMap":{"Zmzzz3":"CS2103T-F15b-4 CHEN..MING","hai0506":"CS2103T-F15b-4 TRIN.. HAI","djgmh9":"CS2103T-F15b-4 NGUY..BACH","krxm107":"CS2103T-F15b-4 KAN ..THEW","yjjr0":"CS2103T-F15b-4 YEN ..HARD"}}
