{"authorDailyContributionsMap":{"Zmzzz3":[{"date":"2025-11-01T00:00:00","commitResults":[{"hash":"9cc90deaf22eb8e94e6812bd509518da2d5ec848","isMergeCommit":false,"messageTitle":"Fix find command typos","messageBody":"","fileTypesAndContributionMap":{"functional-code":{"insertions":8,"deletions":8},"docs":{"insertions":1,"deletions":1}}},{"hash":"270c916927555ea4be529b42b928e33a8b27fc99","isMergeCommit":false,"messageTitle":"Modify get command copy format","messageBody":"","fileTypesAndContributionMap":{"functional-code":{"insertions":2,"deletions":2}}},{"hash":"8ca37f2a8e1f1da29da692db0e4c37a9eafc42f1","isMergeCommit":false,"messageTitle":"Change get command implementation","messageBody":"","fileTypesAndContributionMap":{"functional-code":{"insertions":67,"deletions":77},"test-code":{"insertions":80,"deletions":260}}},{"hash":"c110b6b54726cd38b4a89cf72de994f0e8bd2dd4","isMergeCommit":false,"messageTitle":"Fix style issues","messageBody":"","fileTypesAndContributionMap":{"functional-code":{"insertions":8,"deletions":10}}},{"hash":"9efa72085a0f033195dde34fa783b546b6919621","isMergeCommit":false,"messageTitle":"Remove unused imports","messageBody":"","fileTypesAndContributionMap":{"test-code":{"insertions":0,"deletions":40}}},{"hash":"5b96106bfb9669b99445ac5e5a88c5f71452b367","isMergeCommit":false,"messageTitle":"Remove unused imports","messageBody":"","fileTypesAndContributionMap":{"test-code":{"insertions":0,"deletions":1}}},{"hash":"936f71f84d196785ff697a9ff48931f87bd59bc4","isMergeCommit":false,"messageTitle":"Change Membership command parsing","messageBody":"","fileTypesAndContributionMap":{"functional-code":{"insertions":12,"deletions":0}}},{"hash":"4350b250045b2c419538480c24c5c6a5fcf9baee","isMergeCommit":false,"messageTitle":"Revert changes to ug","messageBody":"","fileTypesAndContributionMap":{"docs":{"insertions":1,"deletions":1}}},{"hash":"8d5906ed89ffd49b342cbaff29a13eec8fa3b9ac","isMergeCommit":false,"messageTitle":"Change testcases","messageBody":"","fileTypesAndContributionMap":{"functional-code":{"insertions":1,"deletions":1},"test-code":{"insertions":8,"deletions":7}}},{"hash":"fe710c5912660946e86604c5921c572dd38e2b0a","isMergeCommit":false,"messageTitle":"Fix command usage mistakes","messageBody":"","fileTypesAndContributionMap":{"functional-code":{"insertions":2,"deletions":2}}},{"hash":"5022baf5a4fa244c5886b97fbe55f601b16efb5f","isMergeCommit":true,"messageTitle":"Merge branch \u0027master\u0027 into change-membership-command","messageBody":"","fileTypesAndContributionMap":{}},{"hash":"d980abb4792ba9dad4c05b22d453418e272354f9","isMergeCommit":false,"messageTitle":"Fix style issues","messageBody":"","fileTypesAndContributionMap":{"functional-code":{"insertions":0,"deletions":2}}},{"hash":"ae566489268af920aad1b3f76dba1e547282d96e","isMergeCommit":true,"messageTitle":"Merge pull request #458 from Zmzzz3/change-membership-command","messageBody":"Fix membership command to reject invalid inputs","fileTypesAndContributionMap":{}},{"hash":"46d0e94e545a0d054770b6279b116de2bde61c21","isMergeCommit":false,"messageTitle":"Edit details","messageBody":"","fileTypesAndContributionMap":{"functional-code":{"insertions":4,"deletions":1}}},{"hash":"35fdeb15c432c845ebe69842bd2d36ff48587e75","isMergeCommit":false,"messageTitle":"Change clarifications","messageBody":"","fileTypesAndContributionMap":{"functional-code":{"insertions":2,"deletions":2}}},{"hash":"00f0fccc4712083469618f91d16af47c134c9331","isMergeCommit":false,"messageTitle":"Make get only return non canceled members","messageBody":"","fileTypesAndContributionMap":{"functional-code":{"insertions":5,"deletions":2}}},{"hash":"d574a53d4c2f58143e197f8cb9894ea618f7611e","isMergeCommit":true,"messageTitle":"Merge pull request #459 from krxm107/fix-454","messageBody":"Change error message for name","fileTypesAndContributionMap":{}}]}],"hai0506":[{"date":"2025-11-01T00:00:00","commitResults":[{"hash":"67e8b91379b198dba6119a63ea12665b70550fb1","isMergeCommit":false,"messageTitle":"Fix bug with CommandList","messageBody":"","fileTypesAndContributionMap":{"functional-code":{"insertions":13,"deletions":7}}}]}],"djgmh9":[{"date":"2025-11-01T00:00:00","commitResults":[{"hash":"08296e5a78b30b368f859fe4cc55a44dd7eba413","isMergeCommit":true,"messageTitle":"Merge pull request #462 from krxm107/fix-issue-451","messageBody":"Allow phone number to have plus sign","fileTypesAndContributionMap":{}},{"hash":"f2440ee91aefeaddb0b68062e3f60d9d828a6d7a","isMergeCommit":true,"messageTitle":"Merge pull request #461 from krxm107/fix-tags-bugs","messageBody":"Fix some tag bugs","fileTypesAndContributionMap":{}}]}],"krxm107":[{"date":"2025-11-01T00:00:00","commitResults":[{"hash":"866ddf570c97d70a5611a27f1fa85ef5b907951a","isMergeCommit":true,"messageTitle":"Merge pull request #456 from Zmzzz3/change-get","messageBody":"Modify get implementation","fileTypesAndContributionMap":{}},{"hash":"3384d57f0a4532a811226b8d15cbab9365f868b0","isMergeCommit":false,"messageTitle":"Fix Issue #454","messageBody":"","fileTypesAndContributionMap":{"functional-code":{"insertions":4,"deletions":2}}},{"hash":"1a74364aed82ab0618f89e8c42f38f6a45bcaa21","isMergeCommit":true,"messageTitle":"Merge pull request #460 from Zmzzz3/fix-inconsistencies","messageBody":"Fix small inconsistencies","fileTypesAndContributionMap":{}},{"hash":"e6898dcb105032d3e820ef072fe87304fc92afa5","isMergeCommit":false,"messageTitle":"Increase the maximum number of tags to 10 up from the previous 5","messageBody":"","fileTypesAndContributionMap":{"functional-code":{"insertions":4,"deletions":4}}},{"hash":"6ffc4afbd73813cc6ead891dffc9e435bce7fb6c","isMergeCommit":false,"messageTitle":"Update Model class diagram to show max no. of tags is 10","messageBody":"","fileTypesAndContributionMap":{"docs":{"insertions":2,"deletions":2}}},{"hash":"a1b692e9167f8b5c894b6c978bef5c6973e89782","isMergeCommit":false,"messageTitle":"Make phone numbers allow plus signs (+)","messageBody":"","fileTypesAndContributionMap":{"functional-code":{"insertions":2,"deletions":2}}},{"hash":"9b197e56ca3f76115d6132ac4d6ea4402419b297","isMergeCommit":false,"messageTitle":"Pass all ParserUtilTest.java tests","messageBody":"","fileTypesAndContributionMap":{"test-code":{"insertions":4,"deletions":3}}},{"hash":"f02bd4826ea3d2b2d30f99ac6cc6c57a37c72eaa","isMergeCommit":false,"messageTitle":"Pass all TypicalClubs.java tests","messageBody":"","fileTypesAndContributionMap":{"test-code":{"insertions":2,"deletions":2}}},{"hash":"d7423f693d3f27711ca5fed3a8d70885708fd48c","isMergeCommit":false,"messageTitle":"Pass all JsonAdaptedPersonTest.java tests","messageBody":"","fileTypesAndContributionMap":{"test-code":{"insertions":1,"deletions":1}}},{"hash":"7a505d84ed20cabd4f2b42c4a06fd97227b25a2f","isMergeCommit":false,"messageTitle":"Pass some style checks","messageBody":"","fileTypesAndContributionMap":{"functional-code":{"insertions":3,"deletions":3}}},{"hash":"9b0b4b311dba74f3e0d7e907192f21469c6a0685","isMergeCommit":false,"messageTitle":"Allow phone to have plus sign and pass all tests","messageBody":"","fileTypesAndContributionMap":{"test-code":{"insertions":0,"deletions":19}}},{"hash":"d06cf3cdecdbbfcd9482f4831ca349e5f1724653","isMergeCommit":true,"messageTitle":"Merge pull request #463 from AY2526S1-CS2103T-F15b-4/docs","messageBody":"Update UG 5 \u0026 DG 3","fileTypesAndContributionMap":{}},{"hash":"df41ef313a8de797f61a652defbad0b3ca411199","isMergeCommit":true,"messageTitle":"Merge pull request #465 from hai0506/bug-fix","messageBody":"Fix bug with CommandList","fileTypesAndContributionMap":{}}]}],"yjjr0":[]},"authorFileTypeContributionMap":{"Zmzzz3":{"docs":0,"functional-code":93,"test-code":86},"hai0506":{"docs":0,"functional-code":13,"test-code":0},"djgmh9":{"docs":0,"functional-code":0,"test-code":0},"krxm107":{"docs":2,"functional-code":13,"test-code":7},"yjjr0":{"docs":0,"functional-code":0,"test-code":0}},"authorContributionVariance":{"Zmzzz3":381924.0,"hai0506":400.0,"djgmh9":0.0,"krxm107":3600.0,"yjjr0":0.0},"authorDisplayNameMap":{"Zmzzz3":"CS2103T-F15b-4 CHEN..MING","hai0506":"CS2103T-F15b-4 TRIN.. HAI","djgmh9":"CS2103T-F15b-4 NGUY..BACH","krxm107":"CS2103T-F15b-4 KAN ..THEW","yjjr0":"CS2103T-F15b-4 YEN ..HARD"}}
