{"authorDailyContributionsMap":{"Zmzzz3":[],"hai0506":[],"djgmh9":[],"krxm107":[],"yjjr0":[]},"authorFileTypeContributionMap":{"Zmzzz3":{"docs":0,"functional-code":0,"test-code":0},"hai0506":{"docs":0,"functional-code":0,"test-code":0},"djgmh9":{"docs":0,"functional-code":0,"test-code":0},"krxm107":{"docs":0,"functional-code":0,"test-code":0},"yjjr0":{"docs":0,"functional-code":0,"test-code":0}},"authorContributionVariance":{"Zmzzz3":0.0,"hai0506":0.0,"djgmh9":0.0,"krxm107":0.0,"yjjr0":0.0},"authorDisplayNameMap":{"Zmzzz3":"CS2103T-F15b-4 CHEN..MING","hai0506":"CS2103T-F15b-4 TRIN.. HAI","djgmh9":"CS2103T-F15b-4 NGUY..BACH","krxm107":"CS2103T-F15b-4 KAN ..THEW","yjjr0":"CS2103T-F15b-4 YEN ..HARD"}}
