{"authorDailyContributionsMap":{"adrieltch":[],"WeeMee03":[],"Haffner32":[],"garennotjeron":[],"b33pbop":[]},"authorFileTypeContributionMap":{"adrieltch":{"docs":0,"functional-code":0,"test-code":0},"WeeMee03":{"docs":0,"functional-code":0,"test-code":0},"Haffner32":{"docs":0,"functional-code":0,"test-code":0},"garennotjeron":{"docs":0,"functional-code":0,"test-code":0},"b33pbop":{"docs":0,"functional-code":0,"test-code":0}},"authorContributionVariance":{"adrieltch":0.0,"WeeMee03":0.0,"Haffner32":0.0,"garennotjeron":0.0,"b33pbop":0.0},"authorDisplayNameMap":{"adrieltch":"CS2103T-W12-2 TOH ..RIEL","WeeMee03":"CS2103T-W12-2 KANE..KANG","Haffner32":"CS2103T-W12-2 CHAN..ADEN","garennotjeron":"CS2103T-W12-2 GERR..FONG","b33pbop":"CS2103T-W12-2 DONG..LING"}}
