{"authorDailyContributionsMap":{"meowzz28":[{"date":"2025-11-01T00:00:00","commitResults":[{"hash":"f7ab75bb4e6173fbdfc50f06120856556d695718","isMergeCommit":false,"messageTitle":"Fix issue in UG","messageBody":"","fileTypesAndContributionMap":{"docs":{"insertions":2,"deletions":1}}},{"hash":"920e9e6686b7dc8165fb0441bea812839a6245c5","isMergeCommit":false,"messageTitle":"Update DG","messageBody":"","fileTypesAndContributionMap":{"docs":{"insertions":1,"deletions":1}}},{"hash":"d56262f1c04e9bba9bf6863b37da5f0f900a5f15","isMergeCommit":true,"messageTitle":"Merge pull request #378 from yijiechong13/fix-PE-D-bugs","messageBody":"PE-D bugs for Attendance Management","fileTypesAndContributionMap":{}},{"hash":"77e90dc6e88e69d40db7fae82cdb1fe9357ef70f","isMergeCommit":true,"messageTitle":"Merge pull request #379 from eesyuen09/branch-pe-d-bug","messageBody":"Fix fee status bug","fileTypesAndContributionMap":{}}]}],"YSTey0808":[],"deniseegohh":[],"yijiechong13":[{"date":"2025-11-01T00:00:00","commitResults":[{"hash":"d6bc84aaf4c29bc157f6e7c0aa02483b85bd77f0","isMergeCommit":false,"messageTitle":"Fix invalid error message","messageBody":"","fileTypesAndContributionMap":{"functional-code":{"insertions":1,"deletions":1}}},{"hash":"e4d25441481b46db2d4811f1fe4f426fb31440f2","isMergeCommit":true,"messageTitle":"Merge pull request #380 from meowzz28/branch-v1.6-docs","messageBody":"Update docs following suggestions from PE-D","fileTypesAndContributionMap":{}},{"hash":"da1b9432d6d379f7d28ab1b6737bd1def4258281","isMergeCommit":false,"messageTitle":"Fix attendance marking to allow edit for past records even if student is no longer in the class","messageBody":"","fileTypesAndContributionMap":{"functional-code":{"insertions":15,"deletions":6}}},{"hash":"fd3a5b07cc011c2883eeb11add5bea06af1ac127","isMergeCommit":false,"messageTitle":"Fix model manager to fit new attendance editing change","messageBody":"","fileTypesAndContributionMap":{"functional-code":{"insertions":6,"deletions":6}}}]}],"eesyuen09":[{"date":"2025-11-01T00:00:00","commitResults":[{"hash":"8be21fdb97fda357852a1b58f933db4f88c5f56c","isMergeCommit":false,"messageTitle":"Fix fee status bug","messageBody":"","fileTypesAndContributionMap":{"functional-code":{"insertions":11,"deletions":2}}},{"hash":"67a7ced7df54781b0779f10c1381596b6c1259b4","isMergeCommit":false,"messageTitle":"Fix help url","messageBody":"","fileTypesAndContributionMap":{"functional-code":{"insertions":1,"deletions":1}}},{"hash":"b9f041a17a176266f4322d71489ee2af220a8037","isMergeCommit":false,"messageTitle":"Fix extra prefix issue","messageBody":"","fileTypesAndContributionMap":{"functional-code":{"insertions":71,"deletions":1}}},{"hash":"af52557f021e6667474203d46b602d5b63389fd5","isMergeCommit":false,"messageTitle":"Revert \"Fix extra prefix issue\"","messageBody":"This reverts commit b9f041a17a176266f4322d71489ee2af220a8037.\n","fileTypesAndContributionMap":{"functional-code":{"insertions":1,"deletions":71}}},{"hash":"dd3151b0da169bb16baf224dbc1a269a621ee155","isMergeCommit":false,"messageTitle":"Update UG","messageBody":"","fileTypesAndContributionMap":{"docs":{"insertions":53,"deletions":50}}}]}]},"authorFileTypeContributionMap":{"meowzz28":{"docs":3,"functional-code":0,"test-code":0},"YSTey0808":{"docs":0,"functional-code":0,"test-code":0},"deniseegohh":{"docs":0,"functional-code":0,"test-code":0},"yijiechong13":{"docs":0,"functional-code":22,"test-code":0},"eesyuen09":{"docs":9,"functional-code":12,"test-code":0}},"authorContributionVariance":{"meowzz28":25.0,"YSTey0808":0.0,"deniseegohh":0.0,"yijiechong13":1225.0,"eesyuen09":68644.0},"authorDisplayNameMap":{"meowzz28":"CS2103T-F10-3 ROGE..O ZU","YSTey0808":"CS2103T-F10-3 TEY ..IANG","deniseegohh":"CS2103T-F10-3 DENI.. GOH","yijiechong13":"CS2103T-F10-3 CHON.. JIE","eesyuen09":"CS2103T-F10-3 TAN ..YUEN"}}
