{"authorDailyContributionsMap":{"meowzz28":[],"YSTey0808":[],"deniseegohh":[],"yijiechong13":[],"eesyuen09":[]},"authorFileTypeContributionMap":{"meowzz28":{"docs":0,"functional-code":0,"test-code":0},"YSTey0808":{"docs":0,"functional-code":0,"test-code":0},"deniseegohh":{"docs":0,"functional-code":0,"test-code":0},"yijiechong13":{"docs":0,"functional-code":0,"test-code":0},"eesyuen09":{"docs":0,"functional-code":0,"test-code":0}},"authorContributionVariance":{"meowzz28":0.0,"YSTey0808":0.0,"deniseegohh":0.0,"yijiechong13":0.0,"eesyuen09":0.0},"authorDisplayNameMap":{"meowzz28":"CS2103T-F10-3 ROGE..O ZU","YSTey0808":"CS2103T-F10-3 TEY ..IANG","deniseegohh":"CS2103T-F10-3 DENI.. GOH","yijiechong13":"CS2103T-F10-3 CHON.. JIE","eesyuen09":"CS2103T-F10-3 TAN ..YUEN"}}
