{"authorDailyContributionsMap":{"pokedot":[{"date":"2025-11-01T00:00:00","commitResults":[{"hash":"4ccd2938c049b5e6a62324b36ed8573719145abb","isMergeCommit":false,"messageTitle":"Update help url","messageBody":"","fileTypesAndContributionMap":{"functional-code":{"insertions":1,"deletions":1}}},{"hash":"90068a1c54eec55dc53581f3f995b61e7982ac03","isMergeCommit":true,"messageTitle":"Merge pull request #199 from pokedot/update-ui","messageBody":"Update help url","fileTypesAndContributionMap":{}}]}],"kin-chong":[],"plingplingshiny":[],"mjykxz17":[]},"authorFileTypeContributionMap":{"pokedot":{"docs":0,"functional-code":1,"test-code":0},"kin-chong":{"docs":0,"functional-code":0,"test-code":0},"plingplingshiny":{"docs":0,"functional-code":0,"test-code":0},"mjykxz17":{"docs":0,"functional-code":0,"test-code":0}},"authorContributionVariance":{"pokedot":4.0,"kin-chong":0.0,"plingplingshiny":0.0,"mjykxz17":0.0},"authorDisplayNameMap":{"pokedot":"CS2103-F10-2 NG M.. JIE","kin-chong":"CS2103-F10-2 CASE..CONG","plingplingshiny":"CS2103-F10-2 HO P..LING","mjykxz17":"CS2103-F10-2 MA J..IAYI"}}
