{"authorDailyContributionsMap":{"romidas99":[],"BiggillyBoyMan":[],"bmathnguyen":[],"caiwang0":[],"Bosh1707":[]},"authorFileTypeContributionMap":{"romidas99":{"docs":0,"functional-code":0,"test-code":0},"BiggillyBoyMan":{"docs":0,"functional-code":0,"test-code":0},"bmathnguyen":{"docs":0,"functional-code":0,"test-code":0},"caiwang0":{"docs":0,"functional-code":0,"test-code":0},"Bosh1707":{"docs":0,"functional-code":0,"test-code":0}},"authorContributionVariance":{"romidas99":0.0,"BiggillyBoyMan":0.0,"bmathnguyen":0.0,"caiwang0":0.0,"Bosh1707":0.0},"authorDisplayNameMap":{"romidas99":"CS2103T-T10-1 THEN..SIEN","BiggillyBoyMan":"CS2103T-T10-1 LOW ..UCAS","bmathnguyen":"CS2103T-T10-1 NGUY..BACH","caiwang0":"CS2103T-T10-1 KELV..WANG","Bosh1707":"CS2103T-T10-1 JOSH..ARAN"}}
