{"authorDailyContributionsMap":{"romidas99":[{"date":"2025-11-01T00:00:00","commitResults":[{"hash":"318c88c186bc86cc2b6f06d73e8f565a4ce9d28a","isMergeCommit":false,"messageTitle":"Change ID to index number","messageBody":"","fileTypesAndContributionMap":{"docs":{"insertions":40,"deletions":40}}},{"hash":"bbc4b7f4dca5bdad9263672bd059531b54f6826d","isMergeCommit":true,"messageTitle":"Merge branch \u0027master\u0027 of github.com:AY2526S1-CS2103T-T10-1/tp into bug-fix","messageBody":"","fileTypesAndContributionMap":{}},{"hash":"0bf4dffaf2325cc5d9b80666ea0b7bdc4b4c9205","isMergeCommit":true,"messageTitle":"Merge pull request #231 from romidas99/bug-fix","messageBody":"Bug fix","fileTypesAndContributionMap":{}}]}],"BiggillyBoyMan":[],"bmathnguyen":[],"caiwang0":[],"Bosh1707":[]},"authorFileTypeContributionMap":{"romidas99":{"docs":3,"functional-code":0,"test-code":0},"BiggillyBoyMan":{"docs":0,"functional-code":0,"test-code":0},"bmathnguyen":{"docs":0,"functional-code":0,"test-code":0},"caiwang0":{"docs":0,"functional-code":0,"test-code":0},"Bosh1707":{"docs":0,"functional-code":0,"test-code":0}},"authorContributionVariance":{"romidas99":6400.0,"BiggillyBoyMan":0.0,"bmathnguyen":0.0,"caiwang0":0.0,"Bosh1707":0.0},"authorDisplayNameMap":{"romidas99":"CS2103T-T10-1 THEN..SIEN","BiggillyBoyMan":"CS2103T-T10-1 LOW ..UCAS","bmathnguyen":"CS2103T-T10-1 NGUY..BACH","caiwang0":"CS2103T-T10-1 KELV..WANG","Bosh1707":"CS2103T-T10-1 JOSH..ARAN"}}
