{"authorDailyContributionsMap":{"yzr456":[],"TeeJinSeng":[],"ZavierCSJ":[],"mackerelsoup":[],"kbyeo":[]},"authorFileTypeContributionMap":{"yzr456":{"docs":0,"functional-code":0,"test-code":0},"TeeJinSeng":{"docs":0,"functional-code":0,"test-code":0},"ZavierCSJ":{"docs":0,"functional-code":0,"test-code":0},"mackerelsoup":{"docs":0,"functional-code":0,"test-code":0},"kbyeo":{"docs":0,"functional-code":0,"test-code":0}},"authorContributionVariance":{"yzr456":0.0,"TeeJinSeng":0.0,"ZavierCSJ":0.0,"mackerelsoup":0.0,"kbyeo":0.0},"authorDisplayNameMap":{"yzr456":"CS2103-F12-4 YEON..IRUI","TeeJinSeng":"CS2103-F12-4 TEE ..SENG","ZavierCSJ":"CS2103-F12-4 CHEW..VIER","mackerelsoup":"CS2103-F12-4 LEE ..TING","kbyeo":"CS2103-F12-4 YEO .. BIN"}}
