[{"path":"src/main/java/seedu/address/model/person/DateOfBirth.java","fileType":"functional-code","lines":[{"lineNumber":1,"author":{"gitId":"-"},"content":"package seedu.address.model.person;","lastModifiedDate":"2025-10-11T15:46:25","isFullCredit":false},{"lineNumber":2,"author":{"gitId":"-"},"content":"","lastModifiedDate":"2025-10-11T15:46:25","isFullCredit":false},{"lineNumber":3,"author":{"gitId":"-"},"content":"import static java.util.Objects.requireNonNull;","lastModifiedDate":"2025-10-11T15:46:25","isFullCredit":false},{"lineNumber":4,"author":{"gitId":"-"},"content":"import static seedu.address.commons.util.AppUtil.checkArgument;","lastModifiedDate":"2025-10-11T15:46:25","isFullCredit":false},{"lineNumber":5,"author":{"gitId":"-"},"content":"","lastModifiedDate":"2025-10-11T15:46:25","isFullCredit":false},{"lineNumber":6,"author":{"gitId":"-"},"content":"import java.time.LocalDate;","lastModifiedDate":"2025-10-11T15:46:25","isFullCredit":false},{"lineNumber":7,"author":{"gitId":"-"},"content":"import java.time.format.DateTimeFormatter;","lastModifiedDate":"2025-10-11T15:46:25","isFullCredit":false},{"lineNumber":8,"author":{"gitId":"yhthia"},"content":"import java.time.format.ResolverStyle;","lastModifiedDate":"2025-11-01T14:34:53","isFullCredit":false},{"lineNumber":9,"author":{"gitId":"-"},"content":"","lastModifiedDate":"2025-10-11T15:46:25","isFullCredit":false},{"lineNumber":10,"author":{"gitId":"-"},"content":"/**","lastModifiedDate":"2025-10-11T15:46:25","isFullCredit":false},{"lineNumber":11,"author":{"gitId":"-"},"content":" * Represents a Person\u0027s date of birth in the address book.","lastModifiedDate":"2025-10-11T15:46:25","isFullCredit":false},{"lineNumber":12,"author":{"gitId":"-"},"content":" * Guarantees: immutable; is valid as declared in {@link #isValidDateOfBirth(String)}","lastModifiedDate":"2025-10-11T15:46:25","isFullCredit":false},{"lineNumber":13,"author":{"gitId":"-"},"content":" */","lastModifiedDate":"2025-10-11T15:46:25","isFullCredit":false},{"lineNumber":14,"author":{"gitId":"-"},"content":"public class DateOfBirth {","lastModifiedDate":"2025-10-11T15:46:25","isFullCredit":false},{"lineNumber":15,"author":{"gitId":"-"},"content":"","lastModifiedDate":"2025-10-11T15:46:25","isFullCredit":false},{"lineNumber":16,"author":{"gitId":"-"},"content":"    public static final String MESSAGE_CONSTRAINTS \u003d \"Date of birth must be a valid date in the format yyyy-MM-dd, \"","lastModifiedDate":"2025-10-28T16:45:32","isFullCredit":false},{"lineNumber":17,"author":{"gitId":"-"},"content":"            + \"be a past or present date, \"","lastModifiedDate":"2025-10-28T16:45:32","isFullCredit":false},{"lineNumber":18,"author":{"gitId":"-"},"content":"            + \"or be declared as \u0027Unspecified\u0027 (case-insensitive).\";","lastModifiedDate":"2025-10-28T16:45:32","isFullCredit":false},{"lineNumber":19,"author":{"gitId":"-"},"content":"","lastModifiedDate":"2025-10-11T15:46:25","isFullCredit":false},{"lineNumber":20,"author":{"gitId":"-"},"content":"    public static final String UNSPECIFIED_VALUE \u003d \"Unspecified\";","lastModifiedDate":"2025-10-24T20:53:29","isFullCredit":false},{"lineNumber":21,"author":{"gitId":"-"},"content":"","lastModifiedDate":"2025-10-24T20:53:29","isFullCredit":false},{"lineNumber":22,"author":{"gitId":"yhthia"},"content":"    private static final DateTimeFormatter FORMATTER \u003d DateTimeFormatter.ofPattern(\"uuuu-MM-dd\")","lastModifiedDate":"2025-11-01T14:34:53","isFullCredit":false},{"lineNumber":23,"author":{"gitId":"yhthia"},"content":"            .withResolverStyle(ResolverStyle.STRICT);","lastModifiedDate":"2025-11-01T14:34:53","isFullCredit":false},{"lineNumber":24,"author":{"gitId":"-"},"content":"    private final String value;","lastModifiedDate":"2025-10-30T21:35:45","isFullCredit":false},{"lineNumber":25,"author":{"gitId":"-"},"content":"","lastModifiedDate":"2025-10-11T15:46:25","isFullCredit":false},{"lineNumber":26,"author":{"gitId":"-"},"content":"    /**","lastModifiedDate":"2025-10-11T15:46:25","isFullCredit":false},{"lineNumber":27,"author":{"gitId":"-"},"content":"     * Constructs a {@code DateOfBirth}.","lastModifiedDate":"2025-10-11T15:46:25","isFullCredit":false},{"lineNumber":28,"author":{"gitId":"-"},"content":"     *","lastModifiedDate":"2025-10-11T15:46:25","isFullCredit":false},{"lineNumber":29,"author":{"gitId":"-"},"content":"     * @param dateOfBirth A valid date of birth in yyyy-MM-dd format.","lastModifiedDate":"2025-10-11T15:46:25","isFullCredit":false},{"lineNumber":30,"author":{"gitId":"-"},"content":"     */","lastModifiedDate":"2025-10-11T15:46:25","isFullCredit":false},{"lineNumber":31,"author":{"gitId":"-"},"content":"    public DateOfBirth(String dateOfBirth) {","lastModifiedDate":"2025-10-11T15:46:25","isFullCredit":false},{"lineNumber":32,"author":{"gitId":"-"},"content":"        requireNonNull(dateOfBirth);","lastModifiedDate":"2025-10-11T15:46:25","isFullCredit":false},{"lineNumber":33,"author":{"gitId":"-"},"content":"        checkArgument(isValidDateOfBirth(dateOfBirth), MESSAGE_CONSTRAINTS);","lastModifiedDate":"2025-10-28T16:45:32","isFullCredit":false},{"lineNumber":34,"author":{"gitId":"-"},"content":"","lastModifiedDate":"2025-10-24T20:53:29","isFullCredit":false},{"lineNumber":35,"author":{"gitId":"-"},"content":"        if (dateOfBirth.equalsIgnoreCase(UNSPECIFIED_VALUE)) {","lastModifiedDate":"2025-10-28T16:45:32","isFullCredit":false},{"lineNumber":36,"author":{"gitId":"-"},"content":"            this.value \u003d UNSPECIFIED_VALUE;","lastModifiedDate":"2025-10-24T20:53:29","isFullCredit":false},{"lineNumber":37,"author":{"gitId":"-"},"content":"        } else {","lastModifiedDate":"2025-10-24T20:53:29","isFullCredit":false},{"lineNumber":38,"author":{"gitId":"-"},"content":"            value \u003d dateOfBirth;","lastModifiedDate":"2025-10-11T15:46:25","isFullCredit":false},{"lineNumber":39,"author":{"gitId":"-"},"content":"        }","lastModifiedDate":"2025-10-11T15:46:25","isFullCredit":false},{"lineNumber":40,"author":{"gitId":"-"},"content":"    }","lastModifiedDate":"2025-10-24T20:53:29","isFullCredit":false},{"lineNumber":41,"author":{"gitId":"-"},"content":"","lastModifiedDate":"2025-10-24T20:53:29","isFullCredit":false},{"lineNumber":42,"author":{"gitId":"-"},"content":"    /**","lastModifiedDate":"2025-10-30T21:35:45","isFullCredit":false},{"lineNumber":43,"author":{"gitId":"-"},"content":"     * @return The raw date of birth value as a string.","lastModifiedDate":"2025-10-30T21:35:45","isFullCredit":false},{"lineNumber":44,"author":{"gitId":"-"},"content":"     */","lastModifiedDate":"2025-10-30T21:35:45","isFullCredit":false},{"lineNumber":45,"author":{"gitId":"-"},"content":"    public String getValue() {","lastModifiedDate":"2025-10-30T21:35:45","isFullCredit":false},{"lineNumber":46,"author":{"gitId":"-"},"content":"        return this.value;","lastModifiedDate":"2025-10-30T21:35:45","isFullCredit":false},{"lineNumber":47,"author":{"gitId":"-"},"content":"    }","lastModifiedDate":"2025-10-30T21:35:45","isFullCredit":false},{"lineNumber":48,"author":{"gitId":"-"},"content":"","lastModifiedDate":"2025-10-30T21:35:45","isFullCredit":false},{"lineNumber":49,"author":{"gitId":"-"},"content":"    /**","lastModifiedDate":"2025-10-24T20:53:29","isFullCredit":false},{"lineNumber":50,"author":{"gitId":"-"},"content":"     * Static factory method for creating the default \"Unspecified\" DateOfBirth","lastModifiedDate":"2025-10-24T20:53:29","isFullCredit":false},{"lineNumber":51,"author":{"gitId":"-"},"content":"     * @return A DateOfBirth object with value \"Unspecified\".","lastModifiedDate":"2025-10-24T20:53:29","isFullCredit":false},{"lineNumber":52,"author":{"gitId":"-"},"content":"     */","lastModifiedDate":"2025-10-24T20:53:29","isFullCredit":false},{"lineNumber":53,"author":{"gitId":"-"},"content":"    public static DateOfBirth createUnspecified() {","lastModifiedDate":"2025-10-24T20:53:29","isFullCredit":false},{"lineNumber":54,"author":{"gitId":"-"},"content":"        return new DateOfBirth(UNSPECIFIED_VALUE);","lastModifiedDate":"2025-10-24T20:53:29","isFullCredit":false},{"lineNumber":55,"author":{"gitId":"-"},"content":"    }","lastModifiedDate":"2025-10-24T20:53:29","isFullCredit":false},{"lineNumber":56,"author":{"gitId":"-"},"content":"","lastModifiedDate":"2025-10-11T15:46:25","isFullCredit":false},{"lineNumber":57,"author":{"gitId":"-"},"content":"    /**","lastModifiedDate":"2025-10-11T15:46:25","isFullCredit":false},{"lineNumber":58,"author":{"gitId":"-"},"content":"     * Parses the string to a LocalDate and checks if it is an invalid format or is in the future.","lastModifiedDate":"2025-10-11T15:46:25","isFullCredit":false},{"lineNumber":59,"author":{"gitId":"-"},"content":"     * Returns true if a given string is a valid date of birth.","lastModifiedDate":"2025-10-11T15:46:25","isFullCredit":false},{"lineNumber":60,"author":{"gitId":"-"},"content":"     */","lastModifiedDate":"2025-10-11T15:46:25","isFullCredit":false},{"lineNumber":61,"author":{"gitId":"-"},"content":"    public static boolean isValidDateOfBirth(String test) {","lastModifiedDate":"2025-10-11T15:46:25","isFullCredit":false},{"lineNumber":62,"author":{"gitId":"-"},"content":"        if (test.equalsIgnoreCase(UNSPECIFIED_VALUE)) {","lastModifiedDate":"2025-10-28T16:45:32","isFullCredit":false},{"lineNumber":63,"author":{"gitId":"-"},"content":"            return true;","lastModifiedDate":"2025-10-25T23:41:52","isFullCredit":false},{"lineNumber":64,"author":{"gitId":"-"},"content":"        }","lastModifiedDate":"2025-10-25T23:41:52","isFullCredit":false},{"lineNumber":65,"author":{"gitId":"-"},"content":"        try {","lastModifiedDate":"2025-10-11T15:46:25","isFullCredit":false},{"lineNumber":66,"author":{"gitId":"-"},"content":"            LocalDate parsedDate \u003d LocalDate.parse(test, FORMATTER);","lastModifiedDate":"2025-10-11T15:46:25","isFullCredit":false},{"lineNumber":67,"author":{"gitId":"-"},"content":"            return !(parsedDate.isAfter(LocalDate.now()));","lastModifiedDate":"2025-10-11T15:46:25","isFullCredit":false},{"lineNumber":68,"author":{"gitId":"-"},"content":"        } catch (Exception e) {","lastModifiedDate":"2025-10-11T15:46:25","isFullCredit":false},{"lineNumber":69,"author":{"gitId":"-"},"content":"            return false;","lastModifiedDate":"2025-10-11T15:46:25","isFullCredit":false},{"lineNumber":70,"author":{"gitId":"-"},"content":"        }","lastModifiedDate":"2025-10-11T15:46:25","isFullCredit":false},{"lineNumber":71,"author":{"gitId":"-"},"content":"    }","lastModifiedDate":"2025-10-11T15:46:25","isFullCredit":false},{"lineNumber":72,"author":{"gitId":"-"},"content":"","lastModifiedDate":"2025-10-11T15:46:25","isFullCredit":false},{"lineNumber":73,"author":{"gitId":"-"},"content":"","lastModifiedDate":"2025-10-11T15:46:25","isFullCredit":false},{"lineNumber":74,"author":{"gitId":"-"},"content":"    @Override","lastModifiedDate":"2025-10-11T15:46:25","isFullCredit":false},{"lineNumber":75,"author":{"gitId":"-"},"content":"    public String toString() {","lastModifiedDate":"2025-10-11T15:46:25","isFullCredit":false},{"lineNumber":76,"author":{"gitId":"-"},"content":"        return value;","lastModifiedDate":"2025-10-11T15:46:25","isFullCredit":false},{"lineNumber":77,"author":{"gitId":"-"},"content":"    }","lastModifiedDate":"2025-10-11T15:46:25","isFullCredit":false},{"lineNumber":78,"author":{"gitId":"-"},"content":"","lastModifiedDate":"2025-10-11T15:46:25","isFullCredit":false},{"lineNumber":79,"author":{"gitId":"-"},"content":"    @Override","lastModifiedDate":"2025-10-11T15:46:25","isFullCredit":false},{"lineNumber":80,"author":{"gitId":"-"},"content":"    public boolean equals(Object other) {","lastModifiedDate":"2025-10-11T15:46:25","isFullCredit":false},{"lineNumber":81,"author":{"gitId":"-"},"content":"        if (other \u003d\u003d this) {","lastModifiedDate":"2025-10-11T15:46:25","isFullCredit":false},{"lineNumber":82,"author":{"gitId":"-"},"content":"            return true;","lastModifiedDate":"2025-10-11T15:46:25","isFullCredit":false},{"lineNumber":83,"author":{"gitId":"-"},"content":"        }","lastModifiedDate":"2025-10-11T15:46:25","isFullCredit":false},{"lineNumber":84,"author":{"gitId":"-"},"content":"","lastModifiedDate":"2025-10-11T15:46:25","isFullCredit":false},{"lineNumber":85,"author":{"gitId":"-"},"content":"        // instanceof handles nulls","lastModifiedDate":"2025-10-11T15:46:25","isFullCredit":false},{"lineNumber":86,"author":{"gitId":"-"},"content":"        if (!(other instanceof DateOfBirth)) {","lastModifiedDate":"2025-10-11T15:46:25","isFullCredit":false},{"lineNumber":87,"author":{"gitId":"-"},"content":"            return false;","lastModifiedDate":"2025-10-11T15:46:25","isFullCredit":false},{"lineNumber":88,"author":{"gitId":"-"},"content":"        }","lastModifiedDate":"2025-10-11T15:46:25","isFullCredit":false},{"lineNumber":89,"author":{"gitId":"-"},"content":"","lastModifiedDate":"2025-10-11T15:46:25","isFullCredit":false},{"lineNumber":90,"author":{"gitId":"-"},"content":"        DateOfBirth otherDateOfBirth \u003d (DateOfBirth) other;","lastModifiedDate":"2025-10-11T15:46:25","isFullCredit":false},{"lineNumber":91,"author":{"gitId":"-"},"content":"        return value.equals(otherDateOfBirth.value);","lastModifiedDate":"2025-10-11T15:46:25","isFullCredit":false},{"lineNumber":92,"author":{"gitId":"-"},"content":"    }","lastModifiedDate":"2025-10-11T15:46:25","isFullCredit":false},{"lineNumber":93,"author":{"gitId":"-"},"content":"","lastModifiedDate":"2025-10-11T15:46:25","isFullCredit":false},{"lineNumber":94,"author":{"gitId":"-"},"content":"    @Override","lastModifiedDate":"2025-10-11T15:46:25","isFullCredit":false},{"lineNumber":95,"author":{"gitId":"-"},"content":"    public int hashCode() {","lastModifiedDate":"2025-10-11T15:46:25","isFullCredit":false},{"lineNumber":96,"author":{"gitId":"-"},"content":"        return value.hashCode();","lastModifiedDate":"2025-10-11T15:46:25","isFullCredit":false},{"lineNumber":97,"author":{"gitId":"-"},"content":"    }","lastModifiedDate":"2025-10-11T15:46:25","isFullCredit":false},{"lineNumber":98,"author":{"gitId":"-"},"content":"}","lastModifiedDate":"2025-10-11T15:46:25","isFullCredit":false}],"authorContributionMap":{"yhthia":3,"-":95}}]
