{"authorDailyContributionsMap":{"yhthia":[{"date":"2025-11-01T00:00:00","commitResults":[{"hash":"d4c93713dc62e470d090757f47c6c846c51759bf","isMergeCommit":false,"messageTitle":"Improve date validation","messageBody":"","fileTypesAndContributionMap":{"functional-code":{"insertions":3,"deletions":2}}}]}],"Vrospix":[],"matthias890":[],"owjd03":[],"limweekit":[{"date":"2025-11-01T00:00:00","commitResults":[{"hash":"cf7548fa3dd619caffce812458bd6a6bd87085fc","isMergeCommit":true,"messageTitle":"Merge pull request #343 from yhthia/improve-date-validation","messageBody":"Improve date validation","fileTypesAndContributionMap":{}}]}]},"authorFileTypeContributionMap":{"yhthia":{"docs":0,"functional-code":3,"test-code":0},"Vrospix":{"docs":0,"functional-code":0,"test-code":0},"matthias890":{"docs":0,"functional-code":0,"test-code":0},"owjd03":{"docs":0,"functional-code":0,"test-code":0},"limweekit":{"docs":0,"functional-code":0,"test-code":0}},"authorContributionVariance":{"yhthia":25.0,"Vrospix":0.0,"matthias890":0.0,"owjd03":0.0,"limweekit":0.0},"authorDisplayNameMap":{"yhthia":"CS2103T-T15-3 THIA..HONG","Vrospix":"CS2103T-T15-3 VIGO..KING","matthias890":"CS2103T-T15-3 MATT..MENG","owjd03":"CS2103T-T15-3 OW J..DUAN","limweekit":"CS2103T-T15-3 LIM .. KIT"}}
