{"authorDailyContributionsMap":{"yhthia":[],"Vrospix":[],"matthias890":[],"owjd03":[],"limweekit":[]},"authorFileTypeContributionMap":{"yhthia":{"docs":0,"functional-code":0,"test-code":0},"Vrospix":{"docs":0,"functional-code":0,"test-code":0},"matthias890":{"docs":0,"functional-code":0,"test-code":0},"owjd03":{"docs":0,"functional-code":0,"test-code":0},"limweekit":{"docs":0,"functional-code":0,"test-code":0}},"authorContributionVariance":{"yhthia":0.0,"Vrospix":0.0,"matthias890":0.0,"owjd03":0.0,"limweekit":0.0},"authorDisplayNameMap":{"yhthia":"CS2103T-T15-3 THIA..HONG","Vrospix":"CS2103T-T15-3 VIGO..KING","matthias890":"CS2103T-T15-3 MATT..MENG","owjd03":"CS2103T-T15-3 OW J..DUAN","limweekit":"CS2103T-T15-3 LIM .. KIT"}}
