{"authorDailyContributionsMap":{"zayyankece":[],"Arshelle9912":[],"Rhysmond":[],"ary-ban":[],"tjinyao":[]},"authorFileTypeContributionMap":{"zayyankece":{"docs":0,"functional-code":0,"test-code":0},"Arshelle9912":{"docs":0,"functional-code":0,"test-code":0},"Rhysmond":{"docs":0,"functional-code":0,"test-code":0},"ary-ban":{"docs":0,"functional-code":0,"test-code":0},"tjinyao":{"docs":0,"functional-code":0,"test-code":0}},"authorContributionVariance":{"zayyankece":0.0,"Arshelle9912":0.0,"Rhysmond":0.0,"ary-ban":0.0,"tjinyao":0.0},"authorDisplayNameMap":{"zayyankece":"CS2103T-W12-3 MUHA..KBAR","Arshelle9912":"CS2103T-W12-3 RAHE..ELLE","Rhysmond":"CS2103T-W12-3 RHYS..JIAN","ary-ban":"CS2103T-W12-3 BANS..AMAN","tjinyao":"CS2103T-W12-3 TENG.. YAO"}}
