{"authorDailyContributionsMap":{"samthambad":[{"date":"2025-11-01T00:00:00","commitResults":[{"hash":"01e643dc646f7d52064a023242786f72e8a835d6","isMergeCommit":true,"messageTitle":"Merge pull request #269 from dingf3ng/branch-BugFix1","messageBody":"Branch bug fix1","fileTypesAndContributionMap":{}}]}],"dingf3ng":[{"date":"2025-11-01T00:00:00","commitResults":[{"hash":"0fefcc62bff3f9e23bd328ba2381ddc1ef2f7d00","isMergeCommit":false,"messageTitle":"Fix bug - [PE-D][Tester A] `schedule` only shows the lessons for the contacts displayed Fixes #267","messageBody":"","fileTypesAndContributionMap":{"functional-code":{"insertions":1,"deletions":1},"test-code":{"insertions":36,"deletions":0}}},{"hash":"1012bbf728aecc7eda99760fe9e749e1419d194d","isMergeCommit":false,"messageTitle":"Fix bug by adding validation [PE-D][Tester D] Illegal attendance values through save file loading Fixes #265","messageBody":"","fileTypesAndContributionMap":{"functional-code":{"insertions":11,"deletions":0},"test-code":{"insertions":28,"deletions":0}}},{"hash":"530c9482ef3787e45ad4b8f587d10780f87b10df","isMergeCommit":false,"messageTitle":"Fix bugs - [PE-D][Tester A] Only partial payment history is shown after using find Fixes #253 - [PE-D][Tester A] Only partial payment history is shown after using findtag Fixes #255","messageBody":"","fileTypesAndContributionMap":{"functional-code":{"insertions":2,"deletions":2},"test-code":{"insertions":6,"deletions":1}}}]}],"MoeySeanJean":[],"Yourface1746":[],"Jaey0un":[]},"authorFileTypeContributionMap":{"samthambad":{"docs":0,"functional-code":0,"test-code":0},"dingf3ng":{"docs":0,"functional-code":14,"test-code":70},"MoeySeanJean":{"docs":0,"functional-code":0,"test-code":0},"Yourface1746":{"docs":0,"functional-code":0,"test-code":0},"Jaey0un":{"docs":0,"functional-code":0,"test-code":0}},"authorContributionVariance":{"samthambad":0.0,"dingf3ng":7744.0,"MoeySeanJean":0.0,"Yourface1746":0.0,"Jaey0un":0.0},"authorDisplayNameMap":{"samthambad":"CS2103T-T14-1 THAM..NAND","dingf3ng":"CS2103T-T14-1 DING..FENG","MoeySeanJean":"CS2103T-T14-1 MOEY..JEAN","Yourface1746":"CS2103T-T14-1 NG S..OUHE","Jaey0un":"CS2103T-T14-1 JEON..YOUN"}}
