[{"path":"docs/UserGuide.md","fileType":"docs","lines":[{"lineNumber":1,"author":{"gitId":"-"},"content":"---","lastModifiedDate":"2020-05-23T01:10:16","isFullCredit":false},{"lineNumber":2,"author":{"gitId":"-"},"content":"layout: page","lastModifiedDate":"2020-05-23T01:10:16","isFullCredit":false},{"lineNumber":3,"author":{"gitId":"-"},"content":"title: User Guide","lastModifiedDate":"2020-05-23T01:10:16","isFullCredit":false},{"lineNumber":4,"author":{"gitId":"-"},"content":"---","lastModifiedDate":"2020-05-23T01:10:16","isFullCredit":false},{"lineNumber":5,"author":{"gitId":"-"},"content":"","lastModifiedDate":"2020-05-23T01:10:16","isFullCredit":false},{"lineNumber":6,"author":{"gitId":"-"},"content":"Are you an NUS Teaching Assistant (TA) in the School of Computing (SoC), struggling to keep track of your classes?","lastModifiedDate":"2025-10-29T17:20:42","isFullCredit":false},{"lineNumber":7,"author":{"gitId":"-"},"content":"If you\u0027re looking for a centralised and user-friendly system to _keep TAbs on_ your TA duties, look no further: **TAbs** is here!","lastModifiedDate":"2025-10-29T17:20:42","isFullCredit":false},{"lineNumber":8,"author":{"gitId":"-"},"content":"\u003cbr\u003e\u003cbr\u003e","lastModifiedDate":"2025-10-29T17:20:42","isFullCredit":false},{"lineNumber":9,"author":{"gitId":"-"},"content":"With so many students in so many tutorials, labs and recitations, it\u0027s easy to lose track of your students\u0027 attendance.","lastModifiedDate":"2025-10-29T17:20:42","isFullCredit":false},{"lineNumber":10,"author":{"gitId":"-"},"content":"**TAbs** is a desktop app created just for you to manage your classes—while it\u0027s optimised for use via a Command Line Interface (CLI),","lastModifiedDate":"2025-10-29T17:20:42","isFullCredit":false},{"lineNumber":11,"author":{"gitId":"-"},"content":"it still has the benefits of a Graphical User Interface (GUI).","lastModifiedDate":"2025-10-29T17:20:42","isFullCredit":false},{"lineNumber":12,"author":{"gitId":"-"},"content":"","lastModifiedDate":"2020-05-23T01:10:16","isFullCredit":false},{"lineNumber":13,"author":{"gitId":"-"},"content":"* Table of Contents","lastModifiedDate":"2020-05-23T01:10:16","isFullCredit":false},{"lineNumber":14,"author":{"gitId":"-"},"content":"{:toc}","lastModifiedDate":"2020-05-23T01:10:16","isFullCredit":false},{"lineNumber":15,"author":{"gitId":"-"},"content":"","lastModifiedDate":"2020-05-23T01:10:16","isFullCredit":false},{"lineNumber":16,"author":{"gitId":"-"},"content":"--------------------------------------------------------------------------------------------------------------------","lastModifiedDate":"2020-05-23T01:10:16","isFullCredit":false},{"lineNumber":17,"author":{"gitId":"-"},"content":"","lastModifiedDate":"2020-05-23T01:10:16","isFullCredit":false},{"lineNumber":18,"author":{"gitId":"-"},"content":"## Quick start","lastModifiedDate":"2020-05-23T01:10:16","isFullCredit":false},{"lineNumber":19,"author":{"gitId":"-"},"content":"","lastModifiedDate":"2020-05-23T01:10:16","isFullCredit":false},{"lineNumber":20,"author":{"gitId":"203ZK"},"content":"1. It is recommended to have Java `17` installed in your computer in order to run this application.\u003cbr\u003e","lastModifiedDate":"2025-11-01T21:58:40","isFullCredit":false},{"lineNumber":21,"author":{"gitId":"203ZK"},"content":"   **Mac users:** Ensure you have the recommended JDK version","lastModifiedDate":"2025-11-01T21:58:40","isFullCredit":false},{"lineNumber":22,"author":{"gitId":"-"},"content":"   prescribed [here](https://se-education.org/guides/tutorials/javaInstallationMac.html).","lastModifiedDate":"2025-10-15T10:53:42","isFullCredit":false},{"lineNumber":23,"author":{"gitId":"-"},"content":"","lastModifiedDate":"2020-05-23T01:10:16","isFullCredit":false},{"lineNumber":24,"author":{"gitId":"-"},"content":"2. Download the latest `.jar` file","lastModifiedDate":"2025-10-15T10:53:42","isFullCredit":false},{"lineNumber":25,"author":{"gitId":"-"},"content":"   from [here](https://github.com/AY2526S1-CS2103T-T12-2/tp/releases).","lastModifiedDate":"2025-10-25T21:51:04","isFullCredit":false},{"lineNumber":26,"author":{"gitId":"-"},"content":"","lastModifiedDate":"2020-05-23T01:10:16","isFullCredit":false},{"lineNumber":27,"author":{"gitId":"-"},"content":"3. Copy the file to the folder you want to use as the _home folder_ for TAbs.","lastModifiedDate":"2025-10-29T17:20:42","isFullCredit":false},{"lineNumber":28,"author":{"gitId":"-"},"content":"","lastModifiedDate":"2020-05-23T01:10:16","isFullCredit":false},{"lineNumber":29,"author":{"gitId":"-"},"content":"4. Open a command terminal, `cd` into the folder you put the `.jar` file in, and run the following command to start the application:","lastModifiedDate":"2025-10-29T17:20:42","isFullCredit":false},{"lineNumber":30,"author":{"gitId":"-"},"content":"   ```","lastModifiedDate":"2025-10-29T17:20:42","isFullCredit":false},{"lineNumber":31,"author":{"gitId":"-"},"content":"    java -jar TAbs.jar","lastModifiedDate":"2025-10-29T17:20:42","isFullCredit":false},{"lineNumber":32,"author":{"gitId":"-"},"content":"   ```","lastModifiedDate":"2025-10-29T17:20:42","isFullCredit":false},{"lineNumber":33,"author":{"gitId":"-"},"content":"   A GUI similar to the one below should appear in a few seconds. Note that the app may contain sample data.\u003cbr\u003e\u003cbr\u003e","lastModifiedDate":"2025-10-29T17:20:42","isFullCredit":false},{"lineNumber":34,"author":{"gitId":"-"},"content":"   ![Ui](images/Ui.png)\u003cbr\u003e\u003cbr\u003e","lastModifiedDate":"2025-10-29T17:20:42","isFullCredit":false},{"lineNumber":35,"author":{"gitId":"-"},"content":"","lastModifiedDate":"2020-05-23T01:10:16","isFullCredit":false},{"lineNumber":36,"author":{"gitId":"-"},"content":"5. Type your commands in the command box and press Enter to execute them, e.g., typing **`help`** and","lastModifiedDate":"2025-10-29T17:20:42","isFullCredit":false},{"lineNumber":37,"author":{"gitId":"-"},"content":"   pressing Enter will open the help window.\u003cbr\u003e\u003cbr\u003e","lastModifiedDate":"2025-10-29T17:20:42","isFullCredit":false},{"lineNumber":38,"author":{"gitId":"-"},"content":"   Some example commands you can try:","lastModifiedDate":"2025-10-20T20:52:11","isFullCredit":false},{"lineNumber":39,"author":{"gitId":"-"},"content":"","lastModifiedDate":"2020-05-23T01:10:16","isFullCredit":false},{"lineNumber":40,"author":{"gitId":"-"},"content":"    * `list`: Lists all tutorials.","lastModifiedDate":"2025-10-20T20:52:11","isFullCredit":false},{"lineNumber":41,"author":{"gitId":"-"},"content":"","lastModifiedDate":"2020-05-23T01:10:16","isFullCredit":false},{"lineNumber":42,"author":{"gitId":"-"},"content":"    * `add_tutorial t/T123 m/CS2103T d/2025-01-01`: Adds a tutorial with ID `T123` for the module","lastModifiedDate":"2025-10-29T17:20:42","isFullCredit":false},{"lineNumber":43,"author":{"gitId":"-"},"content":"      `CS2103T`.","lastModifiedDate":"2025-10-29T17:20:42","isFullCredit":false},{"lineNumber":44,"author":{"gitId":"-"},"content":"","lastModifiedDate":"2020-05-23T01:10:16","isFullCredit":false},{"lineNumber":45,"author":{"gitId":"-"},"content":"    * `list_students t/T1`: Displays a list of all the students enrolled in the tutorial with ID","lastModifiedDate":"2025-10-29T17:20:42","isFullCredit":false},{"lineNumber":46,"author":{"gitId":"-"},"content":"      `T1`.","lastModifiedDate":"2025-10-21T20:15:42","isFullCredit":false},{"lineNumber":47,"author":{"gitId":"-"},"content":"","lastModifiedDate":"2025-10-15T15:58:29","isFullCredit":false},{"lineNumber":48,"author":{"gitId":"-"},"content":"    * `delete_tutorial t/T1`: Deletes the tutorial with ID `T1`.","lastModifiedDate":"2025-10-22T12:11:48","isFullCredit":false},{"lineNumber":49,"author":{"gitId":"-"},"content":"","lastModifiedDate":"2020-05-23T01:10:16","isFullCredit":false},{"lineNumber":50,"author":{"gitId":"-"},"content":"    * `clear`: Deletes all tutorials.","lastModifiedDate":"2025-10-20T20:52:11","isFullCredit":false},{"lineNumber":51,"author":{"gitId":"-"},"content":"","lastModifiedDate":"2020-05-23T01:10:16","isFullCredit":false},{"lineNumber":52,"author":{"gitId":"-"},"content":"    * `exit`: Exits the app.","lastModifiedDate":"2023-01-01T16:08:05","isFullCredit":false},{"lineNumber":53,"author":{"gitId":"-"},"content":"   \u003cbr\u003e\u003cbr\u003e","lastModifiedDate":"2025-10-29T17:20:42","isFullCredit":false},{"lineNumber":54,"author":{"gitId":"-"},"content":"","lastModifiedDate":"2020-05-23T01:10:16","isFullCredit":false},{"lineNumber":55,"author":{"gitId":"-"},"content":"6. Refer to the [features](#features) below for details of each command.","lastModifiedDate":"2025-10-29T17:20:42","isFullCredit":false},{"lineNumber":56,"author":{"gitId":"-"},"content":"","lastModifiedDate":"2020-05-23T01:10:16","isFullCredit":false},{"lineNumber":57,"author":{"gitId":"-"},"content":"--------------------------------------------------------------------------------------------------------------------","lastModifiedDate":"2020-05-23T01:10:16","isFullCredit":false},{"lineNumber":58,"author":{"gitId":"-"},"content":"","lastModifiedDate":"2020-05-23T01:10:16","isFullCredit":false},{"lineNumber":59,"author":{"gitId":"-"},"content":"## Features","lastModifiedDate":"2020-05-23T01:10:16","isFullCredit":false},{"lineNumber":60,"author":{"gitId":"-"},"content":"","lastModifiedDate":"2020-05-23T01:10:16","isFullCredit":false},{"lineNumber":61,"author":{"gitId":"-"},"content":"\u003cdiv markdown\u003d\"block\" class\u003d\"alert alert-info\"\u003e","lastModifiedDate":"2020-05-23T01:10:16","isFullCredit":false},{"lineNumber":62,"author":{"gitId":"-"},"content":"","lastModifiedDate":"2020-05-23T01:10:16","isFullCredit":false},{"lineNumber":63,"author":{"gitId":"-"},"content":"**:information_source: Notes about the command format:**\u003cbr\u003e","lastModifiedDate":"2020-05-23T01:10:16","isFullCredit":false},{"lineNumber":64,"author":{"gitId":"-"},"content":"","lastModifiedDate":"2020-05-23T01:10:16","isFullCredit":false},{"lineNumber":65,"author":{"gitId":"-"},"content":"* Words in `UPPER_CASE` are the parameters to be supplied by the user.\u003cbr\u003e","lastModifiedDate":"2020-05-23T01:10:16","isFullCredit":false},{"lineNumber":66,"author":{"gitId":"-"},"content":"  (e.g., in `add_tutorial t/TUTORIAL_ID`, `TUTORIAL_ID` is a parameter which can be used as","lastModifiedDate":"2025-10-29T17:28:10","isFullCredit":false},{"lineNumber":67,"author":{"gitId":"-"},"content":"  `add_tutorial t/T123`.)","lastModifiedDate":"2025-10-29T17:28:10","isFullCredit":false},{"lineNumber":68,"author":{"gitId":"-"},"content":"","lastModifiedDate":"2020-05-23T01:10:16","isFullCredit":false},{"lineNumber":69,"author":{"gitId":"-"},"content":"* Items in square brackets are optional.\u003cbr\u003e","lastModifiedDate":"2020-05-23T01:10:16","isFullCredit":false},{"lineNumber":70,"author":{"gitId":"-"},"content":"  (e.g., `t/TUTORIAL_ID [id/STUDENT]…` can be used as `t/T123 id/A1234567X` or as `t/T123`.)","lastModifiedDate":"2025-10-29T17:28:10","isFullCredit":false},{"lineNumber":71,"author":{"gitId":"-"},"content":"","lastModifiedDate":"2020-05-23T01:10:16","isFullCredit":false},{"lineNumber":72,"author":{"gitId":"-"},"content":"* Items with `…` after them can be used multiple times, including zero times.\u003cbr\u003e","lastModifiedDate":"2025-10-29T17:28:10","isFullCredit":false},{"lineNumber":73,"author":{"gitId":"-"},"content":"  (e.g., `t/TUTORIAL_ID [id/STUDENT]…` can be used as `t/T123` (i.e., 0 times), `t/T123 id/A1234567X`,","lastModifiedDate":"2025-10-29T17:28:10","isFullCredit":false},{"lineNumber":74,"author":{"gitId":"-"},"content":"  `t/T123 id/A1234567X id/A2234567Y`, etc.)","lastModifiedDate":"2025-10-29T17:28:10","isFullCredit":false},{"lineNumber":75,"author":{"gitId":"-"},"content":"","lastModifiedDate":"2020-05-23T01:10:16","isFullCredit":false},{"lineNumber":76,"author":{"gitId":"-"},"content":"* Parameters can be in any order.\u003cbr\u003e","lastModifiedDate":"2020-05-23T01:10:16","isFullCredit":false},{"lineNumber":77,"author":{"gitId":"-"},"content":"  (e.g., if the command specifies `t/TUTORIAL_ID m/MODULE_CODE`, `m/MODULE_CODE t/TUTORIAL_ID` is also acceptable.)","lastModifiedDate":"2025-10-29T17:28:10","isFullCredit":false},{"lineNumber":78,"author":{"gitId":"-"},"content":"","lastModifiedDate":"2020-05-23T01:10:16","isFullCredit":false},{"lineNumber":79,"author":{"gitId":"-"},"content":"* Extraneous parameters for commands that do not take in parameters (such as `help`, `list`, `exit`","lastModifiedDate":"2025-10-15T10:53:42","isFullCredit":false},{"lineNumber":80,"author":{"gitId":"-"},"content":"  and `clear`) will be ignored.\u003cbr\u003e","lastModifiedDate":"2025-10-15T10:53:42","isFullCredit":false},{"lineNumber":81,"author":{"gitId":"-"},"content":"  (e.g., if the command specifies `help 123`, it will be interpreted as `help`.)","lastModifiedDate":"2025-10-29T17:28:10","isFullCredit":false},{"lineNumber":82,"author":{"gitId":"-"},"content":"","lastModifiedDate":"2021-02-03T23:17:00","isFullCredit":false},{"lineNumber":83,"author":{"gitId":"-"},"content":"* If you are using a PDF version of this document, be careful when copying and pasting commands that","lastModifiedDate":"2025-10-15T10:53:42","isFullCredit":false},{"lineNumber":84,"author":{"gitId":"-"},"content":"  span multiple lines as space characters surrounding line-breaks may be omitted when copied over to","lastModifiedDate":"2025-10-15T10:53:42","isFullCredit":false},{"lineNumber":85,"author":{"gitId":"-"},"content":"  the application.","lastModifiedDate":"2025-10-15T10:53:42","isFullCredit":false},{"lineNumber":86,"author":{"gitId":"-"},"content":"","lastModifiedDate":"2025-10-15T10:53:42","isFullCredit":false},{"lineNumber":87,"author":{"gitId":"-"},"content":"\u003c/div\u003e","lastModifiedDate":"2020-05-23T01:10:16","isFullCredit":false},{"lineNumber":88,"author":{"gitId":"-"},"content":"","lastModifiedDate":"2020-05-23T01:10:16","isFullCredit":false},{"lineNumber":89,"author":{"gitId":"-"},"content":"### Viewing help: `help`","lastModifiedDate":"2020-05-23T01:10:16","isFullCredit":false},{"lineNumber":90,"author":{"gitId":"-"},"content":"","lastModifiedDate":"2020-05-23T01:10:16","isFullCredit":false},{"lineNumber":91,"author":{"gitId":"-"},"content":"Shows a message explaining how to access the help page.","lastModifiedDate":"2025-07-24T02:42:02","isFullCredit":false},{"lineNumber":92,"author":{"gitId":"-"},"content":"","lastModifiedDate":"2020-05-23T01:10:16","isFullCredit":false},{"lineNumber":93,"author":{"gitId":"-"},"content":"![help message](images/helpMessage.png)","lastModifiedDate":"2020-05-23T01:10:16","isFullCredit":false},{"lineNumber":94,"author":{"gitId":"-"},"content":"","lastModifiedDate":"2020-05-23T01:10:16","isFullCredit":false},{"lineNumber":95,"author":{"gitId":"-"},"content":"Format: `help`","lastModifiedDate":"2020-05-23T01:10:16","isFullCredit":false},{"lineNumber":96,"author":{"gitId":"-"},"content":"","lastModifiedDate":"2020-05-23T01:10:16","isFullCredit":false},{"lineNumber":97,"author":{"gitId":"-"},"content":"### Listing all tutorials: `list`","lastModifiedDate":"2025-10-22T12:11:48","isFullCredit":false},{"lineNumber":98,"author":{"gitId":"-"},"content":"","lastModifiedDate":"2025-10-22T12:11:48","isFullCredit":false},{"lineNumber":99,"author":{"gitId":"-"},"content":"Shows a list of all tutorials in TAbs.","lastModifiedDate":"2025-10-22T12:11:48","isFullCredit":false},{"lineNumber":100,"author":{"gitId":"-"},"content":"","lastModifiedDate":"2025-10-22T12:11:48","isFullCredit":false},{"lineNumber":101,"author":{"gitId":"-"},"content":"Format: `list`","lastModifiedDate":"2025-10-22T12:11:48","isFullCredit":false},{"lineNumber":102,"author":{"gitId":"-"},"content":"","lastModifiedDate":"2025-10-22T12:11:48","isFullCredit":false},{"lineNumber":103,"author":{"gitId":"-"},"content":"### Adding a tutorial: `add_tutorial`","lastModifiedDate":"2025-10-14T16:43:16","isFullCredit":false},{"lineNumber":104,"author":{"gitId":"-"},"content":"","lastModifiedDate":"2020-05-23T01:10:16","isFullCredit":false},{"lineNumber":105,"author":{"gitId":"-"},"content":"Adds a tutorial to TAbs.","lastModifiedDate":"2025-10-14T16:43:16","isFullCredit":false},{"lineNumber":106,"author":{"gitId":"-"},"content":"","lastModifiedDate":"2020-05-23T01:10:16","isFullCredit":false},{"lineNumber":107,"author":{"gitId":"-"},"content":"Format: `add_tutorial t/TUTORIAL_ID m/MODULE_CODE d/DATE [id/STUDENT_ID]…`","lastModifiedDate":"2025-10-29T23:06:02","isFullCredit":false},{"lineNumber":108,"author":{"gitId":"-"},"content":"","lastModifiedDate":"2020-05-23T01:10:16","isFullCredit":false},{"lineNumber":109,"author":{"gitId":"-"},"content":"* Adds a tutorial with the specified tutorial ID, module code and date.","lastModifiedDate":"2025-10-29T23:06:02","isFullCredit":false},{"lineNumber":110,"author":{"gitId":"-"},"content":"* `TUTORIAL_ID` must **start with a single alphabet followed by 1 to 8 digits** (e.g., `A1`, `B123`, `C12345678`).","lastModifiedDate":"2025-10-29T23:06:02","isFullCredit":false},{"lineNumber":111,"author":{"gitId":"-"},"content":"* `TUTORIAL_ID` is case-insensitive (i.e., `t123` will be stored as `T123`).","lastModifiedDate":"2025-10-29T23:06:02","isFullCredit":false},{"lineNumber":112,"author":{"gitId":"-"},"content":"* `MODULE_CODE` must **start with 2-4 uppercase letters followed by 4 digits and an optional uppercase letter** (e.g., `CS2103T`).","lastModifiedDate":"2025-10-29T23:06:02","isFullCredit":false},{"lineNumber":113,"author":{"gitId":"-"},"content":"* `DATE` should be in **YYYY-MM-DD** format.","lastModifiedDate":"2025-10-29T23:06:02","isFullCredit":false},{"lineNumber":114,"author":{"gitId":"-"},"content":"* Each `STUDENT_ID` must follow the format `AXXXXXXX\u0026`, where:","lastModifiedDate":"2025-10-29T23:06:02","isFullCredit":false},{"lineNumber":115,"author":{"gitId":"-"},"content":"    * The first letter (`A`) is uppercase,","lastModifiedDate":"2025-10-29T18:21:04","isFullCredit":false},{"lineNumber":116,"author":{"gitId":"-"},"content":"    * Followed by 7 digits (`XXXXXXX`),","lastModifiedDate":"2025-10-29T18:21:04","isFullCredit":false},{"lineNumber":117,"author":{"gitId":"-"},"content":"    * Ending with an uppercase letter (`\u0026`).","lastModifiedDate":"2025-10-29T18:21:04","isFullCredit":false},{"lineNumber":118,"author":{"gitId":"-"},"content":"* Multiple students can be added to the same tutorial.","lastModifiedDate":"2025-10-14T16:43:16","isFullCredit":false},{"lineNumber":119,"author":{"gitId":"-"},"content":"","lastModifiedDate":"2020-05-23T01:10:16","isFullCredit":false},{"lineNumber":120,"author":{"gitId":"-"},"content":"Examples:","lastModifiedDate":"2020-05-23T01:10:16","isFullCredit":false},{"lineNumber":121,"author":{"gitId":"-"},"content":"","lastModifiedDate":"2025-10-15T10:53:42","isFullCredit":false},{"lineNumber":122,"author":{"gitId":"-"},"content":"* `add_tutorial t/C456 m/CS2101 d/2025-01-01`","lastModifiedDate":"2025-10-20T20:52:11","isFullCredit":false},{"lineNumber":123,"author":{"gitId":"-"},"content":"* `add_tutorial t/T123 m/CS2103T d/2025-01-01 id/A1231231Y id/A3213213Y`","lastModifiedDate":"2025-10-20T20:52:11","isFullCredit":false},{"lineNumber":124,"author":{"gitId":"-"},"content":"","lastModifiedDate":"2020-05-23T01:10:16","isFullCredit":false},{"lineNumber":125,"author":{"gitId":"-"},"content":"### Deleting a tutorial: `delete_tutorial`","lastModifiedDate":"2025-10-22T12:11:48","isFullCredit":false},{"lineNumber":126,"author":{"gitId":"-"},"content":"","lastModifiedDate":"2025-10-22T12:11:48","isFullCredit":false},{"lineNumber":127,"author":{"gitId":"-"},"content":"Deletes the specified tutorial from TAbs.","lastModifiedDate":"2025-10-22T12:11:48","isFullCredit":false},{"lineNumber":128,"author":{"gitId":"-"},"content":"","lastModifiedDate":"2025-10-22T12:11:48","isFullCredit":false},{"lineNumber":129,"author":{"gitId":"-"},"content":"Format: `delete_tutorial t/TUTORIAL_ID`","lastModifiedDate":"2025-10-22T12:11:48","isFullCredit":false},{"lineNumber":130,"author":{"gitId":"-"},"content":"","lastModifiedDate":"2025-10-22T12:11:48","isFullCredit":false},{"lineNumber":131,"author":{"gitId":"-"},"content":"* Deletes the tutorial with the specified `TUTORIAL_ID`.","lastModifiedDate":"2025-10-22T12:11:48","isFullCredit":false},{"lineNumber":132,"author":{"gitId":"-"},"content":"* `TUTORIAL_ID` is case-insensitive (e.g., both `t/t123` and `t/T123` will delete the same tutorial).","lastModifiedDate":"2025-10-29T23:06:02","isFullCredit":false},{"lineNumber":133,"author":{"gitId":"-"},"content":"","lastModifiedDate":"2025-10-22T12:11:48","isFullCredit":false},{"lineNumber":134,"author":{"gitId":"-"},"content":"Examples:","lastModifiedDate":"2025-10-22T12:11:48","isFullCredit":false},{"lineNumber":135,"author":{"gitId":"-"},"content":"","lastModifiedDate":"2025-10-22T12:11:48","isFullCredit":false},{"lineNumber":136,"author":{"gitId":"-"},"content":"* `delete_tutorial t/T2` deletes the tutorial with ID `T2` in TAbs.","lastModifiedDate":"2025-10-29T18:21:04","isFullCredit":false},{"lineNumber":137,"author":{"gitId":"-"},"content":"","lastModifiedDate":"2025-10-22T12:11:48","isFullCredit":false},{"lineNumber":138,"author":{"gitId":"-"},"content":"### Copying a tutorial: `copy_tutorial`","lastModifiedDate":"2025-10-20T21:12:54","isFullCredit":false},{"lineNumber":139,"author":{"gitId":"-"},"content":"","lastModifiedDate":"2020-05-23T01:10:16","isFullCredit":false},{"lineNumber":140,"author":{"gitId":"-"},"content":"Creates a copy of an existing tutorial with a new tutorial ID and date.","lastModifiedDate":"2025-10-20T21:12:54","isFullCredit":false},{"lineNumber":141,"author":{"gitId":"-"},"content":"","lastModifiedDate":"2020-05-23T01:10:16","isFullCredit":false},{"lineNumber":142,"author":{"gitId":"-"},"content":"Format: `copy_tutorial t/NEW_TUTORIAL_ID from/EXISTING_TUTORIAL_ID d/DATE`","lastModifiedDate":"2025-10-20T21:12:54","isFullCredit":false},{"lineNumber":143,"author":{"gitId":"-"},"content":"","lastModifiedDate":"2025-10-21T21:16:59","isFullCredit":false},{"lineNumber":144,"author":{"gitId":"-"},"content":"* Copies an existing tutorial identified by the existing tutorial\u0027s ID and creates a new tutorial with a new ID and the specified date.","lastModifiedDate":"2025-10-29T23:06:02","isFullCredit":false},{"lineNumber":145,"author":{"gitId":"-"},"content":"* `NEW_TUTORIAL_ID` must **start with a single alphabet followed by 1 to 8 digits** (e.g., `A1`, `B123`, `C12345678`).","lastModifiedDate":"2025-10-29T23:06:02","isFullCredit":false},{"lineNumber":146,"author":{"gitId":"-"},"content":"* `NEW_TUTORIAL_ID` must not already exist in TAbs.","lastModifiedDate":"2025-10-29T23:06:02","isFullCredit":false},{"lineNumber":147,"author":{"gitId":"-"},"content":"* `NEW_TUTORIAL_ID` and `EXISTING_TUTORIAL_ID` are case-insensitive (e.g., both `t/t123` and `t/T123` will be stored as/refer to the same tutorial).","lastModifiedDate":"2025-10-29T23:06:02","isFullCredit":false},{"lineNumber":148,"author":{"gitId":"-"},"content":"* The existing tutorial ID must exist in TAbs.","lastModifiedDate":"2025-10-20T21:12:54","isFullCredit":false},{"lineNumber":149,"author":{"gitId":"-"},"content":"* All students from the existing tutorial will be copied to the new tutorial with their attendance reset to being unmarked.","lastModifiedDate":"2025-10-30T12:23:56","isFullCredit":false},{"lineNumber":150,"author":{"gitId":"-"},"content":"* The module code will be copied from the existing tutorial.","lastModifiedDate":"2025-10-20T21:12:54","isFullCredit":false},{"lineNumber":151,"author":{"gitId":"-"},"content":"* `DATE` should be in **YYYY-MM-DD** format.","lastModifiedDate":"2025-10-29T23:06:02","isFullCredit":false},{"lineNumber":152,"author":{"gitId":"-"},"content":"","lastModifiedDate":"2025-10-21T21:16:59","isFullCredit":false},{"lineNumber":153,"author":{"gitId":"-"},"content":"Examples:","lastModifiedDate":"2025-10-21T21:16:59","isFullCredit":false},{"lineNumber":154,"author":{"gitId":"-"},"content":"","lastModifiedDate":"2025-10-21T21:16:59","isFullCredit":false},{"lineNumber":155,"author":{"gitId":"-"},"content":"* `copy_tutorial t/C2 from/C1 d/2025-04-10` copies the tutorial `C1` to create a new tutorial `C2` with","lastModifiedDate":"2025-10-29T18:21:04","isFullCredit":false},{"lineNumber":156,"author":{"gitId":"-"},"content":"  the date `2025-04-10`.","lastModifiedDate":"2025-10-29T18:21:04","isFullCredit":false},{"lineNumber":157,"author":{"gitId":"-"},"content":"* `copy_tutorial t/T202 from/T201 d/2025-05-15` copies the tutorial `T201` to create a new tutorial `T202`","lastModifiedDate":"2025-10-29T18:21:04","isFullCredit":false},{"lineNumber":158,"author":{"gitId":"-"},"content":"  with the date `2025-05-15`.","lastModifiedDate":"2025-10-29T18:21:04","isFullCredit":false},{"lineNumber":159,"author":{"gitId":"-"},"content":"","lastModifiedDate":"2025-10-20T21:12:54","isFullCredit":false},{"lineNumber":160,"author":{"gitId":"-"},"content":"Below is an example of the copy command being used.","lastModifiedDate":"2025-10-30T22:42:48","isFullCredit":false},{"lineNumber":161,"author":{"gitId":"-"},"content":"","lastModifiedDate":"2025-10-30T12:23:56","isFullCredit":false},{"lineNumber":162,"author":{"gitId":"-"},"content":"![copy command](images/copyCommand.png)","lastModifiedDate":"2025-10-30T12:23:56","isFullCredit":false},{"lineNumber":163,"author":{"gitId":"-"},"content":"","lastModifiedDate":"2025-10-30T12:23:56","isFullCredit":false},{"lineNumber":164,"author":{"gitId":"-"},"content":"### Editing a tutorial: `edit_tutorial`","lastModifiedDate":"2025-10-22T12:11:48","isFullCredit":false},{"lineNumber":165,"author":{"gitId":"-"},"content":"","lastModifiedDate":"2025-10-29T18:21:04","isFullCredit":false},{"lineNumber":166,"author":{"gitId":"-"},"content":"Edits the details of an existing tutorial in TAbs.","lastModifiedDate":"2025-10-29T18:21:04","isFullCredit":false},{"lineNumber":167,"author":{"gitId":"-"},"content":"","lastModifiedDate":"2020-05-23T01:10:16","isFullCredit":false},{"lineNumber":168,"author":{"gitId":"-"},"content":"Format: `edit_tutorial from/EXISTING_TUTORIAL_ID [t/NEW_TUTORIAL_ID] [m/NEW_MODULE_CODE] [d/NEW_DATE]`","lastModifiedDate":"2025-10-22T12:11:48","isFullCredit":false},{"lineNumber":169,"author":{"gitId":"-"},"content":"","lastModifiedDate":"2020-05-23T01:10:16","isFullCredit":false},{"lineNumber":170,"author":{"gitId":"-"},"content":"* Updates the details of the tutorial identified by the tutorial ID specified after `from/`.","lastModifiedDate":"2025-10-22T12:11:48","isFullCredit":false},{"lineNumber":171,"author":{"gitId":"-"},"content":"  * Attempting to edit a non-existent tutorial will result in an error: `Tutorial ID not found.`","lastModifiedDate":"2025-10-29T23:22:45","isFullCredit":false},{"lineNumber":172,"author":{"gitId":"-"},"content":"* You may change **one or more** of the following:","lastModifiedDate":"2025-10-22T12:11:48","isFullCredit":false},{"lineNumber":173,"author":{"gitId":"-"},"content":"    * Tutorial ID (`t/`)","lastModifiedDate":"2025-10-22T12:11:48","isFullCredit":false},{"lineNumber":174,"author":{"gitId":"-"},"content":"    * Module code (`m/`)","lastModifiedDate":"2025-10-22T12:11:48","isFullCredit":false},{"lineNumber":175,"author":{"gitId":"-"},"content":"    * Date (`d/`)","lastModifiedDate":"2025-10-22T12:11:48","isFullCredit":false},{"lineNumber":176,"author":{"gitId":"-"},"content":"* `EXISTING_TUTORIAL_ID` and `NEW_TUTORIAL_ID` are case-insensitive (e.g., both `t/t123` and `t/T123` refer to the same tutorial).","lastModifiedDate":"2025-10-29T23:06:02","isFullCredit":false},{"lineNumber":177,"author":{"gitId":"-"},"content":"* At least one editable field (`t/`, `m/`, or `d/`) must be specified.","lastModifiedDate":"2025-10-22T12:11:48","isFullCredit":false},{"lineNumber":178,"author":{"gitId":"-"},"content":"* Editing student lists (i.e., using `id/`) is **not allowed** here — use `add_student` or `delete_student` instead.","lastModifiedDate":"2025-10-29T18:21:04","isFullCredit":false},{"lineNumber":179,"author":{"gitId":"-"},"content":"","lastModifiedDate":"2020-05-23T01:10:16","isFullCredit":false},{"lineNumber":180,"author":{"gitId":"-"},"content":"Examples:","lastModifiedDate":"2020-05-23T01:10:16","isFullCredit":false},{"lineNumber":181,"author":{"gitId":"-"},"content":"* `edit_tutorial from/T123 t/T456` renames the tutorial with ID `T123` to `T456`.","lastModifiedDate":"2025-10-29T18:21:04","isFullCredit":false},{"lineNumber":182,"author":{"gitId":"-"},"content":"* `edit_tutorial from/T456 m/CS2103T d/2025-10-25` updates the tutorial with ID `T456` to have module code `CS2103T` and date `2025-10-25`.","lastModifiedDate":"2025-10-29T18:21:04","isFullCredit":false},{"lineNumber":183,"author":{"gitId":"-"},"content":"* `edit_tutorial from/T123 t/T789 m/CS2040S d/2025-08-20` updates the tutorial with ID `T123` to:","lastModifiedDate":"2025-10-29T18:21:04","isFullCredit":false},{"lineNumber":184,"author":{"gitId":"-"},"content":"    * Have new ID `T789`","lastModifiedDate":"2025-10-22T12:11:48","isFullCredit":false},{"lineNumber":185,"author":{"gitId":"-"},"content":"    * Change its module code to `CS2040S`","lastModifiedDate":"2025-10-22T12:11:48","isFullCredit":false},{"lineNumber":186,"author":{"gitId":"-"},"content":"    * Set its new date to `2025-08-20`","lastModifiedDate":"2025-10-22T12:11:48","isFullCredit":false},{"lineNumber":187,"author":{"gitId":"-"},"content":"","lastModifiedDate":"2025-10-22T12:11:48","isFullCredit":false},{"lineNumber":188,"author":{"gitId":"-"},"content":"### Finding tutorials by keyword: `find`","lastModifiedDate":"2025-10-23T14:45:16","isFullCredit":false},{"lineNumber":189,"author":{"gitId":"-"},"content":"","lastModifiedDate":"2020-05-23T01:10:16","isFullCredit":false},{"lineNumber":190,"author":{"gitId":"-"},"content":"Finds tutorials whose tutorial ID and/or module code contain any of the given keywords.","lastModifiedDate":"2025-10-29T23:06:02","isFullCredit":false},{"lineNumber":191,"author":{"gitId":"-"},"content":"","lastModifiedDate":"2020-05-23T01:10:16","isFullCredit":false},{"lineNumber":192,"author":{"gitId":"-"},"content":"Format: ","lastModifiedDate":"2025-10-28T19:35:57","isFullCredit":false},{"lineNumber":193,"author":{"gitId":"-"},"content":"1. **Search by one field:** `find t/KEYWORD [MORE_KEYWORDS]…` or `find m/KEYWORD [MORE_KEYWORDS]…`","lastModifiedDate":"2025-10-29T18:21:04","isFullCredit":false},{"lineNumber":194,"author":{"gitId":"-"},"content":"2. **Search by both fields (AND condition):** `find m/KEYWORD [MORE_KEYWORDS]… t/KEYWORD [MORE_KEYWORDS]…`","lastModifiedDate":"2025-10-28T19:35:57","isFullCredit":false},{"lineNumber":195,"author":{"gitId":"-"},"content":"","lastModifiedDate":"2020-05-23T01:10:16","isFullCredit":false},{"lineNumber":196,"author":{"gitId":"-"},"content":"* You can search by tutorial ID (`t/`), module code (`m/`), or both.","lastModifiedDate":"2025-10-28T19:35:57","isFullCredit":false},{"lineNumber":197,"author":{"gitId":"-"},"content":"* Within each field, tutorials matching **at least one keyword** will be returned (i.e., `OR` search).","lastModifiedDate":"2025-10-28T19:35:57","isFullCredit":false},{"lineNumber":198,"author":{"gitId":"-"},"content":"* When searching by **both fields**, tutorials must match at least one keyword from **each field** (i.e., `AND` between fields, `OR` within each field).","lastModifiedDate":"2025-10-28T19:35:57","isFullCredit":false},{"lineNumber":199,"author":{"gitId":"-"},"content":"* The search is case-insensitive (e.g., `t01` will match `T01`).","lastModifiedDate":"2025-10-29T18:21:04","isFullCredit":false},{"lineNumber":200,"author":{"gitId":"-"},"content":"* Tutorial IDs or module codes which contain the keyword partially will also be matched (e.g., `CS2103` will match `CS2103T`).","lastModifiedDate":"2025-10-29T18:21:04","isFullCredit":false},{"lineNumber":201,"author":{"gitId":"-"},"content":"","lastModifiedDate":"2020-05-23T01:10:16","isFullCredit":false},{"lineNumber":202,"author":{"gitId":"-"},"content":"Examples:","lastModifiedDate":"2020-05-23T01:10:16","isFullCredit":false},{"lineNumber":203,"author":{"gitId":"-"},"content":"","lastModifiedDate":"2025-10-15T10:53:42","isFullCredit":false},{"lineNumber":204,"author":{"gitId":"-"},"content":"* `find m/CS2103T CS2101` returns tutorials with module code `CS2103T` OR `CS2101`","lastModifiedDate":"2025-10-28T19:35:57","isFullCredit":false},{"lineNumber":205,"author":{"gitId":"-"},"content":"* `find t/A101 B202` returns tutorials with tutorial ID `A101` OR `B202`","lastModifiedDate":"2025-10-28T19:35:57","isFullCredit":false},{"lineNumber":206,"author":{"gitId":"-"},"content":"* `find m/CS2103T t/A101` returns tutorials with module code `CS2103T` AND tutorial ID `A101`","lastModifiedDate":"2025-10-28T19:35:57","isFullCredit":false},{"lineNumber":207,"author":{"gitId":"-"},"content":"","lastModifiedDate":"2025-10-22T12:11:48","isFullCredit":false},{"lineNumber":208,"author":{"gitId":"-"},"content":"  ![result for \u0027find CS2103T\u0027](images/findCommand.png)","lastModifiedDate":"2025-10-29T23:02:50","isFullCredit":false},{"lineNumber":209,"author":{"gitId":"-"},"content":"","lastModifiedDate":"2020-05-23T01:10:16","isFullCredit":false},{"lineNumber":210,"author":{"gitId":"-"},"content":"### Listing all the students in a tutorial: `list_students`","lastModifiedDate":"2025-10-15T15:58:29","isFullCredit":false},{"lineNumber":211,"author":{"gitId":"-"},"content":"","lastModifiedDate":"2025-10-15T15:58:29","isFullCredit":false},{"lineNumber":212,"author":{"gitId":"-"},"content":"Display a list of all the students enrolled in a specific tutorial on TAbs.","lastModifiedDate":"2025-10-15T15:58:29","isFullCredit":false},{"lineNumber":213,"author":{"gitId":"-"},"content":"","lastModifiedDate":"2025-10-15T15:58:29","isFullCredit":false},{"lineNumber":214,"author":{"gitId":"-"},"content":"Format: `list_students t/TUTORIAL_ID`","lastModifiedDate":"2025-10-15T15:58:29","isFullCredit":false},{"lineNumber":215,"author":{"gitId":"-"},"content":"","lastModifiedDate":"2025-10-15T15:58:29","isFullCredit":false},{"lineNumber":216,"author":{"gitId":"-"},"content":"* Lists all the students in a tutorial with the specified tutorial ID.","lastModifiedDate":"2025-10-29T18:21:04","isFullCredit":false},{"lineNumber":217,"author":{"gitId":"-"},"content":"* It shows a numbered list of all the student IDs of the students in that tutorial (e.g., `1. A1234567X`).","lastModifiedDate":"2025-10-29T23:06:02","isFullCredit":false},{"lineNumber":218,"author":{"gitId":"-"},"content":"* `TUTORIAL_ID` is case-insensitive (e.g., both `t/t123` and `t/T123` will list students from the same tutorial).","lastModifiedDate":"2025-10-29T23:06:02","isFullCredit":false},{"lineNumber":219,"author":{"gitId":"-"},"content":"","lastModifiedDate":"2025-10-15T15:58:29","isFullCredit":false},{"lineNumber":220,"author":{"gitId":"-"},"content":"Examples:","lastModifiedDate":"2025-10-15T15:58:29","isFullCredit":false},{"lineNumber":221,"author":{"gitId":"-"},"content":"","lastModifiedDate":"2025-10-15T15:58:29","isFullCredit":false},{"lineNumber":222,"author":{"gitId":"-"},"content":"* `list_students t/T2` lists all the students in the tutorial with ID `T2` in TAbs.","lastModifiedDate":"2025-10-29T18:21:04","isFullCredit":false},{"lineNumber":223,"author":{"gitId":"-"},"content":"","lastModifiedDate":"2025-10-15T15:58:29","isFullCredit":false},{"lineNumber":224,"author":{"gitId":"-"},"content":"### Adding students to a tutorial: `add_student`","lastModifiedDate":"2025-10-16T12:53:14","isFullCredit":false},{"lineNumber":225,"author":{"gitId":"-"},"content":"","lastModifiedDate":"2025-10-16T12:53:14","isFullCredit":false},{"lineNumber":226,"author":{"gitId":"-"},"content":"Adds one or more students to a specified tutorial in TAbs.","lastModifiedDate":"2025-10-29T18:21:04","isFullCredit":false},{"lineNumber":227,"author":{"gitId":"-"},"content":"","lastModifiedDate":"2025-10-16T12:53:14","isFullCredit":false},{"lineNumber":228,"author":{"gitId":"-"},"content":"Format: `add_student id/STUDENT_ID… t/TUTORIAL_ID`","lastModifiedDate":"2025-10-28T19:14:09","isFullCredit":false},{"lineNumber":229,"author":{"gitId":"-"},"content":"","lastModifiedDate":"2025-10-16T12:53:14","isFullCredit":false},{"lineNumber":230,"author":{"gitId":"-"},"content":"* Adds one or more students, identified by their student IDs, to the tutorial identified by the tutorial ID.","lastModifiedDate":"2025-10-29T18:21:04","isFullCredit":false},{"lineNumber":231,"author":{"gitId":"-"},"content":"* You can specify multiple student IDs in a single command, separated by spaces.","lastModifiedDate":"2025-10-16T12:53:14","isFullCredit":false},{"lineNumber":232,"author":{"gitId":"-"},"content":"* Each `STUDENT_ID` must follow the format `AXXXXXXX\u0026`, where:","lastModifiedDate":"2025-10-29T18:21:04","isFullCredit":false},{"lineNumber":233,"author":{"gitId":"-"},"content":"    * The first letter (`A`) is uppercase,","lastModifiedDate":"2025-10-16T12:53:14","isFullCredit":false},{"lineNumber":234,"author":{"gitId":"-"},"content":"    * Followed by 7 digits (`XXXXXXX`),","lastModifiedDate":"2025-10-16T12:53:14","isFullCredit":false},{"lineNumber":235,"author":{"gitId":"-"},"content":"    * Ending with an uppercase letter (`\u0026`).","lastModifiedDate":"2025-10-16T12:53:14","isFullCredit":false},{"lineNumber":236,"author":{"gitId":"-"},"content":"* `TUTORIAL_ID` is case-insensitive (e.g., both `t/t123` and `t/T123` will add students to the same tutorial).","lastModifiedDate":"2025-10-29T23:10:37","isFullCredit":false},{"lineNumber":237,"author":{"gitId":"-"},"content":"","lastModifiedDate":"2025-10-16T12:53:14","isFullCredit":false},{"lineNumber":238,"author":{"gitId":"-"},"content":"","lastModifiedDate":"2025-10-16T12:53:14","isFullCredit":false},{"lineNumber":239,"author":{"gitId":"-"},"content":"Examples:","lastModifiedDate":"2025-10-22T12:11:48","isFullCredit":false},{"lineNumber":240,"author":{"gitId":"-"},"content":"* `add_student id/A1231231Y t/T1` adds a student `A1231231Y` to tutorial `T1`. ","lastModifiedDate":"2025-10-29T18:21:04","isFullCredit":false},{"lineNumber":241,"author":{"gitId":"-"},"content":"* `add_student id/A1231231Y id/A3213213Y id/A2223334B t/T2` adds students `A1231231Y`, `A3213213Y` and `A2223334B` to tutorial `T2`.","lastModifiedDate":"2025-10-29T18:21:04","isFullCredit":false},{"lineNumber":242,"author":{"gitId":"-"},"content":"","lastModifiedDate":"2025-10-16T12:53:14","isFullCredit":false},{"lineNumber":243,"author":{"gitId":"-"},"content":"---","lastModifiedDate":"2025-10-16T12:53:14","isFullCredit":false},{"lineNumber":244,"author":{"gitId":"-"},"content":"","lastModifiedDate":"2025-10-16T12:53:14","isFullCredit":false},{"lineNumber":245,"author":{"gitId":"-"},"content":"Behaviour and duplicate handling:","lastModifiedDate":"2025-10-22T12:11:48","isFullCredit":false},{"lineNumber":246,"author":{"gitId":"-"},"content":"","lastModifiedDate":"2025-10-16T12:53:14","isFullCredit":false},{"lineNumber":247,"author":{"gitId":"-"},"content":"* If all specified students already exist in the tutorial, TAbs will reject the command and show","lastModifiedDate":"2025-10-29T18:21:04","isFullCredit":false},{"lineNumber":248,"author":{"gitId":"-"},"content":"  an error message:","lastModifiedDate":"2025-10-21T20:15:42","isFullCredit":false},{"lineNumber":249,"author":{"gitId":"-"},"content":"","lastModifiedDate":"2025-10-16T12:53:14","isFullCredit":false},{"lineNumber":250,"author":{"gitId":"-"},"content":"  ```","lastModifiedDate":"2025-10-16T12:53:14","isFullCredit":false},{"lineNumber":251,"author":{"gitId":"-"},"content":"  The following student(s):","lastModifiedDate":"2025-10-16T12:53:14","isFullCredit":false},{"lineNumber":252,"author":{"gitId":"-"},"content":"    [[A1231231Y], [A3213213Y]]","lastModifiedDate":"2025-10-30T10:06:50","isFullCredit":false},{"lineNumber":253,"author":{"gitId":"-"},"content":"  are already in tutorial T2!","lastModifiedDate":"2025-10-16T12:53:14","isFullCredit":false},{"lineNumber":254,"author":{"gitId":"-"},"content":"  ```","lastModifiedDate":"2025-10-16T12:53:14","isFullCredit":false},{"lineNumber":255,"author":{"gitId":"-"},"content":"* If some students already exist but others are new, TAbs will:","lastModifiedDate":"2025-10-29T18:21:04","isFullCredit":false},{"lineNumber":256,"author":{"gitId":"-"},"content":"","lastModifiedDate":"2025-10-16T12:53:14","isFullCredit":false},{"lineNumber":257,"author":{"gitId":"-"},"content":"    * Add the new students successfully.","lastModifiedDate":"2025-10-16T12:53:14","isFullCredit":false},{"lineNumber":258,"author":{"gitId":"-"},"content":"    * Notify the user that certain students were already in the tutorial.","lastModifiedDate":"2025-10-16T12:53:14","isFullCredit":false},{"lineNumber":259,"author":{"gitId":"-"},"content":"      Example:","lastModifiedDate":"2025-10-16T12:53:14","isFullCredit":false},{"lineNumber":260,"author":{"gitId":"-"},"content":"","lastModifiedDate":"2025-10-16T12:53:14","isFullCredit":false},{"lineNumber":261,"author":{"gitId":"-"},"content":"  ```","lastModifiedDate":"2025-10-16T12:53:14","isFullCredit":false},{"lineNumber":262,"author":{"gitId":"-"},"content":"  The following student(s):","lastModifiedDate":"2025-10-16T12:53:14","isFullCredit":false},{"lineNumber":263,"author":{"gitId":"-"},"content":"    [[A2223334B]]","lastModifiedDate":"2025-10-30T10:06:50","isFullCredit":false},{"lineNumber":264,"author":{"gitId":"-"},"content":"  were added to tutorial T2.","lastModifiedDate":"2025-10-30T10:06:50","isFullCredit":false},{"lineNumber":265,"author":{"gitId":"-"},"content":"","lastModifiedDate":"2025-10-16T12:53:14","isFullCredit":false},{"lineNumber":266,"author":{"gitId":"-"},"content":"  The following student(s):","lastModifiedDate":"2025-10-16T12:53:14","isFullCredit":false},{"lineNumber":267,"author":{"gitId":"-"},"content":"    [[A1231231Y], [A3213213Y]]","lastModifiedDate":"2025-10-30T10:06:50","isFullCredit":false},{"lineNumber":268,"author":{"gitId":"-"},"content":"  are already in tutorial T2!","lastModifiedDate":"2025-10-16T12:53:14","isFullCredit":false},{"lineNumber":269,"author":{"gitId":"-"},"content":"  ```","lastModifiedDate":"2025-10-16T12:53:14","isFullCredit":false},{"lineNumber":270,"author":{"gitId":"-"},"content":"","lastModifiedDate":"2025-10-16T12:53:14","isFullCredit":false},{"lineNumber":271,"author":{"gitId":"-"},"content":"---","lastModifiedDate":"2025-10-16T12:53:14","isFullCredit":false},{"lineNumber":272,"author":{"gitId":"-"},"content":"","lastModifiedDate":"2025-10-16T12:53:14","isFullCredit":false},{"lineNumber":273,"author":{"gitId":"-"},"content":"### Deleting a student from a tutorial: `delete_student`","lastModifiedDate":"2025-10-15T10:53:42","isFullCredit":false},{"lineNumber":274,"author":{"gitId":"-"},"content":"","lastModifiedDate":"2025-10-15T10:53:42","isFullCredit":false},{"lineNumber":275,"author":{"gitId":"-"},"content":"Deletes the specified student from the specified tutorial from TAbs.","lastModifiedDate":"2025-10-15T10:53:42","isFullCredit":false},{"lineNumber":276,"author":{"gitId":"-"},"content":"","lastModifiedDate":"2025-10-15T10:53:42","isFullCredit":false},{"lineNumber":277,"author":{"gitId":"-"},"content":"Format: `delete_student id/STUDENT_ID t/TUTORIAL_ID`","lastModifiedDate":"2025-10-29T18:21:04","isFullCredit":false},{"lineNumber":278,"author":{"gitId":"-"},"content":"","lastModifiedDate":"2025-10-15T10:53:42","isFullCredit":false},{"lineNumber":279,"author":{"gitId":"-"},"content":"* Delete a single student, identified by the student ID, from the tutorial identified by the tutorial ID.","lastModifiedDate":"2025-10-29T18:21:04","isFullCredit":false},{"lineNumber":280,"author":{"gitId":"-"},"content":"* The `STUDENT_ID` must follow the format `AXXXXXXX\u0026`, where:","lastModifiedDate":"2025-10-29T18:21:04","isFullCredit":false},{"lineNumber":281,"author":{"gitId":"-"},"content":"    * The first letter (`A`) is uppercase,","lastModifiedDate":"2025-10-21T19:40:40","isFullCredit":false},{"lineNumber":282,"author":{"gitId":"-"},"content":"    * Followed by 7 digits (`XXXXXXX`),","lastModifiedDate":"2025-10-21T19:40:40","isFullCredit":false},{"lineNumber":283,"author":{"gitId":"-"},"content":"    * Ending with an uppercase letter (`\u0026`).","lastModifiedDate":"2025-10-21T19:40:40","isFullCredit":false},{"lineNumber":284,"author":{"gitId":"-"},"content":"* `TUTORIAL_ID` is case-insensitive (e.g., both `t/t123` and `t/T123` will delete students from the same tutorial).","lastModifiedDate":"2025-10-29T23:10:37","isFullCredit":false},{"lineNumber":285,"author":{"gitId":"-"},"content":"","lastModifiedDate":"2025-10-15T10:53:42","isFullCredit":false},{"lineNumber":286,"author":{"gitId":"-"},"content":"Examples:","lastModifiedDate":"2025-10-15T10:53:42","isFullCredit":false},{"lineNumber":287,"author":{"gitId":"-"},"content":"","lastModifiedDate":"2025-10-15T10:53:42","isFullCredit":false},{"lineNumber":288,"author":{"gitId":"-"},"content":"* `delete_student id/A1231231Y t/T2` deletes the student with ID `A1231231Y` from the tutorial `T2`.","lastModifiedDate":"2025-10-29T18:21:04","isFullCredit":false},{"lineNumber":289,"author":{"gitId":"-"},"content":"","lastModifiedDate":"2025-10-15T10:53:42","isFullCredit":false},{"lineNumber":290,"author":{"gitId":"-"},"content":"### Marking students in a tutorial as present: `mark`","lastModifiedDate":"2025-10-21T19:40:40","isFullCredit":false},{"lineNumber":291,"author":{"gitId":"-"},"content":"","lastModifiedDate":"2025-10-21T19:40:40","isFullCredit":false},{"lineNumber":292,"author":{"gitId":"-"},"content":"Marks specified students in a tutorial in TAbs as present.","lastModifiedDate":"2025-10-29T23:16:09","isFullCredit":false},{"lineNumber":293,"author":{"gitId":"-"},"content":"","lastModifiedDate":"2025-10-21T19:40:40","isFullCredit":false},{"lineNumber":294,"author":{"gitId":"203ZK"},"content":"Format: `mark id/STUDENT_ID… t/TUTORIAL_ID`","lastModifiedDate":"2025-11-01T11:29:54","isFullCredit":false},{"lineNumber":295,"author":{"gitId":"-"},"content":"","lastModifiedDate":"2025-10-21T19:40:40","isFullCredit":false},{"lineNumber":296,"author":{"gitId":"-"},"content":"* Marks one or more students, identified by their student ID, in the tutorial identified by the","lastModifiedDate":"2025-10-29T23:16:09","isFullCredit":false},{"lineNumber":297,"author":{"gitId":"-"},"content":"  tutorial ID as present.","lastModifiedDate":"2025-10-29T23:10:37","isFullCredit":false},{"lineNumber":298,"author":{"gitId":"-"},"content":"* You can specify multiple student IDs in a single command, separated by spaces.","lastModifiedDate":"2025-10-21T19:40:40","isFullCredit":false},{"lineNumber":299,"author":{"gitId":"-"},"content":"* Each `STUDENT_ID` must follow the format `AXXXXXXX\u0026`, where:","lastModifiedDate":"2025-10-29T23:10:37","isFullCredit":false},{"lineNumber":300,"author":{"gitId":"-"},"content":"    * The first letter (`A`) is uppercase,","lastModifiedDate":"2025-10-21T19:40:40","isFullCredit":false},{"lineNumber":301,"author":{"gitId":"-"},"content":"    * Followed by 7 digits (`XXXXXXX`),","lastModifiedDate":"2025-10-21T19:40:40","isFullCredit":false},{"lineNumber":302,"author":{"gitId":"-"},"content":"    * Ending with an uppercase letter (`\u0026`).","lastModifiedDate":"2025-10-21T19:40:40","isFullCredit":false},{"lineNumber":303,"author":{"gitId":"-"},"content":"* `TUTORIAL_ID` is case-insensitive (e.g., both `t/t123` and `t/T123` will mark students from the same tutorial).","lastModifiedDate":"2025-10-29T23:10:37","isFullCredit":false},{"lineNumber":304,"author":{"gitId":"-"},"content":"","lastModifiedDate":"2025-10-21T19:40:40","isFullCredit":false},{"lineNumber":305,"author":{"gitId":"-"},"content":"Examples:","lastModifiedDate":"2025-10-21T19:40:40","isFullCredit":false},{"lineNumber":306,"author":{"gitId":"-"},"content":"","lastModifiedDate":"2025-10-21T19:40:40","isFullCredit":false},{"lineNumber":307,"author":{"gitId":"203ZK"},"content":"* `mark id/A1231231Y t/C456` marks student `A1231231Y` in tutorial `C456` as present.","lastModifiedDate":"2025-11-01T11:29:54","isFullCredit":false},{"lineNumber":308,"author":{"gitId":"203ZK"},"content":"* `mark id/A1231231Y id/A3213213Y t/T123` marks students `A1231231Y` and `A3213213Y`","lastModifiedDate":"2025-11-01T11:29:54","isFullCredit":false},{"lineNumber":309,"author":{"gitId":"-"},"content":"  in tutorial `T123` as present.","lastModifiedDate":"2025-10-29T18:21:04","isFullCredit":false},{"lineNumber":310,"author":{"gitId":"-"},"content":"","lastModifiedDate":"2025-10-21T19:40:40","isFullCredit":false},{"lineNumber":311,"author":{"gitId":"-"},"content":"When a student has been marked as present, the GUI will update the student\u0027s ID within the tutorial to green as shown below.","lastModifiedDate":"2025-10-30T11:09:43","isFullCredit":false},{"lineNumber":312,"author":{"gitId":"-"},"content":"","lastModifiedDate":"2025-10-30T11:09:43","isFullCredit":false},{"lineNumber":313,"author":{"gitId":"-"},"content":"![mark command](images/markCommand.png)","lastModifiedDate":"2025-10-30T11:09:43","isFullCredit":false},{"lineNumber":314,"author":{"gitId":"-"},"content":"","lastModifiedDate":"2025-10-30T11:09:43","isFullCredit":false},{"lineNumber":315,"author":{"gitId":"-"},"content":"Behaviour:","lastModifiedDate":"2025-10-30T10:06:50","isFullCredit":false},{"lineNumber":316,"author":{"gitId":"-"},"content":"","lastModifiedDate":"2025-10-30T11:09:43","isFullCredit":false},{"lineNumber":317,"author":{"gitId":"-"},"content":"* After the mark command has been run, the students in the input will be categorised into 3 groups: ","lastModifiedDate":"2025-10-30T22:47:57","isFullCredit":false},{"lineNumber":318,"author":{"gitId":"-"},"content":"  successfully marked, already marked, and not in the tutorial.","lastModifiedDate":"2025-10-30T22:47:57","isFullCredit":false},{"lineNumber":319,"author":{"gitId":"-"},"content":"* If no students were successfully marked, TAbs will display the message as an error. ","lastModifiedDate":"2025-10-30T10:06:50","isFullCredit":false},{"lineNumber":320,"author":{"gitId":"-"},"content":"* If at least one student was successfully marked, TAbs will display a success outcome.","lastModifiedDate":"2025-10-30T22:47:57","isFullCredit":false},{"lineNumber":321,"author":{"gitId":"-"},"content":"* The following are messages that will be conditionally displayed based on whether any students","lastModifiedDate":"2025-10-30T10:06:50","isFullCredit":false},{"lineNumber":322,"author":{"gitId":"-"},"content":"  fall in the respective groups.","lastModifiedDate":"2025-10-30T10:06:50","isFullCredit":false},{"lineNumber":323,"author":{"gitId":"-"},"content":"   * Students who were successfully marked as present:","lastModifiedDate":"2025-10-30T10:06:50","isFullCredit":false},{"lineNumber":324,"author":{"gitId":"-"},"content":"  ``` ","lastModifiedDate":"2025-10-30T10:06:50","isFullCredit":false},{"lineNumber":325,"author":{"gitId":"-"},"content":"  The following student(s):","lastModifiedDate":"2025-10-30T10:06:50","isFullCredit":false},{"lineNumber":326,"author":{"gitId":"-"},"content":"  [[A1231231Y], [A3213213Y]]","lastModifiedDate":"2025-10-30T10:06:50","isFullCredit":false},{"lineNumber":327,"author":{"gitId":"-"},"content":"  were marked as present in tutorial T2.","lastModifiedDate":"2025-10-30T10:06:50","isFullCredit":false},{"lineNumber":328,"author":{"gitId":"-"},"content":"  ```","lastModifiedDate":"2025-10-30T10:06:50","isFullCredit":false},{"lineNumber":329,"author":{"gitId":"-"},"content":"    * Students who have already been marked:","lastModifiedDate":"2025-10-30T22:47:57","isFullCredit":false},{"lineNumber":330,"author":{"gitId":"-"},"content":"  ``` ","lastModifiedDate":"2025-10-30T10:06:50","isFullCredit":false},{"lineNumber":331,"author":{"gitId":"-"},"content":"  The following student(s):","lastModifiedDate":"2025-10-30T10:06:50","isFullCredit":false},{"lineNumber":332,"author":{"gitId":"-"},"content":"  [[A1231231Y], [A3213213Y]]","lastModifiedDate":"2025-10-30T10:06:50","isFullCredit":false},{"lineNumber":333,"author":{"gitId":"-"},"content":"  were already marked as present.","lastModifiedDate":"2025-10-30T10:06:50","isFullCredit":false},{"lineNumber":334,"author":{"gitId":"-"},"content":"  ```  ","lastModifiedDate":"2025-10-30T10:06:50","isFullCredit":false},{"lineNumber":335,"author":{"gitId":"-"},"content":"    * Students who do not exist in the tutorial:","lastModifiedDate":"2025-10-30T10:06:50","isFullCredit":false},{"lineNumber":336,"author":{"gitId":"-"},"content":"  ``` ","lastModifiedDate":"2025-10-30T10:06:50","isFullCredit":false},{"lineNumber":337,"author":{"gitId":"-"},"content":"  The following student(s):","lastModifiedDate":"2025-10-30T10:06:50","isFullCredit":false},{"lineNumber":338,"author":{"gitId":"-"},"content":"  [[A1231231Y], [A3213213Y]]","lastModifiedDate":"2025-10-30T10:06:50","isFullCredit":false},{"lineNumber":339,"author":{"gitId":"-"},"content":"  are not in tutorial T2.","lastModifiedDate":"2025-10-30T10:06:50","isFullCredit":false},{"lineNumber":340,"author":{"gitId":"-"},"content":"  ```  ","lastModifiedDate":"2025-10-30T10:06:50","isFullCredit":false},{"lineNumber":341,"author":{"gitId":"-"},"content":"* If there are no students in that particular group, the message for that group will not be shown.","lastModifiedDate":"2025-10-30T22:47:57","isFullCredit":false},{"lineNumber":342,"author":{"gitId":"-"},"content":"","lastModifiedDate":"2025-10-29T23:16:09","isFullCredit":false},{"lineNumber":343,"author":{"gitId":"-"},"content":"### Marking ALL students in a tutorial as present: `mark_all`","lastModifiedDate":"2025-10-29T23:16:09","isFullCredit":false},{"lineNumber":344,"author":{"gitId":"-"},"content":"","lastModifiedDate":"2025-10-29T23:16:09","isFullCredit":false},{"lineNumber":345,"author":{"gitId":"-"},"content":"Marks all students in a tutorial in TAbs as present.","lastModifiedDate":"2025-10-29T23:16:09","isFullCredit":false},{"lineNumber":346,"author":{"gitId":"-"},"content":"","lastModifiedDate":"2025-10-29T23:16:09","isFullCredit":false},{"lineNumber":347,"author":{"gitId":"-"},"content":"Format: `mark_all t/TUTORIAL_ID`","lastModifiedDate":"2025-10-29T23:16:09","isFullCredit":false},{"lineNumber":348,"author":{"gitId":"-"},"content":"","lastModifiedDate":"2025-10-29T23:16:09","isFullCredit":false},{"lineNumber":349,"author":{"gitId":"-"},"content":"* Marks all the students as present in the tutorial identified by the tutorial ID.","lastModifiedDate":"2025-10-29T23:16:09","isFullCredit":false},{"lineNumber":350,"author":{"gitId":"-"},"content":"* `TUTORIAL_ID` is case-insensitive (e.g., both `t/t123` and `t/T123` will mark students from the same tutorial).","lastModifiedDate":"2025-10-29T23:16:09","isFullCredit":false},{"lineNumber":351,"author":{"gitId":"203ZK"},"content":"* Note: Unlike `mark`, `mark_all` does not notify the user as to which students have already been marked, since such a ","lastModifiedDate":"2025-11-01T10:58:32","isFullCredit":false},{"lineNumber":352,"author":{"gitId":"203ZK"},"content":"  notification is unlikely to be meaningful.","lastModifiedDate":"2025-11-01T10:58:32","isFullCredit":false},{"lineNumber":353,"author":{"gitId":"-"},"content":"","lastModifiedDate":"2025-10-29T23:16:09","isFullCredit":false},{"lineNumber":354,"author":{"gitId":"-"},"content":"Examples:","lastModifiedDate":"2025-10-29T23:16:09","isFullCredit":false},{"lineNumber":355,"author":{"gitId":"-"},"content":"","lastModifiedDate":"2025-10-29T23:16:09","isFullCredit":false},{"lineNumber":356,"author":{"gitId":"-"},"content":"* `mark_all t/C456` marks every student in the tutorial with ID `C456` as present.","lastModifiedDate":"2025-10-29T23:16:09","isFullCredit":false},{"lineNumber":357,"author":{"gitId":"-"},"content":"","lastModifiedDate":"2025-10-29T23:16:09","isFullCredit":false},{"lineNumber":358,"author":{"gitId":"-"},"content":"","lastModifiedDate":"2025-10-29T23:16:09","isFullCredit":false},{"lineNumber":359,"author":{"gitId":"-"},"content":"","lastModifiedDate":"2025-10-30T11:09:43","isFullCredit":false},{"lineNumber":360,"author":{"gitId":"-"},"content":"### Unmarking students in a tutorial: `unmark`","lastModifiedDate":"2025-10-21T20:15:42","isFullCredit":false},{"lineNumber":361,"author":{"gitId":"-"},"content":"","lastModifiedDate":"2025-10-21T20:15:42","isFullCredit":false},{"lineNumber":362,"author":{"gitId":"-"},"content":"Unmarks specified students in a tutorial in TAbs.","lastModifiedDate":"2025-10-29T23:16:09","isFullCredit":false},{"lineNumber":363,"author":{"gitId":"-"},"content":"","lastModifiedDate":"2025-10-21T20:15:42","isFullCredit":false},{"lineNumber":364,"author":{"gitId":"203ZK"},"content":"Format: `unmark id/STUDENT_ID… t/TUTORIAL_ID`","lastModifiedDate":"2025-11-01T11:29:54","isFullCredit":false},{"lineNumber":365,"author":{"gitId":"-"},"content":"","lastModifiedDate":"2025-10-21T20:15:42","isFullCredit":false},{"lineNumber":366,"author":{"gitId":"-"},"content":"* Unmarks one or more students, identified by their student ID, in the tutorial identified by the","lastModifiedDate":"2025-10-29T23:16:09","isFullCredit":false},{"lineNumber":367,"author":{"gitId":"-"},"content":"  tutorial ID.","lastModifiedDate":"2025-10-29T23:10:37","isFullCredit":false},{"lineNumber":368,"author":{"gitId":"-"},"content":"* You can specify multiple student IDs in a single command, separated by spaces.","lastModifiedDate":"2025-10-21T20:15:42","isFullCredit":false},{"lineNumber":369,"author":{"gitId":"-"},"content":"* Each `STUDENT_ID` must follow the format `AXXXXXXX\u0026`, where:","lastModifiedDate":"2025-10-29T23:10:37","isFullCredit":false},{"lineNumber":370,"author":{"gitId":"-"},"content":"    * The first letter (`A`) is uppercase,","lastModifiedDate":"2025-10-21T20:15:42","isFullCredit":false},{"lineNumber":371,"author":{"gitId":"-"},"content":"    * Followed by 7 digits (`XXXXXXX`),","lastModifiedDate":"2025-10-21T20:15:42","isFullCredit":false},{"lineNumber":372,"author":{"gitId":"-"},"content":"    * Ending with an uppercase letter (`\u0026`).","lastModifiedDate":"2025-10-21T20:15:42","isFullCredit":false},{"lineNumber":373,"author":{"gitId":"-"},"content":"* `TUTORIAL_ID` is case-insensitive (e.g., both `t/t123` and `t/T123` will unmark students from the same tutorial).","lastModifiedDate":"2025-10-29T23:10:37","isFullCredit":false},{"lineNumber":374,"author":{"gitId":"-"},"content":"","lastModifiedDate":"2025-10-29T18:21:04","isFullCredit":false},{"lineNumber":375,"author":{"gitId":"-"},"content":"Examples:","lastModifiedDate":"2025-10-29T23:28:41","isFullCredit":false},{"lineNumber":376,"author":{"gitId":"-"},"content":"","lastModifiedDate":"2025-10-29T23:28:41","isFullCredit":false},{"lineNumber":377,"author":{"gitId":"203ZK"},"content":"* `unmark id/A1231231Y t/C456` unmarks student `A1231231Y` in tutorial `C456`.","lastModifiedDate":"2025-11-01T11:29:54","isFullCredit":false},{"lineNumber":378,"author":{"gitId":"203ZK"},"content":"* `unmark id/A1231231Y id/A3213213Y t/T123` unmarks student `A1231231Y` and student `A3213213Y`","lastModifiedDate":"2025-11-01T11:29:54","isFullCredit":false},{"lineNumber":379,"author":{"gitId":"-"},"content":"  in tutorial `T123`.","lastModifiedDate":"2025-10-29T23:28:41","isFullCredit":false},{"lineNumber":380,"author":{"gitId":"-"},"content":"","lastModifiedDate":"2025-10-29T23:28:41","isFullCredit":false},{"lineNumber":381,"author":{"gitId":"-"},"content":"Behaviour:","lastModifiedDate":"2025-10-30T10:06:50","isFullCredit":false},{"lineNumber":382,"author":{"gitId":"-"},"content":"* The behaviour of unmark is similar to that of mark. Kindly refer to the behaviour section of the ","lastModifiedDate":"2025-10-30T10:06:50","isFullCredit":false},{"lineNumber":383,"author":{"gitId":"-"},"content":"  mark command above.","lastModifiedDate":"2025-10-30T10:06:50","isFullCredit":false},{"lineNumber":384,"author":{"gitId":"-"},"content":"","lastModifiedDate":"2025-10-30T10:06:50","isFullCredit":false},{"lineNumber":385,"author":{"gitId":"-"},"content":"","lastModifiedDate":"2025-10-30T10:06:50","isFullCredit":false},{"lineNumber":386,"author":{"gitId":"-"},"content":"","lastModifiedDate":"2025-10-21T20:15:42","isFullCredit":false},{"lineNumber":387,"author":{"gitId":"-"},"content":"### Unmarking ALL students in a tutorial: `unmark_all`","lastModifiedDate":"2025-10-29T23:16:09","isFullCredit":false},{"lineNumber":388,"author":{"gitId":"-"},"content":"","lastModifiedDate":"2025-10-29T23:16:09","isFullCredit":false},{"lineNumber":389,"author":{"gitId":"-"},"content":"Unmarks all students in a tutorial in TAbs.","lastModifiedDate":"2025-10-29T23:16:09","isFullCredit":false},{"lineNumber":390,"author":{"gitId":"-"},"content":"","lastModifiedDate":"2025-10-29T23:16:09","isFullCredit":false},{"lineNumber":391,"author":{"gitId":"-"},"content":"Format: `unmark_all t/TUTORIAL_ID`","lastModifiedDate":"2025-10-29T23:16:09","isFullCredit":false},{"lineNumber":392,"author":{"gitId":"-"},"content":"","lastModifiedDate":"2025-10-29T23:16:09","isFullCredit":false},{"lineNumber":393,"author":{"gitId":"-"},"content":"* Unmarks all the students in the tutorial identified by the tutorial ID.","lastModifiedDate":"2025-10-29T23:16:09","isFullCredit":false},{"lineNumber":394,"author":{"gitId":"-"},"content":"* `TUTORIAL_ID` is case-insensitive (e.g., both `t/t123` and `t/T123` will unmark students from the same tutorial).","lastModifiedDate":"2025-10-29T23:16:09","isFullCredit":false},{"lineNumber":395,"author":{"gitId":"203ZK"},"content":"* Note: Unlike `unmark`, `unmark_all` does not notify the user as to which students have already been unmarked, since such a","lastModifiedDate":"2025-11-01T10:58:32","isFullCredit":false},{"lineNumber":396,"author":{"gitId":"203ZK"},"content":"  notification is unlikely to be meaningful.","lastModifiedDate":"2025-11-01T10:58:32","isFullCredit":false},{"lineNumber":397,"author":{"gitId":"-"},"content":"","lastModifiedDate":"2025-10-29T23:16:09","isFullCredit":false},{"lineNumber":398,"author":{"gitId":"-"},"content":"Examples:","lastModifiedDate":"2025-10-29T23:16:09","isFullCredit":false},{"lineNumber":399,"author":{"gitId":"-"},"content":"","lastModifiedDate":"2025-10-29T23:16:09","isFullCredit":false},{"lineNumber":400,"author":{"gitId":"-"},"content":"* `unmark_all t/C456` unmarks every student in the tutorial with ID `C456`.","lastModifiedDate":"2025-10-29T23:16:09","isFullCredit":false},{"lineNumber":401,"author":{"gitId":"-"},"content":"","lastModifiedDate":"2025-10-29T23:16:09","isFullCredit":false},{"lineNumber":402,"author":{"gitId":"-"},"content":"","lastModifiedDate":"2025-10-29T23:16:09","isFullCredit":false},{"lineNumber":403,"author":{"gitId":"-"},"content":"### Clearing all tutorials: `clear`","lastModifiedDate":"2025-10-22T12:11:48","isFullCredit":false},{"lineNumber":404,"author":{"gitId":"-"},"content":"","lastModifiedDate":"2020-05-23T01:10:16","isFullCredit":false},{"lineNumber":405,"author":{"gitId":"-"},"content":"Removes all tutorials from TAbs.","lastModifiedDate":"2025-10-22T12:11:48","isFullCredit":false},{"lineNumber":406,"author":{"gitId":"-"},"content":"","lastModifiedDate":"2020-05-23T01:10:16","isFullCredit":false},{"lineNumber":407,"author":{"gitId":"-"},"content":"Format: `clear`","lastModifiedDate":"2020-05-23T01:10:16","isFullCredit":false},{"lineNumber":408,"author":{"gitId":"-"},"content":"","lastModifiedDate":"2020-05-23T01:10:16","isFullCredit":false},{"lineNumber":409,"author":{"gitId":"-"},"content":"### Exiting the program: `exit`","lastModifiedDate":"2020-05-23T01:10:16","isFullCredit":false},{"lineNumber":410,"author":{"gitId":"-"},"content":"","lastModifiedDate":"2020-05-23T01:10:16","isFullCredit":false},{"lineNumber":411,"author":{"gitId":"-"},"content":"Exits the TAbs application.","lastModifiedDate":"2025-10-29T23:28:41","isFullCredit":false},{"lineNumber":412,"author":{"gitId":"-"},"content":"","lastModifiedDate":"2020-05-23T01:10:16","isFullCredit":false},{"lineNumber":413,"author":{"gitId":"-"},"content":"Format: `exit`","lastModifiedDate":"2020-05-23T01:10:16","isFullCredit":false},{"lineNumber":414,"author":{"gitId":"-"},"content":"","lastModifiedDate":"2020-05-23T01:10:16","isFullCredit":false},{"lineNumber":415,"author":{"gitId":"-"},"content":"### Saving the data","lastModifiedDate":"2020-05-23T01:10:16","isFullCredit":false},{"lineNumber":416,"author":{"gitId":"-"},"content":"","lastModifiedDate":"2020-05-23T01:10:16","isFullCredit":false},{"lineNumber":417,"author":{"gitId":"-"},"content":"TAbs data are saved in the hard disk automatically after any command that changes the data. There is","lastModifiedDate":"2025-10-15T10:53:42","isFullCredit":false},{"lineNumber":418,"author":{"gitId":"-"},"content":"no need to save manually.","lastModifiedDate":"2025-10-15T10:53:42","isFullCredit":false},{"lineNumber":419,"author":{"gitId":"-"},"content":"","lastModifiedDate":"2020-05-23T01:10:16","isFullCredit":false},{"lineNumber":420,"author":{"gitId":"-"},"content":"### Editing the data file","lastModifiedDate":"2021-02-04T00:18:23","isFullCredit":false},{"lineNumber":421,"author":{"gitId":"-"},"content":"","lastModifiedDate":"2021-02-04T00:18:23","isFullCredit":false},{"lineNumber":422,"author":{"gitId":"-"},"content":"TAbs data are saved automatically as a JSON file `[JAR file location]/data/TAbs.json`. Advanced","lastModifiedDate":"2025-10-15T10:53:42","isFullCredit":false},{"lineNumber":423,"author":{"gitId":"-"},"content":"users are welcome to update data directly by editing that data file.","lastModifiedDate":"2025-10-15T10:53:42","isFullCredit":false},{"lineNumber":424,"author":{"gitId":"-"},"content":"","lastModifiedDate":"2021-02-04T00:18:23","isFullCredit":false},{"lineNumber":425,"author":{"gitId":"-"},"content":"\u003cdiv markdown\u003d\"span\" class\u003d\"alert alert-warning\"\u003e:exclamation: **Caution:**","lastModifiedDate":"2021-02-04T00:18:23","isFullCredit":false},{"lineNumber":426,"author":{"gitId":"-"},"content":"    If your changes to the data file makes its format invalid, TAbs will discard all data and start with an empty data file at the next run. Hence, it is recommended to take a backup of the file before editing it.\u003cbr\u003e","lastModifiedDate":"2025-10-08T15:44:56","isFullCredit":false},{"lineNumber":427,"author":{"gitId":"-"},"content":"    Furthermore, certain edits can cause TAbs to behave in unexpected ways (e.g., if a value entered is beyond the acceptable range). Therefore, edit the data file only if you are confident that you can update it correctly.","lastModifiedDate":"2025-10-29T17:28:10","isFullCredit":false},{"lineNumber":428,"author":{"gitId":"-"},"content":"\u003c/div\u003e","lastModifiedDate":"2021-02-04T00:18:23","isFullCredit":false},{"lineNumber":429,"author":{"gitId":"-"},"content":"","lastModifiedDate":"2021-02-04T00:18:23","isFullCredit":false},{"lineNumber":430,"author":{"gitId":"203ZK"},"content":"### Future plans (current version: v1.6; coming in `v2.0`)","lastModifiedDate":"2025-11-01T10:52:57","isFullCredit":false},{"lineNumber":431,"author":{"gitId":"-"},"content":"","lastModifiedDate":"2020-05-23T01:10:16","isFullCredit":false},{"lineNumber":432,"author":{"gitId":"-"},"content":"We intend to release an even more user-friendly version to the wider NUS community, ","lastModifiedDate":"2025-10-29T18:28:17","isFullCredit":false},{"lineNumber":433,"author":{"gitId":"-"},"content":"featuring a proper user interface without the need of a CLI.","lastModifiedDate":"2025-10-29T18:28:17","isFullCredit":false},{"lineNumber":434,"author":{"gitId":"-"},"content":"","lastModifiedDate":"2020-05-23T01:10:16","isFullCredit":false},{"lineNumber":435,"author":{"gitId":"-"},"content":"--------------------------------------------------------------------------------------------------------------------","lastModifiedDate":"2020-05-23T01:10:16","isFullCredit":false},{"lineNumber":436,"author":{"gitId":"-"},"content":"","lastModifiedDate":"2020-05-23T01:10:16","isFullCredit":false},{"lineNumber":437,"author":{"gitId":"-"},"content":"## FAQ","lastModifiedDate":"2020-05-23T01:10:16","isFullCredit":false},{"lineNumber":438,"author":{"gitId":"-"},"content":"","lastModifiedDate":"2020-05-23T01:10:16","isFullCredit":false},{"lineNumber":439,"author":{"gitId":"-"},"content":"**Q**: How do I transfer my data to another computer?\u003cbr\u003e","lastModifiedDate":"2025-10-12T16:30:19","isFullCredit":false},{"lineNumber":440,"author":{"gitId":"-"},"content":"**A**: Install the app on the other computer and run it once to generate the initial data file. ","lastModifiedDate":"2025-10-30T22:57:55","isFullCredit":false},{"lineNumber":441,"author":{"gitId":"-"},"content":"Close the app, then overwrite the `TAbs.json` file it creates (which contains sample data) with the ","lastModifiedDate":"2025-10-30T22:57:55","isFullCredit":false},{"lineNumber":442,"author":{"gitId":"-"},"content":"`TAbs.json` file that contains your data from your previous TAbs home folder. The file can be found at ","lastModifiedDate":"2025-10-30T22:57:55","isFullCredit":false},{"lineNumber":443,"author":{"gitId":"-"},"content":"`[JAR file location]/data/TAbs.json`. After replacing the file, run the app again to use your transferred data.","lastModifiedDate":"2025-10-30T22:57:55","isFullCredit":false},{"lineNumber":444,"author":{"gitId":"-"},"content":"","lastModifiedDate":"2020-05-23T01:10:16","isFullCredit":false},{"lineNumber":445,"author":{"gitId":"-"},"content":"--------------------------------------------------------------------------------------------------------------------","lastModifiedDate":"2020-05-23T01:10:16","isFullCredit":false},{"lineNumber":446,"author":{"gitId":"-"},"content":"","lastModifiedDate":"2020-05-23T01:10:16","isFullCredit":false},{"lineNumber":447,"author":{"gitId":"-"},"content":"## Known issues","lastModifiedDate":"2023-09-08T13:05:01","isFullCredit":false},{"lineNumber":448,"author":{"gitId":"-"},"content":"","lastModifiedDate":"2023-09-08T13:05:01","isFullCredit":false},{"lineNumber":449,"author":{"gitId":"-"},"content":"1. **When using multiple screens**, if you move the application to a secondary screen, and later","lastModifiedDate":"2025-10-15T10:53:42","isFullCredit":false},{"lineNumber":450,"author":{"gitId":"-"},"content":"   switch to using only the primary screen, the GUI will open off-screen. The remedy is to delete","lastModifiedDate":"2025-10-15T10:53:42","isFullCredit":false},{"lineNumber":451,"author":{"gitId":"-"},"content":"   the `preferences.json` file created by the application before running the application again.","lastModifiedDate":"2025-10-15T10:53:42","isFullCredit":false},{"lineNumber":452,"author":{"gitId":"-"},"content":"2. **If you minimize the Help Window** and then run the `help` command (or use the `Help` menu, or","lastModifiedDate":"2025-10-15T10:53:42","isFullCredit":false},{"lineNumber":453,"author":{"gitId":"-"},"content":"   the keyboard shortcut `F1`) again, the original Help Window will remain minimized, and no new","lastModifiedDate":"2025-10-15T10:53:42","isFullCredit":false},{"lineNumber":454,"author":{"gitId":"-"},"content":"   Help Window will appear. The remedy is to manually restore the minimized Help Window.","lastModifiedDate":"2025-10-15T10:53:42","isFullCredit":false},{"lineNumber":455,"author":{"gitId":"-"},"content":"","lastModifiedDate":"2023-09-08T13:05:01","isFullCredit":false},{"lineNumber":456,"author":{"gitId":"-"},"content":"--------------------------------------------------------------------------------------------------------------------","lastModifiedDate":"2023-09-08T13:05:01","isFullCredit":false},{"lineNumber":457,"author":{"gitId":"-"},"content":"","lastModifiedDate":"2023-09-08T13:05:01","isFullCredit":false},{"lineNumber":458,"author":{"gitId":"-"},"content":"## Command summary","lastModifiedDate":"2020-05-23T01:10:16","isFullCredit":false},{"lineNumber":459,"author":{"gitId":"-"},"content":"","lastModifiedDate":"2020-05-23T01:10:16","isFullCredit":false},{"lineNumber":460,"author":{"gitId":"-"},"content":"| Action                          | Format, Examples                                                                                                                                          |","lastModifiedDate":"2025-10-15T15:58:29","isFullCredit":false},{"lineNumber":461,"author":{"gitId":"-"},"content":"|---------------------------------|-----------------------------------------------------------------------------------------------------------------------------------------------------------|","lastModifiedDate":"2025-10-29T18:28:17","isFullCredit":false},{"lineNumber":462,"author":{"gitId":"-"},"content":"| **Help**                        | `help`                                                                                                                                                    |","lastModifiedDate":"2025-10-15T15:58:29","isFullCredit":false},{"lineNumber":463,"author":{"gitId":"-"},"content":"| **List tutorials**              | `list`                                                                                                                                                    |","lastModifiedDate":"2025-10-22T12:11:48","isFullCredit":false},{"lineNumber":464,"author":{"gitId":"-"},"content":"| **Add a tutorial**              | `add_tutorial t/TUTORIAL_ID m/MODULE_CODE d/DATE [id/STUDENT_ID]…` \u003cbr\u003e (e.g., `add_tutorial t/T123 m/CS2103T d/2025-01-01 id/A1231231Y`)                 |","lastModifiedDate":"2025-10-29T23:06:02","isFullCredit":false},{"lineNumber":465,"author":{"gitId":"-"},"content":"| **Delete a tutorial**           | `delete_tutorial t/TUTORIAL_ID`\u003cbr\u003e (e.g., `delete_tutorial t/T1`)                                                                                        |","lastModifiedDate":"2025-10-29T18:28:17","isFullCredit":false},{"lineNumber":466,"author":{"gitId":"-"},"content":"| **Copy a tutorial**             | `copy_tutorial t/NEW_TUTORIAL_ID from/EXISTING_TUTORIAL_ID d/DATE` \u003cbr\u003e (e.g., `copy_tutorial t/C2 from/C1 d/2025-04-10`)                                 |","lastModifiedDate":"2025-10-29T18:28:17","isFullCredit":false},{"lineNumber":467,"author":{"gitId":"-"},"content":"| **Edit a tutorial**             | `edit_tutorial from/EXISTING_TUTORIAL_ID [t/NEW_TUTORIAL_ID] [m/NEW_MODULE_CODE] [d/NEW_DATE]`\u003cbr\u003e (e.g., `edit_tutorial from/T1 m/CS2103T d/2025-10-25`) |","lastModifiedDate":"2025-10-29T18:28:17","isFullCredit":false},{"lineNumber":468,"author":{"gitId":"-"},"content":"| **Find tutorials**              | `find m/KEYWORD… t/KEYWORD…` (either or both fields)\u003cbr\u003e (e.g., `find m/CS2103T`, `find t/A101`, `find m/CS2103T t/A101`)                                 |","lastModifiedDate":"2025-10-29T18:28:17","isFullCredit":false},{"lineNumber":469,"author":{"gitId":"-"},"content":"| **List students in a tutorial** | `list_students t/TUTORIAL_ID`\u003cbr\u003e (e.g., `list_students t/T1`)                                                                                            |","lastModifiedDate":"2025-10-29T18:28:17","isFullCredit":false},{"lineNumber":470,"author":{"gitId":"-"},"content":"| **Add student(s)**              | `add_student id/STUDENT_ID… t/TUTORIAL_ID` \u003cbr\u003e (e.g., `add_student id/A1231231Y id/A3213213Y t/T2`)                                                      |","lastModifiedDate":"2025-10-29T18:28:17","isFullCredit":false},{"lineNumber":471,"author":{"gitId":"-"},"content":"| **Delete a student**            | `delete_student id/STUDENT_ID t/TUTORIAL_ID` \u003cbr\u003e (e.g., `delete_student id/A3213213Y t/T123`)                                                            |","lastModifiedDate":"2025-10-29T18:28:17","isFullCredit":false},{"lineNumber":472,"author":{"gitId":"-"},"content":"| **Mark a student**              | `mark id/STUDENT_ID… t/TUTORIAL_ID` \u003cbr\u003e (e.g., `mark id/A1231231Y id/A3213213Y t/T123`)                                                                  |","lastModifiedDate":"2025-10-29T18:28:17","isFullCredit":false},{"lineNumber":473,"author":{"gitId":"-"},"content":"| **Mark all students**           | `mark_all t/TUTORIAL_ID` \u003cbr\u003e (e.g., `mark_all t/T123`)                                                                                                   |","lastModifiedDate":"2025-10-29T23:16:09","isFullCredit":false},{"lineNumber":474,"author":{"gitId":"-"},"content":"| **Unmark a student**            | `unmark id/STUDENT_ID… t/TUTORIAL_ID` \u003cbr\u003e (e.g., `unmark id/A1231231Y id/A3213213Y t/T123`)                                                              |","lastModifiedDate":"2025-10-29T18:28:17","isFullCredit":false},{"lineNumber":475,"author":{"gitId":"-"},"content":"| **Unmark all students**         | `unmark_all t/TUTORIAL_ID` \u003cbr\u003e (e.g., `unmark_all t/T123`)                                                                                               |","lastModifiedDate":"2025-10-29T23:16:09","isFullCredit":false},{"lineNumber":476,"author":{"gitId":"-"},"content":"| **Clear all tutorials**         | `clear`                                                                                                                                                   |","lastModifiedDate":"2025-10-22T12:11:48","isFullCredit":false},{"lineNumber":477,"author":{"gitId":"-"},"content":"| **Exit TAbs**                   | `exit`                                                                                                                                                    |","lastModifiedDate":"2025-10-22T12:11:48","isFullCredit":false}],"authorContributionMap":{"203ZK":13,"-":464}}]
