{"authorDailyContributionsMap":{"noahseethorcodes":[],"203ZK":[{"date":"2025-11-01T00:00:00","commitResults":[{"hash":"afbb4dacbd107cc5c94b0fbb8ce47b5e374190f5","isMergeCommit":false,"messageTitle":"Include current version in UG","messageBody":"","fileTypesAndContributionMap":{"docs":{"insertions":1,"deletions":1}}},{"hash":"4d36eb177b318a546f62835f966dccbdaab2a57d","isMergeCommit":false,"messageTitle":"Include note about mark_all and unmark_all","messageBody":"","fileTypesAndContributionMap":{"docs":{"insertions":4,"deletions":0}}},{"hash":"a8b3ac3b99e881ca65df784cda2153cf1992065b","isMergeCommit":false,"messageTitle":"Fix Java version","messageBody":"","fileTypesAndContributionMap":{"docs":{"insertions":1,"deletions":1}}},{"hash":"16294d9c3b200df3503c5a2a03bef5e282ed9cd3","isMergeCommit":false,"messageTitle":"Standardise parameter order for mark and unmark","messageBody":"","fileTypesAndContributionMap":{"docs":{"insertions":6,"deletions":6}}},{"hash":"f4ff7fabc8118e86cfed7d77e786e11d4df89c53","isMergeCommit":false,"messageTitle":"Revert Java version in UG","messageBody":"","fileTypesAndContributionMap":{"docs":{"insertions":2,"deletions":2}}},{"hash":"cca6080a18d17b6c916bb2b4463b85c70bbd3d67","isMergeCommit":false,"messageTitle":"Revert 3","messageBody":"","fileTypesAndContributionMap":{"docs":{"insertions":2,"deletions":2}}}]}],"wjingsin":[],"shaneak03":[{"date":"2025-11-01T00:00:00","commitResults":[{"hash":"923855501b73a8714f96a3fc27b154290c51390a","isMergeCommit":true,"messageTitle":"Merge pull request #355 from AY2526S1-CS2103T-T12-2/houjin/fix-parameter-order","messageBody":"Standardise parameter order for mark and unmark","fileTypesAndContributionMap":{}},{"hash":"70d33ec082e7c59ab40ebfb9adf5fb41a2e7995b","isMergeCommit":true,"messageTitle":"Merge pull request #351 from AY2526S1-CS2103T-T12-2/houjin/fix-version","messageBody":"Include current version and explanations for bulk commands in UG","fileTypesAndContributionMap":{}}]}],"dlywlotus":[]},"authorFileTypeContributionMap":{"noahseethorcodes":{"docs":0,"functional-code":0,"test-code":0},"203ZK":{"docs":13,"functional-code":0,"test-code":0},"wjingsin":{"docs":0,"functional-code":0,"test-code":0},"shaneak03":{"docs":0,"functional-code":0,"test-code":0},"dlywlotus":{"docs":0,"functional-code":0,"test-code":0}},"authorContributionVariance":{"noahseethorcodes":0.0,"203ZK":784.0,"wjingsin":0.0,"shaneak03":0.0,"dlywlotus":0.0},"authorDisplayNameMap":{"noahseethorcodes":"CS2103T-T12-2 NOAH..YANG","203ZK":"CS2103T-T12-2 PEH .. JIN","wjingsin":"CS2103T-T12-2 WONG.. SIN","shaneak03":"CS2103T-T12-2 SHAN..KYAW","dlywlotus":"CS2103T-T12-2 DYLA.. WEE"}}
