{"authorDailyContributionsMap":{"Huffle-Buffle":[],"LZX-999":[],"robinlogic":[],"Habutiii":[],"K0p1-Git":[]},"authorFileTypeContributionMap":{"Huffle-Buffle":{"docs":0,"functional-code":0,"test-code":0},"LZX-999":{"docs":0,"functional-code":0,"test-code":0},"robinlogic":{"docs":0,"functional-code":0,"test-code":0},"Habutiii":{"docs":0,"functional-code":0,"test-code":0},"K0p1-Git":{"docs":0,"functional-code":0,"test-code":0}},"authorContributionVariance":{"Huffle-Buffle":0.0,"LZX-999":0.0,"robinlogic":0.0,"Habutiii":0.0,"K0p1-Git":0.0},"authorDisplayNameMap":{"Huffle-Buffle":"CS2103-F13-2 WONG..GANE","LZX-999":"CS2103-F13-2 LIM ..IONG","robinlogic":"CS2103-F13-2 ROBI..HOSH","Habutiii":"CS2103-F13-2 CHEN..NGCE","K0p1-Git":"CS2103-F13-2 KOH ..ASON"}}
