{"authorDailyContributionsMap":{"yalasoo":[],"TheresiaOng":[],"zjaoyuki":[],"deepa-m1":[],"Hypovolemic":[]},"authorFileTypeContributionMap":{"yalasoo":{"docs":0,"functional-code":0,"test-code":0},"TheresiaOng":{"docs":0,"functional-code":0,"test-code":0},"zjaoyuki":{"docs":0,"functional-code":0,"test-code":0},"deepa-m1":{"docs":0,"functional-code":0,"test-code":0},"Hypovolemic":{"docs":0,"functional-code":0,"test-code":0}},"authorContributionVariance":{"yalasoo":0.0,"TheresiaOng":0.0,"zjaoyuki":0.0,"deepa-m1":0.0,"Hypovolemic":0.0},"authorDisplayNameMap":{"yalasoo":"CS2103T-F14b-1 YANG..TONG","TheresiaOng":"CS2103T-F14b-1 THER..ESIA","zjaoyuki":"CS2103T-F14b-1 ZENG..JING","deepa-m1":"CS2103T-F14b-1 DHUL..LIKA","Hypovolemic":"CS2103T-F14b-1 WONG..FENG"}}
