{"authorDailyContributionsMap":{"haorui2004":[],"feliciaz05":[],"Anxinal":[],"imrenzo":[],"vinncee":[]},"authorFileTypeContributionMap":{"haorui2004":{"docs":0,"functional-code":0,"test-code":0},"feliciaz05":{"docs":0,"functional-code":0,"test-code":0},"Anxinal":{"docs":0,"functional-code":0,"test-code":0},"imrenzo":{"docs":0,"functional-code":0,"test-code":0},"vinncee":{"docs":0,"functional-code":0,"test-code":0}},"authorContributionVariance":{"haorui2004":0.0,"feliciaz05":0.0,"Anxinal":0.0,"imrenzo":0.0,"vinncee":0.0},"authorDisplayNameMap":{"haorui2004":"CS2103T-F09-2 HAO .. RUI","feliciaz05":"CS2103T-F09-2 ZHAN..IFEI","Anxinal":"CS2103T-F09-2 AN X..XIAO","imrenzo":"CS2103T-F09-2 CHUA..ENZO","vinncee":"CS2103T-F09-2 CHUA..INCE"}}
