[{"path":"docs/UserGuide.md","fileType":"docs","lines":[{"lineNumber":1,"author":{"gitId":"-"},"content":"---","lastModifiedDate":"2020-05-23T01:10:16","isFullCredit":false},{"lineNumber":2,"author":{"gitId":"-"},"content":"  layout: default.md","lastModifiedDate":"2025-09-29T00:30:31","isFullCredit":false},{"lineNumber":3,"author":{"gitId":"-"},"content":"  title: \"User Guide\"","lastModifiedDate":"2025-09-29T00:30:31","isFullCredit":false},{"lineNumber":4,"author":{"gitId":"-"},"content":"  pageNav: 3","lastModifiedDate":"2025-09-29T00:30:31","isFullCredit":false},{"lineNumber":5,"author":{"gitId":"-"},"content":"---","lastModifiedDate":"2020-05-23T01:10:16","isFullCredit":false},{"lineNumber":6,"author":{"gitId":"-"},"content":"","lastModifiedDate":"2020-05-23T01:10:16","isFullCredit":false},{"lineNumber":7,"author":{"gitId":"-"},"content":"# EduBase User Guide","lastModifiedDate":"2025-09-29T00:30:31","isFullCredit":false},{"lineNumber":8,"author":{"gitId":"-"},"content":"","lastModifiedDate":"2020-05-23T01:10:16","isFullCredit":false},{"lineNumber":9,"author":{"gitId":"Beastarz"},"content":"EduBase is a **desktop app for teachers to manage student and courses, optimized for use via a Line Interface** (CLI) while still having the benefits of a Graphical User Interface (GUI). If you can type fast, EduBase can get your student management tasks done faster than traditional GUI apps.","lastModifiedDate":"2025-11-01T11:48:48","isFullCredit":false},{"lineNumber":10,"author":{"gitId":"-"},"content":"","lastModifiedDate":"2023-09-12T01:20:47","isFullCredit":false},{"lineNumber":11,"author":{"gitId":"-"},"content":"\u003cpage-nav-print /\u003e","lastModifiedDate":"2023-09-12T01:20:47","isFullCredit":false},{"lineNumber":12,"author":{"gitId":"-"},"content":"","lastModifiedDate":"2020-05-23T01:10:16","isFullCredit":false},{"lineNumber":13,"author":{"gitId":"-"},"content":"--------------------------------------------------------------------------------------------------------------------","lastModifiedDate":"2020-05-23T01:10:16","isFullCredit":false},{"lineNumber":14,"author":{"gitId":"-"},"content":"","lastModifiedDate":"2020-05-23T01:10:16","isFullCredit":false},{"lineNumber":15,"author":{"gitId":"-"},"content":"## Quick start","lastModifiedDate":"2020-05-23T01:10:16","isFullCredit":false},{"lineNumber":16,"author":{"gitId":"-"},"content":"","lastModifiedDate":"2020-05-23T01:10:16","isFullCredit":false},{"lineNumber":17,"author":{"gitId":"-"},"content":"1. Ensure you have Java `17` or above installed in your Computer.","lastModifiedDate":"2025-09-29T00:30:31","isFullCredit":false},{"lineNumber":18,"author":{"gitId":"-"},"content":"   **Mac users:** Ensure you have the precise JDK version prescribed [here](https://se-education.org/guides/tutorials/javaInstallationMac.html).","lastModifiedDate":"2025-09-29T00:30:31","isFullCredit":false},{"lineNumber":19,"author":{"gitId":"-"},"content":"","lastModifiedDate":"2020-05-23T01:10:16","isFullCredit":false},{"lineNumber":20,"author":{"gitId":"-"},"content":"1. Download the latest `.jar` file from [here](https://github.com/AY2526S1-CS2103T-T13-4/tp/releases).","lastModifiedDate":"2025-10-30T23:37:42","isFullCredit":false},{"lineNumber":21,"author":{"gitId":"-"},"content":"","lastModifiedDate":"2020-05-23T01:10:16","isFullCredit":false},{"lineNumber":22,"author":{"gitId":"-"},"content":"1. Copy the file to the folder you want to use as the _home folder_ for your AddressBook.","lastModifiedDate":"2020-05-23T01:10:16","isFullCredit":false},{"lineNumber":23,"author":{"gitId":"-"},"content":"","lastModifiedDate":"2020-05-23T01:10:16","isFullCredit":false},{"lineNumber":24,"author":{"gitId":"Beastarz"},"content":"1. Open a command terminal, `cd` into the folder you put the jar file in, and use the `java -jar edubase.jar` command to run the application.","lastModifiedDate":"2025-11-01T11:48:48","isFullCredit":false},{"lineNumber":25,"author":{"gitId":"-"},"content":"   A GUI similar to the below should appear in a few seconds. Note how the app contains some sample data.","lastModifiedDate":"2025-09-29T00:30:31","isFullCredit":false},{"lineNumber":26,"author":{"gitId":"-"},"content":"   ![Ui](images/Ui.png)","lastModifiedDate":"2025-09-29T00:30:31","isFullCredit":false},{"lineNumber":27,"author":{"gitId":"-"},"content":"","lastModifiedDate":"2020-05-23T01:10:16","isFullCredit":false},{"lineNumber":28,"author":{"gitId":"-"},"content":"1. Type the command in the command box and press Enter to execute it. e.g. typing **`help`** and pressing Enter will open the help window.","lastModifiedDate":"2025-09-29T00:30:31","isFullCredit":false},{"lineNumber":29,"author":{"gitId":"-"},"content":"   Some example commands you can try:","lastModifiedDate":"2025-09-29T00:30:31","isFullCredit":false},{"lineNumber":30,"author":{"gitId":"-"},"content":"","lastModifiedDate":"2020-05-23T01:10:16","isFullCredit":false},{"lineNumber":31,"author":{"gitId":"-"},"content":"* `list` : Shows all students and courses.","lastModifiedDate":"2025-10-30T20:19:49","isFullCredit":false},{"lineNumber":32,"author":{"gitId":"-"},"content":"","lastModifiedDate":"2020-05-23T01:10:16","isFullCredit":false},{"lineNumber":33,"author":{"gitId":"-"},"content":"* `create_course n/English 101 id/C0001` : Creates a new course named \"English 101\" with course ID \u0027C0001\u0027.","lastModifiedDate":"2025-10-29T18:53:04","isFullCredit":false},{"lineNumber":34,"author":{"gitId":"-"},"content":"","lastModifiedDate":"2020-05-23T01:10:16","isFullCredit":false},{"lineNumber":35,"author":{"gitId":"-"},"content":"* `register n/John Doe g/Male p/98765432` : Registers a new student.","lastModifiedDate":"2025-10-29T18:53:04","isFullCredit":false},{"lineNumber":36,"author":{"gitId":"-"},"content":"","lastModifiedDate":"2020-05-23T01:10:16","isFullCredit":false},{"lineNumber":37,"author":{"gitId":"-"},"content":"* `exit` : Exits the app.","lastModifiedDate":"2023-01-01T16:08:05","isFullCredit":false},{"lineNumber":38,"author":{"gitId":"-"},"content":"","lastModifiedDate":"2020-05-23T01:10:16","isFullCredit":false},{"lineNumber":39,"author":{"gitId":"-"},"content":"1. Refer to the [Features](#features) below for details of each command.","lastModifiedDate":"2020-05-23T01:10:16","isFullCredit":false},{"lineNumber":40,"author":{"gitId":"-"},"content":"","lastModifiedDate":"2020-05-23T01:10:16","isFullCredit":false},{"lineNumber":41,"author":{"gitId":"-"},"content":"--------------------------------------------------------------------------------------------------------------------","lastModifiedDate":"2020-05-23T01:10:16","isFullCredit":false},{"lineNumber":42,"author":{"gitId":"-"},"content":"","lastModifiedDate":"2020-05-23T01:10:16","isFullCredit":false},{"lineNumber":43,"author":{"gitId":"-"},"content":"## Features","lastModifiedDate":"2020-05-23T01:10:16","isFullCredit":false},{"lineNumber":44,"author":{"gitId":"-"},"content":"","lastModifiedDate":"2020-05-23T01:10:16","isFullCredit":false},{"lineNumber":45,"author":{"gitId":"-"},"content":"\u003cbox type\u003d\"info\" seamless\u003e","lastModifiedDate":"2023-09-12T01:20:47","isFullCredit":false},{"lineNumber":46,"author":{"gitId":"-"},"content":"","lastModifiedDate":"2020-05-23T01:10:16","isFullCredit":false},{"lineNumber":47,"author":{"gitId":"-"},"content":"**Notes about the command format:**\u003cbr\u003e","lastModifiedDate":"2023-09-12T01:20:47","isFullCredit":false},{"lineNumber":48,"author":{"gitId":"-"},"content":"","lastModifiedDate":"2020-05-23T01:10:16","isFullCredit":false},{"lineNumber":49,"author":{"gitId":"-"},"content":"* Words in `UPPER_CASE` are the parameters to be supplied by the user.\u003cbr\u003e","lastModifiedDate":"2020-05-23T01:10:16","isFullCredit":false},{"lineNumber":50,"author":{"gitId":"-"},"content":"  e.g. in `create_course n/\u003cCOURSE_NAME\u003e id/\u003cCOURSE_ID\u003e`, `COURSE_NAME` and `COURSE_ID` are parameters which can be used as `create_course n/ English 101 id/ C0001`.","lastModifiedDate":"2025-10-29T18:53:04","isFullCredit":false},{"lineNumber":51,"author":{"gitId":"-"},"content":"","lastModifiedDate":"2020-05-23T01:10:16","isFullCredit":false},{"lineNumber":52,"author":{"gitId":"-"},"content":"* Items in square brackets are optional.\u003cbr\u003e","lastModifiedDate":"2020-05-23T01:10:16","isFullCredit":false},{"lineNumber":53,"author":{"gitId":"-"},"content":"","lastModifiedDate":"2020-05-23T01:10:16","isFullCredit":false},{"lineNumber":54,"author":{"gitId":"-"},"content":"* Items with `…`​ after them can be used multiple times including zero times.\u003cbr\u003e","lastModifiedDate":"2020-05-23T01:10:16","isFullCredit":false},{"lineNumber":55,"author":{"gitId":"-"},"content":"","lastModifiedDate":"2020-05-23T01:10:16","isFullCredit":false},{"lineNumber":56,"author":{"gitId":"-"},"content":"* Parameters can be in any order for commands using flags (e.g., `n/`, `g/`, `d/`).\u003cbr\u003e","lastModifiedDate":"2025-10-29T18:53:04","isFullCredit":false},{"lineNumber":57,"author":{"gitId":"-"},"content":"  e.g. for `register n/NAME g/GENDER p/PHONE`, `register g/GENDER n/NAME p/PHONE` is also acceptable.","lastModifiedDate":"2025-10-29T18:53:04","isFullCredit":false},{"lineNumber":58,"author":{"gitId":"-"},"content":"","lastModifiedDate":"2020-05-23T01:10:16","isFullCredit":false},{"lineNumber":59,"author":{"gitId":"-"},"content":"* Extraneous parameters for commands that do not take in parameters (such as `view_courses`, `exit`, and `list`) will be ignored.","lastModifiedDate":"2025-10-30T23:37:42","isFullCredit":false},{"lineNumber":60,"author":{"gitId":"-"},"content":"","lastModifiedDate":"2021-02-03T23:17:00","isFullCredit":false},{"lineNumber":61,"author":{"gitId":"-"},"content":"* If you are using a PDF version of this document, be careful when copying and pasting commands that span multiple lines as space characters surrounding line-breaks may be omitted when copied over to the application.","lastModifiedDate":"2023-06-26T21:09:58","isFullCredit":false},{"lineNumber":62,"author":{"gitId":"-"},"content":"  \u003c/box\u003e","lastModifiedDate":"2023-09-12T01:20:47","isFullCredit":false},{"lineNumber":63,"author":{"gitId":"-"},"content":"","lastModifiedDate":"2020-05-23T01:10:16","isFullCredit":false},{"lineNumber":64,"author":{"gitId":"-"},"content":"### General Application Commands","lastModifiedDate":"2025-10-30T20:19:49","isFullCredit":false},{"lineNumber":65,"author":{"gitId":"-"},"content":"","lastModifiedDate":"2025-09-29T00:30:31","isFullCredit":false},{"lineNumber":66,"author":{"gitId":"-"},"content":"These commands control the application itself.","lastModifiedDate":"2025-10-30T20:19:49","isFullCredit":false},{"lineNumber":67,"author":{"gitId":"-"},"content":"","lastModifiedDate":"2025-09-29T00:30:31","isFullCredit":false},{"lineNumber":68,"author":{"gitId":"-"},"content":"---","lastModifiedDate":"2025-09-29T00:30:31","isFullCredit":false},{"lineNumber":69,"author":{"gitId":"-"},"content":"","lastModifiedDate":"2025-09-29T00:30:31","isFullCredit":false},{"lineNumber":70,"author":{"gitId":"-"},"content":"#### Viewing help : `help`","lastModifiedDate":"2025-10-30T20:19:49","isFullCredit":false},{"lineNumber":71,"author":{"gitId":"-"},"content":"","lastModifiedDate":"2020-05-23T01:10:16","isFullCredit":false},{"lineNumber":72,"author":{"gitId":"-"},"content":"Shows a message explaining how to access the help page.","lastModifiedDate":"2025-07-24T02:42:02","isFullCredit":false},{"lineNumber":73,"author":{"gitId":"-"},"content":"","lastModifiedDate":"2020-05-23T01:10:16","isFullCredit":false},{"lineNumber":74,"author":{"gitId":"-"},"content":"![help message](images/helpMessage.png)","lastModifiedDate":"2020-05-23T01:10:16","isFullCredit":false},{"lineNumber":75,"author":{"gitId":"-"},"content":"","lastModifiedDate":"2020-05-23T01:10:16","isFullCredit":false},{"lineNumber":76,"author":{"gitId":"-"},"content":"**Format:** `help`","lastModifiedDate":"2025-10-29T17:11:07","isFullCredit":false},{"lineNumber":77,"author":{"gitId":"-"},"content":"","lastModifiedDate":"2020-05-23T01:10:16","isFullCredit":false},{"lineNumber":78,"author":{"gitId":"-"},"content":"---","lastModifiedDate":"2025-09-29T00:30:31","isFullCredit":false},{"lineNumber":79,"author":{"gitId":"-"},"content":"","lastModifiedDate":"2020-05-23T01:10:16","isFullCredit":false},{"lineNumber":80,"author":{"gitId":"-"},"content":"#### Viewing All Students and Courses: `list`","lastModifiedDate":"2025-10-30T20:19:49","isFullCredit":false},{"lineNumber":81,"author":{"gitId":"-"},"content":"","lastModifiedDate":"2020-05-23T01:10:16","isFullCredit":false},{"lineNumber":82,"author":{"gitId":"-"},"content":"Allows users to view a list of all existing courses and student.","lastModifiedDate":"2025-10-30T20:19:49","isFullCredit":false},{"lineNumber":83,"author":{"gitId":"-"},"content":"","lastModifiedDate":"2020-05-23T01:10:16","isFullCredit":false},{"lineNumber":84,"author":{"gitId":"-"},"content":"**Format:** `list`","lastModifiedDate":"2025-10-30T20:19:49","isFullCredit":false},{"lineNumber":85,"author":{"gitId":"-"},"content":"","lastModifiedDate":"2020-05-23T01:10:16","isFullCredit":false},{"lineNumber":86,"author":{"gitId":"Beastarz"},"content":"---","lastModifiedDate":"2025-11-01T11:48:48","isFullCredit":false},{"lineNumber":87,"author":{"gitId":"Beastarz"},"content":"","lastModifiedDate":"2025-11-01T11:48:48","isFullCredit":false},{"lineNumber":88,"author":{"gitId":"Beastarz"},"content":"#### Clearing All Students and Courses: `clear`","lastModifiedDate":"2025-11-01T11:48:48","isFullCredit":false},{"lineNumber":89,"author":{"gitId":"Beastarz"},"content":"","lastModifiedDate":"2025-11-01T11:48:48","isFullCredit":false},{"lineNumber":90,"author":{"gitId":"Beastarz"},"content":"Allows users to clear all data of existing courses and student.","lastModifiedDate":"2025-11-01T11:48:48","isFullCredit":false},{"lineNumber":91,"author":{"gitId":"Beastarz"},"content":"","lastModifiedDate":"2025-11-01T11:48:48","isFullCredit":false},{"lineNumber":92,"author":{"gitId":"Beastarz"},"content":"**Format:** `clear`","lastModifiedDate":"2025-11-01T11:48:48","isFullCredit":false},{"lineNumber":93,"author":{"gitId":"-"},"content":"","lastModifiedDate":"2025-10-29T18:53:04","isFullCredit":false},{"lineNumber":94,"author":{"gitId":"-"},"content":"--- ","lastModifiedDate":"2025-10-30T20:19:49","isFullCredit":false},{"lineNumber":95,"author":{"gitId":"-"},"content":"","lastModifiedDate":"2025-10-29T19:35:49","isFullCredit":false},{"lineNumber":96,"author":{"gitId":"-"},"content":"#### Exiting the System: `exit`","lastModifiedDate":"2025-10-30T20:19:49","isFullCredit":false},{"lineNumber":97,"author":{"gitId":"-"},"content":"","lastModifiedDate":"2025-10-29T16:50:55","isFullCredit":false},{"lineNumber":98,"author":{"gitId":"-"},"content":"Allows teachers to exit from the system using the command box.","lastModifiedDate":"2025-10-30T20:19:49","isFullCredit":false},{"lineNumber":99,"author":{"gitId":"-"},"content":"","lastModifiedDate":"2025-10-30T20:19:49","isFullCredit":false},{"lineNumber":100,"author":{"gitId":"-"},"content":"**Format:** `exit`","lastModifiedDate":"2025-10-30T20:19:49","isFullCredit":false},{"lineNumber":101,"author":{"gitId":"-"},"content":"","lastModifiedDate":"2025-10-30T20:19:49","isFullCredit":false},{"lineNumber":102,"author":{"gitId":"-"},"content":"---","lastModifiedDate":"2025-10-30T20:19:49","isFullCredit":false},{"lineNumber":103,"author":{"gitId":"-"},"content":"","lastModifiedDate":"2025-10-30T20:19:49","isFullCredit":false},{"lineNumber":104,"author":{"gitId":"-"},"content":"### Course Management","lastModifiedDate":"2025-10-30T20:19:49","isFullCredit":false},{"lineNumber":105,"author":{"gitId":"-"},"content":"","lastModifiedDate":"2025-10-30T20:19:49","isFullCredit":false},{"lineNumber":106,"author":{"gitId":"-"},"content":"These commands are for creating, viewing, and managing courses.","lastModifiedDate":"2025-10-30T20:19:49","isFullCredit":false},{"lineNumber":107,"author":{"gitId":"-"},"content":"","lastModifiedDate":"2025-10-30T20:19:49","isFullCredit":false},{"lineNumber":108,"author":{"gitId":"-"},"content":"---","lastModifiedDate":"2025-10-30T20:19:49","isFullCredit":false},{"lineNumber":109,"author":{"gitId":"-"},"content":"","lastModifiedDate":"2025-10-30T20:19:49","isFullCredit":false},{"lineNumber":110,"author":{"gitId":"-"},"content":"#### Creating a Course: `create_course`","lastModifiedDate":"2025-10-30T20:19:49","isFullCredit":false},{"lineNumber":111,"author":{"gitId":"-"},"content":"","lastModifiedDate":"2025-10-30T20:19:49","isFullCredit":false},{"lineNumber":112,"author":{"gitId":"-"},"content":"Allows teachers to create a new course. Duplicate course names are allowed, but duplicate course ids are not allowed.","lastModifiedDate":"2025-10-30T20:19:49","isFullCredit":false},{"lineNumber":113,"author":{"gitId":"-"},"content":"","lastModifiedDate":"2025-10-30T20:19:49","isFullCredit":false},{"lineNumber":114,"author":{"gitId":"-"},"content":"**Format:** `create_course n/\u003cCOURSE_NAME\u003e id/\u003cCOURSE_ID\u003e`","lastModifiedDate":"2025-10-30T20:19:49","isFullCredit":false},{"lineNumber":115,"author":{"gitId":"-"},"content":"","lastModifiedDate":"2025-10-30T20:19:49","isFullCredit":false},{"lineNumber":116,"author":{"gitId":"-"},"content":"**Requirements:**","lastModifiedDate":"2025-10-30T20:19:49","isFullCredit":false},{"lineNumber":117,"author":{"gitId":"-"},"content":"* Course Names can only include alphanumeric characters and spaces.","lastModifiedDate":"2025-10-30T20:19:49","isFullCredit":false},{"lineNumber":118,"author":{"gitId":"-"},"content":"* `Course ID` must follow the correct format which is ‘C’ followed by 4 numeric digits. (e.g. `C0001`)","lastModifiedDate":"2025-10-30T20:19:49","isFullCredit":false},{"lineNumber":119,"author":{"gitId":"-"},"content":"* `Course ID` cannot be used by other courses in the course list.","lastModifiedDate":"2025-10-30T20:19:49","isFullCredit":false},{"lineNumber":120,"author":{"gitId":"-"},"content":"","lastModifiedDate":"2020-05-23T01:10:16","isFullCredit":false},{"lineNumber":121,"author":{"gitId":"-"},"content":"**Examples:**","lastModifiedDate":"2025-10-29T17:11:07","isFullCredit":false},{"lineNumber":122,"author":{"gitId":"-"},"content":"* `create_course n/English 101 id/C0002`","lastModifiedDate":"2025-10-23T17:42:38","isFullCredit":false},{"lineNumber":123,"author":{"gitId":"-"},"content":"* `create_course n/Calculus II id/C1231`","lastModifiedDate":"2025-10-29T18:53:04","isFullCredit":false},{"lineNumber":124,"author":{"gitId":"-"},"content":"","lastModifiedDate":"2020-05-23T01:10:16","isFullCredit":false},{"lineNumber":125,"author":{"gitId":"-"},"content":"---","lastModifiedDate":"2025-09-29T00:30:31","isFullCredit":false},{"lineNumber":126,"author":{"gitId":"-"},"content":"","lastModifiedDate":"2020-05-23T01:10:16","isFullCredit":false},{"lineNumber":127,"author":{"gitId":"-"},"content":"#### Viewing All Courses: `view_courses`","lastModifiedDate":"2025-10-30T23:37:42","isFullCredit":false},{"lineNumber":128,"author":{"gitId":"-"},"content":"","lastModifiedDate":"2020-05-23T01:10:16","isFullCredit":false},{"lineNumber":129,"author":{"gitId":"-"},"content":"Allows users to view a list of all existing courses with their Course IDs.","lastModifiedDate":"2025-09-29T00:30:31","isFullCredit":false},{"lineNumber":130,"author":{"gitId":"-"},"content":"","lastModifiedDate":"2020-05-23T01:10:16","isFullCredit":false},{"lineNumber":131,"author":{"gitId":"-"},"content":"**Format:** `view_courses`","lastModifiedDate":"2025-10-30T23:37:42","isFullCredit":false},{"lineNumber":132,"author":{"gitId":"-"},"content":"","lastModifiedDate":"2025-10-29T18:53:04","isFullCredit":false},{"lineNumber":133,"author":{"gitId":"-"},"content":"**Example:**","lastModifiedDate":"2025-10-29T18:53:04","isFullCredit":false},{"lineNumber":134,"author":{"gitId":"-"},"content":"* `view_courses`","lastModifiedDate":"2025-10-30T23:37:42","isFullCredit":false},{"lineNumber":135,"author":{"gitId":"-"},"content":"","lastModifiedDate":"2025-10-29T18:53:04","isFullCredit":false},{"lineNumber":136,"author":{"gitId":"-"},"content":"---","lastModifiedDate":"2025-10-29T18:53:04","isFullCredit":false},{"lineNumber":137,"author":{"gitId":"-"},"content":"","lastModifiedDate":"2025-10-29T18:53:04","isFullCredit":false},{"lineNumber":138,"author":{"gitId":"-"},"content":"#### Viewing Course Details: `view_course_details`","lastModifiedDate":"2025-10-30T20:19:49","isFullCredit":false},{"lineNumber":139,"author":{"gitId":"-"},"content":"","lastModifiedDate":"2025-10-29T18:53:04","isFullCredit":false},{"lineNumber":140,"author":{"gitId":"Beastarz"},"content":"Allows teachers to view all courses details and all the students in that class.","lastModifiedDate":"2025-11-01T11:48:48","isFullCredit":false},{"lineNumber":141,"author":{"gitId":"-"},"content":"","lastModifiedDate":"2025-10-29T18:53:04","isFullCredit":false},{"lineNumber":142,"author":{"gitId":"-"},"content":"**Format:** `view_course_details \u003cCOURSE_ID\u003e`","lastModifiedDate":"2025-10-30T20:19:49","isFullCredit":false},{"lineNumber":143,"author":{"gitId":"-"},"content":"","lastModifiedDate":"2025-10-29T18:53:04","isFullCredit":false},{"lineNumber":144,"author":{"gitId":"-"},"content":"**Examples:** `view_course_details C0001`","lastModifiedDate":"2025-10-30T20:19:49","isFullCredit":false},{"lineNumber":145,"author":{"gitId":"-"},"content":"","lastModifiedDate":"2020-05-23T01:10:16","isFullCredit":false},{"lineNumber":146,"author":{"gitId":"-"},"content":"---","lastModifiedDate":"2025-10-29T18:53:04","isFullCredit":false},{"lineNumber":147,"author":{"gitId":"-"},"content":"","lastModifiedDate":"2025-10-29T18:53:04","isFullCredit":false},{"lineNumber":148,"author":{"gitId":"-"},"content":"#### Find Course By Name: `find_course_by_name`","lastModifiedDate":"2025-10-30T20:19:49","isFullCredit":false},{"lineNumber":149,"author":{"gitId":"-"},"content":"","lastModifiedDate":"2025-10-29T18:53:04","isFullCredit":false},{"lineNumber":150,"author":{"gitId":"-"},"content":"Allows users to find course by entering the course name.","lastModifiedDate":"2025-10-29T18:53:04","isFullCredit":false},{"lineNumber":151,"author":{"gitId":"-"},"content":"","lastModifiedDate":"2025-10-29T18:53:04","isFullCredit":false},{"lineNumber":152,"author":{"gitId":"Beastarz"},"content":"**Format:** `find_course_by_name \u003cCOURSE_NAME\u003e...`","lastModifiedDate":"2025-11-01T11:48:48","isFullCredit":false},{"lineNumber":153,"author":{"gitId":"-"},"content":"","lastModifiedDate":"2025-10-30T14:26:34","isFullCredit":false},{"lineNumber":154,"author":{"gitId":"-"},"content":"**Requirements:**","lastModifiedDate":"2025-10-29T18:53:04","isFullCredit":false},{"lineNumber":155,"author":{"gitId":"-"},"content":"* Names can only include alphanumeric characters and spaces.","lastModifiedDate":"2025-10-30T14:26:34","isFullCredit":false},{"lineNumber":156,"author":{"gitId":"-"},"content":"* At least one name needs to be provided, and not blank.","lastModifiedDate":"2025-10-30T14:26:34","isFullCredit":false},{"lineNumber":157,"author":{"gitId":"-"},"content":"","lastModifiedDate":"2025-10-29T18:53:04","isFullCredit":false},{"lineNumber":158,"author":{"gitId":"-"},"content":"\u003cbox type\u003d\"tip\" seamless\u003e","lastModifiedDate":"2025-10-30T14:26:34","isFullCredit":false},{"lineNumber":159,"author":{"gitId":"-"},"content":"","lastModifiedDate":"2025-10-30T14:26:34","isFullCredit":false},{"lineNumber":160,"author":{"gitId":"-"},"content":"**Tips:**\u003cbr\u003e","lastModifiedDate":"2025-10-30T14:26:34","isFullCredit":false},{"lineNumber":161,"author":{"gitId":"-"},"content":"* Multiple names are allowed, separated by space.\u003cbr\u003e","lastModifiedDate":"2025-10-30T14:32:47","isFullCredit":false},{"lineNumber":162,"author":{"gitId":"-"},"content":"* Names are case-insensitive.\u003cbr\u003e","lastModifiedDate":"2025-10-30T14:26:34","isFullCredit":false},{"lineNumber":163,"author":{"gitId":"-"},"content":"","lastModifiedDate":"2025-10-30T14:26:34","isFullCredit":false},{"lineNumber":164,"author":{"gitId":"-"},"content":"\u003c/box\u003e","lastModifiedDate":"2025-10-30T14:26:34","isFullCredit":false},{"lineNumber":165,"author":{"gitId":"-"},"content":"","lastModifiedDate":"2025-10-29T18:53:04","isFullCredit":false},{"lineNumber":166,"author":{"gitId":"-"},"content":"**Example:**","lastModifiedDate":"2025-10-29T18:53:04","isFullCredit":false},{"lineNumber":167,"author":{"gitId":"-"},"content":"`find_course_by_name English Math`","lastModifiedDate":"2025-10-29T18:53:04","isFullCredit":false},{"lineNumber":168,"author":{"gitId":"-"},"content":"","lastModifiedDate":"2020-05-23T01:10:16","isFullCredit":false},{"lineNumber":169,"author":{"gitId":"-"},"content":"---","lastModifiedDate":"2025-09-29T00:30:31","isFullCredit":false},{"lineNumber":170,"author":{"gitId":"-"},"content":"","lastModifiedDate":"2020-05-23T01:10:16","isFullCredit":false},{"lineNumber":171,"author":{"gitId":"-"},"content":"#### Edit Course: `edit_course`","lastModifiedDate":"2025-10-30T20:19:49","isFullCredit":false},{"lineNumber":172,"author":{"gitId":"-"},"content":"","lastModifiedDate":"2025-10-30T20:19:49","isFullCredit":false},{"lineNumber":173,"author":{"gitId":"-"},"content":"Allows users to edit course id and course name by selecting its index in view list.","lastModifiedDate":"2025-10-30T20:19:49","isFullCredit":false},{"lineNumber":174,"author":{"gitId":"-"},"content":"","lastModifiedDate":"2025-10-30T20:19:49","isFullCredit":false},{"lineNumber":175,"author":{"gitId":"-"},"content":"**Format:** `edit_course INDEX [n/\u003cCOURSE_NAME\u003e] [id/\u003cCOURSE_ID\u003e]`","lastModifiedDate":"2025-10-30T20:19:49","isFullCredit":false},{"lineNumber":176,"author":{"gitId":"-"},"content":"","lastModifiedDate":"2025-10-30T20:19:49","isFullCredit":false},{"lineNumber":177,"author":{"gitId":"-"},"content":"**Requirements:**","lastModifiedDate":"2025-10-30T20:19:49","isFullCredit":false},{"lineNumber":178,"author":{"gitId":"-"},"content":"* INDEX need to be the same as the index used in the displayed course list.","lastModifiedDate":"2025-10-30T20:19:49","isFullCredit":false},{"lineNumber":179,"author":{"gitId":"-"},"content":"* `Course ID` must follow the correct format which is ‘C’ followed by 4 numeric digits. (e.g. `C0001`)","lastModifiedDate":"2025-10-30T20:19:49","isFullCredit":false},{"lineNumber":180,"author":{"gitId":"-"},"content":"* `Course ID` cannot be used by other courses in the course list.","lastModifiedDate":"2025-10-30T20:19:49","isFullCredit":false},{"lineNumber":181,"author":{"gitId":"-"},"content":"* At least one field (course name or course id) needs to be provided.","lastModifiedDate":"2025-10-30T20:19:49","isFullCredit":false},{"lineNumber":182,"author":{"gitId":"-"},"content":"","lastModifiedDate":"2025-10-30T20:19:49","isFullCredit":false},{"lineNumber":183,"author":{"gitId":"-"},"content":"**Example:**","lastModifiedDate":"2025-10-30T20:19:49","isFullCredit":false},{"lineNumber":184,"author":{"gitId":"-"},"content":"* `edit_course 1 n/English 101 id/C0001`","lastModifiedDate":"2025-10-30T20:19:49","isFullCredit":false},{"lineNumber":185,"author":{"gitId":"-"},"content":"","lastModifiedDate":"2025-10-30T20:19:49","isFullCredit":false},{"lineNumber":186,"author":{"gitId":"-"},"content":"---","lastModifiedDate":"2025-10-30T20:19:49","isFullCredit":false},{"lineNumber":187,"author":{"gitId":"-"},"content":"","lastModifiedDate":"2025-10-30T20:19:49","isFullCredit":false},{"lineNumber":188,"author":{"gitId":"-"},"content":"#### Deleting a Course: `delete_course`","lastModifiedDate":"2025-10-30T20:19:49","isFullCredit":false},{"lineNumber":189,"author":{"gitId":"-"},"content":"","lastModifiedDate":"2025-09-29T00:30:31","isFullCredit":false},{"lineNumber":190,"author":{"gitId":"-"},"content":"Allows teachers to delete an existing course using its unique **Course ID**.","lastModifiedDate":"2025-09-29T00:30:31","isFullCredit":false},{"lineNumber":191,"author":{"gitId":"-"},"content":"","lastModifiedDate":"2025-09-29T00:30:31","isFullCredit":false},{"lineNumber":192,"author":{"gitId":"-"},"content":"**Format:** `delete_course \u003cCOURSE_ID\u003e`","lastModifiedDate":"2025-10-29T17:11:07","isFullCredit":false},{"lineNumber":193,"author":{"gitId":"-"},"content":"","lastModifiedDate":"2025-09-29T00:30:31","isFullCredit":false},{"lineNumber":194,"author":{"gitId":"-"},"content":"\u003cbox type\u003d\"warning\" seamless\u003e","lastModifiedDate":"2025-09-29T00:30:31","isFullCredit":false},{"lineNumber":195,"author":{"gitId":"-"},"content":"","lastModifiedDate":"2025-10-29T17:11:07","isFullCredit":false},{"lineNumber":196,"author":{"gitId":"-"},"content":"**Caution:** Ensure the Course ID is correct, as this action cannot be undone.","lastModifiedDate":"2025-09-29T00:30:31","isFullCredit":false},{"lineNumber":197,"author":{"gitId":"-"},"content":"","lastModifiedDate":"2025-10-29T17:11:07","isFullCredit":false},{"lineNumber":198,"author":{"gitId":"-"},"content":"\u003c/box\u003e","lastModifiedDate":"2025-09-29T00:30:31","isFullCredit":false},{"lineNumber":199,"author":{"gitId":"-"},"content":"","lastModifiedDate":"2020-05-23T01:10:16","isFullCredit":false},{"lineNumber":200,"author":{"gitId":"-"},"content":"**Examples:**","lastModifiedDate":"2025-10-29T17:11:07","isFullCredit":false},{"lineNumber":201,"author":{"gitId":"-"},"content":"* `delete_course C0001`","lastModifiedDate":"2025-09-29T00:30:31","isFullCredit":false},{"lineNumber":202,"author":{"gitId":"-"},"content":"","lastModifiedDate":"2025-09-29T00:30:31","isFullCredit":false},{"lineNumber":203,"author":{"gitId":"-"},"content":"---","lastModifiedDate":"2025-10-30T20:19:49","isFullCredit":false},{"lineNumber":204,"author":{"gitId":"-"},"content":"","lastModifiedDate":"2025-10-30T20:19:49","isFullCredit":false},{"lineNumber":205,"author":{"gitId":"-"},"content":"### Student Management","lastModifiedDate":"2025-10-30T20:19:49","isFullCredit":false},{"lineNumber":206,"author":{"gitId":"-"},"content":"","lastModifiedDate":"2025-10-30T20:19:49","isFullCredit":false},{"lineNumber":207,"author":{"gitId":"-"},"content":"These commands are for registering, viewing, and managing students in the main database.","lastModifiedDate":"2025-10-30T20:19:49","isFullCredit":false},{"lineNumber":208,"author":{"gitId":"-"},"content":"","lastModifiedDate":"2025-10-30T20:19:49","isFullCredit":false},{"lineNumber":209,"author":{"gitId":"-"},"content":"---","lastModifiedDate":"2025-09-29T00:30:31","isFullCredit":false},{"lineNumber":210,"author":{"gitId":"-"},"content":"","lastModifiedDate":"2020-05-23T01:10:16","isFullCredit":false},{"lineNumber":211,"author":{"gitId":"-"},"content":"#### Registering a New Student: `register`","lastModifiedDate":"2025-10-30T20:19:49","isFullCredit":false},{"lineNumber":212,"author":{"gitId":"-"},"content":"","lastModifiedDate":"2020-05-23T01:10:16","isFullCredit":false},{"lineNumber":213,"author":{"gitId":"-"},"content":"Allows teachers to add a new student to the EB database. A unique **Student ID** (e.g., S00001) is automatically assigned.","lastModifiedDate":"2025-10-29T17:11:07","isFullCredit":false},{"lineNumber":214,"author":{"gitId":"-"},"content":"","lastModifiedDate":"2020-05-23T01:10:16","isFullCredit":false},{"lineNumber":215,"author":{"gitId":"-"},"content":"**Format:** `register n/\u003cNAME\u003e p/\u003cPHONE\u003e g/\u003cGENDER\u003e`","lastModifiedDate":"2025-10-29T17:11:07","isFullCredit":false},{"lineNumber":216,"author":{"gitId":"-"},"content":"","lastModifiedDate":"2020-05-23T01:10:16","isFullCredit":false},{"lineNumber":217,"author":{"gitId":"-"},"content":"**Requirements:**","lastModifiedDate":"2025-10-29T17:11:07","isFullCredit":false},{"lineNumber":218,"author":{"gitId":"-"},"content":"* `Name` can only include alphanumeric characters and spaces.","lastModifiedDate":"2025-10-30T20:19:49","isFullCredit":false},{"lineNumber":219,"author":{"gitId":"-"},"content":"* `Phone` numbers can only include numbers from 3 to 20 digits.","lastModifiedDate":"2025-10-30T20:19:49","isFullCredit":false},{"lineNumber":220,"author":{"gitId":"-"},"content":"* `Gender` can only accept values of `Male`, `Female`, and `Other`.","lastModifiedDate":"2025-10-30T20:19:49","isFullCredit":false},{"lineNumber":221,"author":{"gitId":"-"},"content":"","lastModifiedDate":"2025-10-29T16:50:55","isFullCredit":false},{"lineNumber":222,"author":{"gitId":"-"},"content":"\u003cbox type\u003d\"tip\" seamless\u003e","lastModifiedDate":"2025-09-29T00:30:31","isFullCredit":false},{"lineNumber":223,"author":{"gitId":"-"},"content":"","lastModifiedDate":"2025-10-29T16:50:55","isFullCredit":false},{"lineNumber":224,"author":{"gitId":"-"},"content":"**Tips:**\u003cbr\u003e","lastModifiedDate":"2025-10-29T17:11:07","isFullCredit":false},{"lineNumber":225,"author":{"gitId":"-"},"content":"* Duplicate names are allowed but will receive a new unique Student ID.\u003cbr\u003e","lastModifiedDate":"2025-10-29T17:11:07","isFullCredit":false},{"lineNumber":226,"author":{"gitId":"-"},"content":"* Names are case-sensitive.\u003cbr\u003e","lastModifiedDate":"2025-10-29T17:11:07","isFullCredit":false},{"lineNumber":227,"author":{"gitId":"-"},"content":"* Genders are case-insensitive.","lastModifiedDate":"2025-10-29T16:50:55","isFullCredit":false},{"lineNumber":228,"author":{"gitId":"-"},"content":"","lastModifiedDate":"2025-10-29T16:50:55","isFullCredit":false},{"lineNumber":229,"author":{"gitId":"-"},"content":"\u003c/box\u003e","lastModifiedDate":"2025-10-29T19:35:49","isFullCredit":false},{"lineNumber":230,"author":{"gitId":"-"},"content":"","lastModifiedDate":"2020-05-23T01:10:16","isFullCredit":false},{"lineNumber":231,"author":{"gitId":"-"},"content":"**Examples:**","lastModifiedDate":"2025-10-29T17:11:07","isFullCredit":false},{"lineNumber":232,"author":{"gitId":"-"},"content":"* `register n/John Doe p/12345678 g/Male`","lastModifiedDate":"2025-10-23T17:38:18","isFullCredit":false},{"lineNumber":233,"author":{"gitId":"-"},"content":"* `register n/Jane Doe p/12345678 g/Female`","lastModifiedDate":"2025-10-23T17:38:18","isFullCredit":false},{"lineNumber":234,"author":{"gitId":"-"},"content":"","lastModifiedDate":"2020-05-23T01:10:16","isFullCredit":false},{"lineNumber":235,"author":{"gitId":"-"},"content":"---","lastModifiedDate":"2025-09-29T00:30:31","isFullCredit":false},{"lineNumber":236,"author":{"gitId":"-"},"content":"","lastModifiedDate":"2020-05-23T01:10:16","isFullCredit":false},{"lineNumber":237,"author":{"gitId":"-"},"content":"#### Find Student By ID: `find_student_by_id`","lastModifiedDate":"2025-10-30T20:19:49","isFullCredit":false},{"lineNumber":238,"author":{"gitId":"-"},"content":"","lastModifiedDate":"2025-10-29T18:53:04","isFullCredit":false},{"lineNumber":239,"author":{"gitId":"-"},"content":"Allows users to find student by entering the student id.","lastModifiedDate":"2025-10-29T18:53:04","isFullCredit":false},{"lineNumber":240,"author":{"gitId":"-"},"content":"","lastModifiedDate":"2025-10-29T18:53:04","isFullCredit":false},{"lineNumber":241,"author":{"gitId":"Beastarz"},"content":"**Format:** `find_student_by_id \u003cSTUDENT_ID\u003e...`","lastModifiedDate":"2025-11-01T11:48:48","isFullCredit":false},{"lineNumber":242,"author":{"gitId":"-"},"content":"","lastModifiedDate":"2025-10-30T14:26:34","isFullCredit":false},{"lineNumber":243,"author":{"gitId":"-"},"content":"**Requirements:**","lastModifiedDate":"2025-10-29T18:53:04","isFullCredit":false},{"lineNumber":244,"author":{"gitId":"-"},"content":"* `Student ID` need to be in valid format, which is `S` followed by 5 digits (e.g., SXXXXX).","lastModifiedDate":"2025-10-30T23:37:42","isFullCredit":false},{"lineNumber":245,"author":{"gitId":"-"},"content":"* At least one id needs to be provided, and not blank.","lastModifiedDate":"2025-10-30T14:26:34","isFullCredit":false},{"lineNumber":246,"author":{"gitId":"-"},"content":"","lastModifiedDate":"2025-10-29T18:53:04","isFullCredit":false},{"lineNumber":247,"author":{"gitId":"-"},"content":"\u003cbox type\u003d\"tip\" seamless\u003e","lastModifiedDate":"2025-10-30T14:26:34","isFullCredit":false},{"lineNumber":248,"author":{"gitId":"-"},"content":"","lastModifiedDate":"2025-10-30T14:26:34","isFullCredit":false},{"lineNumber":249,"author":{"gitId":"-"},"content":"**Tips:**\u003cbr\u003e","lastModifiedDate":"2025-10-30T14:26:34","isFullCredit":false},{"lineNumber":250,"author":{"gitId":"-"},"content":"* Multiple ids are allowed, separated by space.\u003cbr\u003e","lastModifiedDate":"2025-10-30T14:32:47","isFullCredit":false},{"lineNumber":251,"author":{"gitId":"-"},"content":"* `Student ID` is case-sensitive.\u003cbr\u003e","lastModifiedDate":"2025-10-30T23:37:42","isFullCredit":false},{"lineNumber":252,"author":{"gitId":"-"},"content":"","lastModifiedDate":"2025-10-30T14:26:34","isFullCredit":false},{"lineNumber":253,"author":{"gitId":"-"},"content":"\u003c/box\u003e","lastModifiedDate":"2025-10-30T14:26:34","isFullCredit":false},{"lineNumber":254,"author":{"gitId":"-"},"content":"","lastModifiedDate":"2025-10-29T18:53:04","isFullCredit":false},{"lineNumber":255,"author":{"gitId":"-"},"content":"**Example:**","lastModifiedDate":"2025-10-29T18:53:04","isFullCredit":false},{"lineNumber":256,"author":{"gitId":"-"},"content":"`find_student_by_id S00001 S00002`","lastModifiedDate":"2025-10-29T18:53:04","isFullCredit":false},{"lineNumber":257,"author":{"gitId":"-"},"content":"","lastModifiedDate":"2025-10-29T18:53:04","isFullCredit":false},{"lineNumber":258,"author":{"gitId":"-"},"content":"---","lastModifiedDate":"2025-10-29T18:53:04","isFullCredit":false},{"lineNumber":259,"author":{"gitId":"-"},"content":"","lastModifiedDate":"2025-10-29T18:53:04","isFullCredit":false},{"lineNumber":260,"author":{"gitId":"-"},"content":"#### Find Student By Name: `find_student_by_name`","lastModifiedDate":"2025-10-30T20:19:49","isFullCredit":false},{"lineNumber":261,"author":{"gitId":"-"},"content":"","lastModifiedDate":"2025-10-29T18:53:04","isFullCredit":false},{"lineNumber":262,"author":{"gitId":"-"},"content":"Allows users to find student by entering the student name.","lastModifiedDate":"2025-10-29T18:53:04","isFullCredit":false},{"lineNumber":263,"author":{"gitId":"-"},"content":"","lastModifiedDate":"2025-10-29T18:53:04","isFullCredit":false},{"lineNumber":264,"author":{"gitId":"Beastarz"},"content":"**Format:** `find_student_by_name \u003cSTUDENT_NAME\u003e...`","lastModifiedDate":"2025-11-01T11:48:48","isFullCredit":false},{"lineNumber":265,"author":{"gitId":"-"},"content":"","lastModifiedDate":"2025-10-30T14:26:34","isFullCredit":false},{"lineNumber":266,"author":{"gitId":"-"},"content":"**Requirements:**","lastModifiedDate":"2025-10-29T18:53:04","isFullCredit":false},{"lineNumber":267,"author":{"gitId":"-"},"content":"* Names can only include alphanumeric characters and spaces.","lastModifiedDate":"2025-10-30T14:26:34","isFullCredit":false},{"lineNumber":268,"author":{"gitId":"-"},"content":"* At least one name needs to be provided, and not blank.","lastModifiedDate":"2025-10-30T14:26:34","isFullCredit":false},{"lineNumber":269,"author":{"gitId":"-"},"content":"","lastModifiedDate":"2025-10-29T18:53:04","isFullCredit":false},{"lineNumber":270,"author":{"gitId":"-"},"content":"\u003cbox type\u003d\"tip\" seamless\u003e","lastModifiedDate":"2025-10-30T14:26:34","isFullCredit":false},{"lineNumber":271,"author":{"gitId":"-"},"content":"","lastModifiedDate":"2025-10-30T14:26:34","isFullCredit":false},{"lineNumber":272,"author":{"gitId":"-"},"content":"**Tips:**\u003cbr\u003e","lastModifiedDate":"2025-10-30T14:26:34","isFullCredit":false},{"lineNumber":273,"author":{"gitId":"-"},"content":"* Multiple names are allowed, separated by space.\u003cbr\u003e","lastModifiedDate":"2025-10-30T14:32:47","isFullCredit":false},{"lineNumber":274,"author":{"gitId":"-"},"content":"* Names are case-insensitive.\u003cbr\u003e","lastModifiedDate":"2025-10-30T20:19:49","isFullCredit":false},{"lineNumber":275,"author":{"gitId":"-"},"content":"","lastModifiedDate":"2025-10-30T14:26:34","isFullCredit":false},{"lineNumber":276,"author":{"gitId":"-"},"content":"\u003c/box\u003e","lastModifiedDate":"2025-10-30T14:26:34","isFullCredit":false},{"lineNumber":277,"author":{"gitId":"-"},"content":"","lastModifiedDate":"2025-10-29T18:53:04","isFullCredit":false},{"lineNumber":278,"author":{"gitId":"-"},"content":"**Example:**","lastModifiedDate":"2025-10-29T18:53:04","isFullCredit":false},{"lineNumber":279,"author":{"gitId":"-"},"content":"`find_student_by_name Alice Bob`","lastModifiedDate":"2025-10-29T18:53:04","isFullCredit":false},{"lineNumber":280,"author":{"gitId":"-"},"content":"","lastModifiedDate":"2025-10-29T18:53:04","isFullCredit":false},{"lineNumber":281,"author":{"gitId":"-"},"content":"---","lastModifiedDate":"2025-10-29T18:53:04","isFullCredit":false},{"lineNumber":282,"author":{"gitId":"-"},"content":"","lastModifiedDate":"2025-10-29T18:53:04","isFullCredit":false},{"lineNumber":283,"author":{"gitId":"-"},"content":"#### Edit Student: `edit_student`","lastModifiedDate":"2025-10-30T20:19:49","isFullCredit":false},{"lineNumber":284,"author":{"gitId":"-"},"content":"","lastModifiedDate":"2025-10-30T20:19:49","isFullCredit":false},{"lineNumber":285,"author":{"gitId":"-"},"content":"Allows users to edit student name, phone and gender by selecting its index in view list.","lastModifiedDate":"2025-10-30T20:19:49","isFullCredit":false},{"lineNumber":286,"author":{"gitId":"-"},"content":"","lastModifiedDate":"2025-10-30T20:19:49","isFullCredit":false},{"lineNumber":287,"author":{"gitId":"-"},"content":"**Format:** `edit_student INDEX [n/\u003cNAME\u003e] [p/\u003cPHONE\u003e] [g/\u003cGENDER\u003e]`","lastModifiedDate":"2025-10-30T20:19:49","isFullCredit":false},{"lineNumber":288,"author":{"gitId":"-"},"content":"","lastModifiedDate":"2025-10-30T20:19:49","isFullCredit":false},{"lineNumber":289,"author":{"gitId":"-"},"content":"**Requirements:**","lastModifiedDate":"2025-10-30T20:19:49","isFullCredit":false},{"lineNumber":290,"author":{"gitId":"Beastarz"},"content":"* INDEX need to be the same as the index used in the displayed student list.","lastModifiedDate":"2025-11-01T11:48:48","isFullCredit":false},{"lineNumber":291,"author":{"gitId":"-"},"content":"* Names can only include alphanumeric characters and spaces.","lastModifiedDate":"2025-10-30T20:19:49","isFullCredit":false},{"lineNumber":292,"author":{"gitId":"-"},"content":"* Phone numbers can only include numbers from 3 to 20 digits.","lastModifiedDate":"2025-10-30T20:19:49","isFullCredit":false},{"lineNumber":293,"author":{"gitId":"-"},"content":"* Genders can only accept values of `Male`, `Female`, and `Other`.","lastModifiedDate":"2025-10-30T20:19:49","isFullCredit":false},{"lineNumber":294,"author":{"gitId":"-"},"content":"* At least one field (Name, Phone or Gender) needs to be provided.","lastModifiedDate":"2025-10-30T20:19:49","isFullCredit":false},{"lineNumber":295,"author":{"gitId":"-"},"content":"","lastModifiedDate":"2025-10-30T20:19:49","isFullCredit":false},{"lineNumber":296,"author":{"gitId":"-"},"content":"","lastModifiedDate":"2025-10-30T20:19:49","isFullCredit":false},{"lineNumber":297,"author":{"gitId":"-"},"content":"**Example:**","lastModifiedDate":"2025-10-30T20:19:49","isFullCredit":false},{"lineNumber":298,"author":{"gitId":"-"},"content":"* `edit_student 1 n/John Doe p/1230499 g/Male`","lastModifiedDate":"2025-10-30T20:19:49","isFullCredit":false},{"lineNumber":299,"author":{"gitId":"-"},"content":"","lastModifiedDate":"2025-10-30T20:19:49","isFullCredit":false},{"lineNumber":300,"author":{"gitId":"-"},"content":"---","lastModifiedDate":"2025-10-30T20:19:49","isFullCredit":false},{"lineNumber":301,"author":{"gitId":"-"},"content":"","lastModifiedDate":"2025-10-30T20:19:49","isFullCredit":false},{"lineNumber":302,"author":{"gitId":"-"},"content":"#### Deregistering a Student: `deregister`","lastModifiedDate":"2025-10-30T20:19:49","isFullCredit":false},{"lineNumber":303,"author":{"gitId":"-"},"content":"","lastModifiedDate":"2020-05-23T01:10:16","isFullCredit":false},{"lineNumber":304,"author":{"gitId":"-"},"content":"Allows teachers to permanently delete a student from the EB database using their unique **Student ID**.","lastModifiedDate":"2025-10-29T17:11:07","isFullCredit":false},{"lineNumber":305,"author":{"gitId":"-"},"content":"","lastModifiedDate":"2025-10-29T17:11:07","isFullCredit":false},{"lineNumber":306,"author":{"gitId":"-"},"content":"**Format:** `deregister \u003cSTUDENT_ID\u003e`","lastModifiedDate":"2025-10-29T17:11:07","isFullCredit":false},{"lineNumber":307,"author":{"gitId":"-"},"content":"","lastModifiedDate":"2020-05-23T01:10:16","isFullCredit":false},{"lineNumber":308,"author":{"gitId":"-"},"content":"**Requirements:**","lastModifiedDate":"2025-10-29T17:11:07","isFullCredit":false},{"lineNumber":309,"author":{"gitId":"-"},"content":"* `Student ID` must follow the correct format which is ‘S’ followed by 5 numeric digits. (e.g. `S00001`)","lastModifiedDate":"2025-10-30T23:37:42","isFullCredit":false},{"lineNumber":310,"author":{"gitId":"-"},"content":"* The target student exists in the EB database.","lastModifiedDate":"2025-10-29T17:11:07","isFullCredit":false},{"lineNumber":311,"author":{"gitId":"-"},"content":"* The target student is not enrolled in either of the courses.","lastModifiedDate":"2025-10-29T17:11:07","isFullCredit":false},{"lineNumber":312,"author":{"gitId":"-"},"content":"","lastModifiedDate":"2020-05-23T01:10:16","isFullCredit":false},{"lineNumber":313,"author":{"gitId":"-"},"content":"**Examples:**","lastModifiedDate":"2025-10-29T17:11:07","isFullCredit":false},{"lineNumber":314,"author":{"gitId":"-"},"content":"* `deregister S00001`","lastModifiedDate":"2025-10-30T20:19:49","isFullCredit":false},{"lineNumber":315,"author":{"gitId":"-"},"content":"","lastModifiedDate":"2020-05-23T01:10:16","isFullCredit":false},{"lineNumber":316,"author":{"gitId":"-"},"content":"---","lastModifiedDate":"2025-09-29T00:30:31","isFullCredit":false},{"lineNumber":317,"author":{"gitId":"-"},"content":"","lastModifiedDate":"2020-05-23T01:10:16","isFullCredit":false},{"lineNumber":318,"author":{"gitId":"-"},"content":"### Enrollment Management","lastModifiedDate":"2025-10-30T20:19:49","isFullCredit":false},{"lineNumber":319,"author":{"gitId":"-"},"content":"","lastModifiedDate":"2020-05-23T01:10:16","isFullCredit":false},{"lineNumber":320,"author":{"gitId":"-"},"content":"These commands manage the relationship between students and courses.","lastModifiedDate":"2025-10-30T20:19:49","isFullCredit":false},{"lineNumber":321,"author":{"gitId":"-"},"content":"","lastModifiedDate":"2025-09-29T00:30:31","isFullCredit":false},{"lineNumber":322,"author":{"gitId":"-"},"content":"---","lastModifiedDate":"2025-09-29T00:30:31","isFullCredit":false},{"lineNumber":323,"author":{"gitId":"-"},"content":"","lastModifiedDate":"2020-05-23T01:10:16","isFullCredit":false},{"lineNumber":324,"author":{"gitId":"-"},"content":"#### Adding Student to Course: `add_student`","lastModifiedDate":"2025-10-30T20:19:49","isFullCredit":false},{"lineNumber":325,"author":{"gitId":"-"},"content":"","lastModifiedDate":"2020-05-23T01:10:16","isFullCredit":false},{"lineNumber":326,"author":{"gitId":"-"},"content":"Allows teachers to enroll an already-registered student into a course using **Student ID** and **Course ID**.","lastModifiedDate":"2025-10-29T17:11:07","isFullCredit":false},{"lineNumber":327,"author":{"gitId":"-"},"content":"","lastModifiedDate":"2021-02-04T00:18:23","isFullCredit":false},{"lineNumber":328,"author":{"gitId":"-"},"content":"**Format:** `add_student \u003cSTUDENT_ID\u003e \u003cCOURSE_ID\u003e`","lastModifiedDate":"2025-10-29T17:11:07","isFullCredit":false},{"lineNumber":329,"author":{"gitId":"-"},"content":"","lastModifiedDate":"2025-10-29T17:11:07","isFullCredit":false},{"lineNumber":330,"author":{"gitId":"-"},"content":"**Requirements:**","lastModifiedDate":"2025-10-29T19:35:49","isFullCredit":false},{"lineNumber":331,"author":{"gitId":"-"},"content":"* `Student ID` must follow the correct format which is ‘S’ followed by 5 numeric digits. (e.g. `S00001`)","lastModifiedDate":"2025-10-29T17:11:07","isFullCredit":false},{"lineNumber":332,"author":{"gitId":"-"},"content":"* `Course ID` must follow the correct format which is ‘C’ followed by 4 numeric digits. (e.g. `C0001`)","lastModifiedDate":"2025-10-29T17:11:07","isFullCredit":false},{"lineNumber":333,"author":{"gitId":"-"},"content":"* The target student exists in the EB database.","lastModifiedDate":"2025-10-29T17:11:07","isFullCredit":false},{"lineNumber":334,"author":{"gitId":"-"},"content":"* The target course exists in the EB database.","lastModifiedDate":"2025-10-29T17:11:07","isFullCredit":false},{"lineNumber":335,"author":{"gitId":"-"},"content":"* The target student is not enrolled in the target course.","lastModifiedDate":"2025-10-29T17:11:07","isFullCredit":false},{"lineNumber":336,"author":{"gitId":"-"},"content":"","lastModifiedDate":"2021-02-04T00:18:23","isFullCredit":false},{"lineNumber":337,"author":{"gitId":"-"},"content":"\u003cbox type\u003d\"warning\" seamless\u003e","lastModifiedDate":"2023-09-12T01:20:47","isFullCredit":false},{"lineNumber":338,"author":{"gitId":"-"},"content":"","lastModifiedDate":"2025-10-29T17:11:07","isFullCredit":false},{"lineNumber":339,"author":{"gitId":"-"},"content":"**Caution:** A student cannot be added to a course if they are already inside the course.","lastModifiedDate":"2025-10-23T17:38:18","isFullCredit":false},{"lineNumber":340,"author":{"gitId":"-"},"content":"","lastModifiedDate":"2025-10-29T17:11:07","isFullCredit":false},{"lineNumber":341,"author":{"gitId":"-"},"content":"\u003c/box\u003e","lastModifiedDate":"2025-09-29T00:30:31","isFullCredit":false},{"lineNumber":342,"author":{"gitId":"-"},"content":"","lastModifiedDate":"2025-09-29T00:30:31","isFullCredit":false},{"lineNumber":343,"author":{"gitId":"-"},"content":"**Examples:**","lastModifiedDate":"2025-10-29T17:11:07","isFullCredit":false},{"lineNumber":344,"author":{"gitId":"-"},"content":"* `add_student S00001 C0001`","lastModifiedDate":"2025-10-23T17:38:18","isFullCredit":false},{"lineNumber":345,"author":{"gitId":"-"},"content":"","lastModifiedDate":"2025-09-29T00:30:31","isFullCredit":false},{"lineNumber":346,"author":{"gitId":"-"},"content":"---","lastModifiedDate":"2025-09-29T00:30:31","isFullCredit":false},{"lineNumber":347,"author":{"gitId":"-"},"content":"","lastModifiedDate":"2025-09-29T00:30:31","isFullCredit":false},{"lineNumber":348,"author":{"gitId":"-"},"content":"#### Removing Student from Course: `remove_student`","lastModifiedDate":"2025-10-30T20:19:49","isFullCredit":false},{"lineNumber":349,"author":{"gitId":"-"},"content":"","lastModifiedDate":"2025-09-29T00:30:31","isFullCredit":false},{"lineNumber":350,"author":{"gitId":"-"},"content":"Allows teachers to unenroll a student from the currently entered course using **Student ID** and **Course ID**.","lastModifiedDate":"2025-10-29T17:11:07","isFullCredit":false},{"lineNumber":351,"author":{"gitId":"-"},"content":"","lastModifiedDate":"2025-10-29T17:11:07","isFullCredit":false},{"lineNumber":352,"author":{"gitId":"-"},"content":"**Format:** `remove_student \u003cSTUDENT_ID\u003e \u003cCOURSE_ID\u003e`","lastModifiedDate":"2025-10-29T17:11:07","isFullCredit":false},{"lineNumber":353,"author":{"gitId":"-"},"content":"","lastModifiedDate":"2025-09-29T00:30:31","isFullCredit":false},{"lineNumber":354,"author":{"gitId":"-"},"content":"**Requirements:**","lastModifiedDate":"2025-10-29T19:35:49","isFullCredit":false},{"lineNumber":355,"author":{"gitId":"-"},"content":"* `Student ID` must follow the correct format which is ‘S’ followed by 5 numeric digits. (e.g. `S00001`)","lastModifiedDate":"2025-10-29T17:11:07","isFullCredit":false},{"lineNumber":356,"author":{"gitId":"-"},"content":"* `Course ID` must follow the correct format which is ‘C’ followed by 4 numeric digits. (e.g. `C0001`)","lastModifiedDate":"2025-10-29T17:11:07","isFullCredit":false},{"lineNumber":357,"author":{"gitId":"-"},"content":"* The target student exists in the EB database.","lastModifiedDate":"2025-10-29T17:11:07","isFullCredit":false},{"lineNumber":358,"author":{"gitId":"-"},"content":"* The target course exists in the EB database.","lastModifiedDate":"2025-10-29T17:11:07","isFullCredit":false},{"lineNumber":359,"author":{"gitId":"-"},"content":"* The target student is currently enrolled in the target course.","lastModifiedDate":"2025-10-29T17:11:07","isFullCredit":false},{"lineNumber":360,"author":{"gitId":"-"},"content":"","lastModifiedDate":"2025-09-29T00:30:31","isFullCredit":false},{"lineNumber":361,"author":{"gitId":"-"},"content":"**Examples:**","lastModifiedDate":"2025-10-29T17:11:07","isFullCredit":false},{"lineNumber":362,"author":{"gitId":"-"},"content":"* `remove_student S00001 C0001`","lastModifiedDate":"2025-10-23T17:38:18","isFullCredit":false},{"lineNumber":363,"author":{"gitId":"-"},"content":"","lastModifiedDate":"2025-09-29T00:30:31","isFullCredit":false},{"lineNumber":364,"author":{"gitId":"-"},"content":"","lastModifiedDate":"2025-09-29T00:30:31","isFullCredit":false},{"lineNumber":365,"author":{"gitId":"-"},"content":"--------------------------------------------------------------------------------------------------------------------","lastModifiedDate":"2020-05-23T01:10:16","isFullCredit":false},{"lineNumber":366,"author":{"gitId":"-"},"content":"","lastModifiedDate":"2020-05-23T01:10:16","isFullCredit":false},{"lineNumber":367,"author":{"gitId":"-"},"content":"## FAQ","lastModifiedDate":"2020-05-23T01:10:16","isFullCredit":false},{"lineNumber":368,"author":{"gitId":"-"},"content":"","lastModifiedDate":"2020-05-23T01:10:16","isFullCredit":false},{"lineNumber":369,"author":{"gitId":"-"},"content":"**Q**: I am getting an \"Invalid name\" error when registering a student.\u003cbr\u003e","lastModifiedDate":"2025-09-29T00:30:31","isFullCredit":false},{"lineNumber":370,"author":{"gitId":"-"},"content":"**A**: **Names can only contain alphanumeric characters and spaces.** Ensure you are not using any special symbols.","lastModifiedDate":"2025-10-30T23:37:42","isFullCredit":false},{"lineNumber":371,"author":{"gitId":"-"},"content":"","lastModifiedDate":"2025-09-29T00:30:31","isFullCredit":false},{"lineNumber":372,"author":{"gitId":"-"},"content":"**Q**: How do I know the ID of the course I just created?\u003cbr\u003e","lastModifiedDate":"2025-09-29T00:30:31","isFullCredit":false},{"lineNumber":373,"author":{"gitId":"Beastarz"},"content":"**A**: The **Course ID** is displayed immediately upon successful creation (e.g., `New course created: English; Course Id: C1231`). You can also use `view_courses` to see a list of all IDs.","lastModifiedDate":"2025-11-01T11:48:48","isFullCredit":false},{"lineNumber":374,"author":{"gitId":"-"},"content":"","lastModifiedDate":"2020-05-23T01:10:16","isFullCredit":false},{"lineNumber":375,"author":{"gitId":"-"},"content":"--------------------------------------------------------------------------------------------------------------------","lastModifiedDate":"2020-05-23T01:10:16","isFullCredit":false},{"lineNumber":376,"author":{"gitId":"-"},"content":"","lastModifiedDate":"2020-05-23T01:10:16","isFullCredit":false},{"lineNumber":377,"author":{"gitId":"-"},"content":"## Known issues","lastModifiedDate":"2023-09-08T13:05:01","isFullCredit":false},{"lineNumber":378,"author":{"gitId":"-"},"content":"","lastModifiedDate":"2023-09-08T13:05:01","isFullCredit":false},{"lineNumber":379,"author":{"gitId":"-"},"content":"1. **When using multiple screens**, if you move the application to a secondary screen, and later switch to using only the primary screen, the GUI will open off-screen. The remedy is to delete the `preferences.json` file created by the application before running the application again.","lastModifiedDate":"2023-09-08T13:05:01","isFullCredit":false},{"lineNumber":380,"author":{"gitId":"-"},"content":"2. **If you minimize the Help Window** and then run the `help` command (or use the `Help` menu, or the keyboard shortcut `F1`) again, the original Help Window will remain minimized, and no new Help Window will appear. The remedy is to manually restore the minimized Help Window.","lastModifiedDate":"2024-07-30T23:21:09","isFullCredit":false},{"lineNumber":381,"author":{"gitId":"-"},"content":"3. **On macOS devices**, bolded text in the UI may appear slightly cut off. There is currently no known fix, but the text remains largely readable.","lastModifiedDate":"2025-10-30T14:11:13","isFullCredit":false},{"lineNumber":382,"author":{"gitId":"-"},"content":"","lastModifiedDate":"2023-09-08T13:05:01","isFullCredit":false},{"lineNumber":383,"author":{"gitId":"-"},"content":"--------------------------------------------------------------------------------------------------------------------","lastModifiedDate":"2023-09-08T13:05:01","isFullCredit":false},{"lineNumber":384,"author":{"gitId":"-"},"content":"","lastModifiedDate":"2023-09-08T13:05:01","isFullCredit":false},{"lineNumber":385,"author":{"gitId":"-"},"content":"## Command summary","lastModifiedDate":"2020-05-23T01:10:16","isFullCredit":false},{"lineNumber":386,"author":{"gitId":"Beastarz"},"content":"**General Application**  ","lastModifiedDate":"2025-11-01T11:48:48","isFullCredit":false},{"lineNumber":387,"author":{"gitId":"-"},"content":"","lastModifiedDate":"2020-05-23T01:10:16","isFullCredit":false},{"lineNumber":388,"author":{"gitId":"-"},"content":"| **Action**        | **Format,** **Examples** |","lastModifiedDate":"2025-10-29T18:53:04","isFullCredit":false},{"lineNumber":389,"author":{"gitId":"Beastarz"},"content":"|:------------------|:-------------------------|","lastModifiedDate":"2025-11-01T11:48:48","isFullCredit":false},{"lineNumber":390,"author":{"gitId":"Beastarz"},"content":"| **Viewing Help**  | `help`                   |","lastModifiedDate":"2025-11-01T11:48:48","isFullCredit":false},{"lineNumber":391,"author":{"gitId":"-"},"content":"| **View All**      | `list`                   |","lastModifiedDate":"2025-10-30T20:19:49","isFullCredit":false},{"lineNumber":392,"author":{"gitId":"Beastarz"},"content":"| **Clea All Data** | `clear`                  | ","lastModifiedDate":"2025-11-01T11:48:48","isFullCredit":false},{"lineNumber":393,"author":{"gitId":"-"},"content":"| **Exit Program**  | `exit`                   |","lastModifiedDate":"2025-10-30T20:19:49","isFullCredit":false},{"lineNumber":394,"author":{"gitId":"Beastarz"},"content":"","lastModifiedDate":"2025-11-01T11:48:48","isFullCredit":false},{"lineNumber":395,"author":{"gitId":"Beastarz"},"content":"","lastModifiedDate":"2025-11-01T11:48:48","isFullCredit":false},{"lineNumber":396,"author":{"gitId":"Beastarz"},"content":"**Course Management**","lastModifiedDate":"2025-11-01T11:48:48","isFullCredit":false},{"lineNumber":397,"author":{"gitId":"Beastarz"},"content":"","lastModifiedDate":"2025-11-01T11:48:48","isFullCredit":false},{"lineNumber":398,"author":{"gitId":"Beastarz"},"content":"| **Action**                                                                                                                           | **Format,** **Examples**                                                                                    |","lastModifiedDate":"2025-11-01T11:48:48","isFullCredit":false},{"lineNumber":399,"author":{"gitId":"Beastarz"},"content":"|:-------------------------------------------------------------------------------------------------------------------------------------|:------------------------------------------------------------------------------------------------------------|","lastModifiedDate":"2025-11-01T11:48:48","isFullCredit":false},{"lineNumber":400,"author":{"gitId":"-"},"content":"| **Create Course**                                                                                                                    | `create_course n/\u003cCOURSE_NAME\u003e id/\u003cCOURSE_ID\u003e` \u003cbr\u003e e.g., `create_course n/Calculus II id/C1231`            |","lastModifiedDate":"2025-10-29T18:53:04","isFullCredit":false},{"lineNumber":401,"author":{"gitId":"Beastarz"},"content":"| **View Courses**                                                                                                                     | `view_courses`                                                                                              |","lastModifiedDate":"2025-11-01T11:48:48","isFullCredit":false},{"lineNumber":402,"author":{"gitId":"-"},"content":"| **View Course Details**                                                                                                              | `view_course_details \u003cCOURSE_ID\u003e` \u003cbr\u003e e.g., `view_course_details C0001`                                    |","lastModifiedDate":"2025-10-30T20:19:49","isFullCredit":false},{"lineNumber":403,"author":{"gitId":"-"},"content":"| **Find Course By Name**                                                                                                              | `find_course_by_name \u003cCOURSE_NAME\u003e` \u003cbr\u003e e.g., `find_course_by_name English`                                |","lastModifiedDate":"2025-10-30T20:19:49","isFullCredit":false},{"lineNumber":404,"author":{"gitId":"-"},"content":"| **Edit Course**                                                                                                                      | `edit_course INDEX n/\u003cCOURSE_NAME\u003e id/\u003cCOURSE_ID\u003e` \u003cbr\u003e e.g., `edit_course 1 n/Calculus II id/C1231`        |","lastModifiedDate":"2025-10-29T18:53:04","isFullCredit":false},{"lineNumber":405,"author":{"gitId":"-"},"content":"| **Delete Course**                                                                                                                    | `delete_course \u003cCOURSE_ID\u003e` \u003cbr\u003e e.g., `delete_course C0003`                                                |","lastModifiedDate":"2025-10-29T18:53:04","isFullCredit":false},{"lineNumber":406,"author":{"gitId":"Beastarz"},"content":"","lastModifiedDate":"2025-11-01T11:48:48","isFullCredit":false},{"lineNumber":407,"author":{"gitId":"Beastarz"},"content":"**Student Management**","lastModifiedDate":"2025-11-01T11:48:48","isFullCredit":false},{"lineNumber":408,"author":{"gitId":"Beastarz"},"content":"","lastModifiedDate":"2025-11-01T11:48:48","isFullCredit":false},{"lineNumber":409,"author":{"gitId":"Beastarz"},"content":"| **Action**                                                                                                                           | **Format,** **Examples**                                                                                    |","lastModifiedDate":"2025-11-01T11:48:48","isFullCredit":false},{"lineNumber":410,"author":{"gitId":"Beastarz"},"content":"|:-------------------------------------------------------------------------------------------------------------------------------------|:------------------------------------------------------------------------------------------------------------|","lastModifiedDate":"2025-11-01T11:48:48","isFullCredit":false},{"lineNumber":411,"author":{"gitId":"-"},"content":"| **Register Student**                                                                                                                 | `register n/\u003cNAME\u003e p/\u003cPHONE\u003e g/\u003cGENDER\u003e` \u003cbr\u003e e.g., `register n/John Doe p/12345678 g/Male`                 |","lastModifiedDate":"2025-10-29T18:53:04","isFullCredit":false},{"lineNumber":412,"author":{"gitId":"-"},"content":"| **Find Student By ID**                                                                                                               | `find_student_by_id \u003cSTUDENT_ID\u003e` \u003cbr\u003e e.g., `find_student_by_id S00001 S00002`                             |","lastModifiedDate":"2025-10-30T20:19:49","isFullCredit":false},{"lineNumber":413,"author":{"gitId":"-"},"content":"| **Find Student By Name**                                                                                                             | `find_student_by_name \u003cSTUDENT_NAME\u003e` \u003cbr\u003e e.g., `find_student_by_name Alice Bob`                           |","lastModifiedDate":"2025-10-30T20:19:49","isFullCredit":false},{"lineNumber":414,"author":{"gitId":"-"},"content":"| **Edit Student**                                                                                                                     | `edit_student INDEX n/\u003cNAME\u003e p/\u003cPHONE\u003e g/\u003cGENDER\u003e` \u003cbr\u003e e.g., `edit_student 1 n/John Doe p/12345678 g/Male` |","lastModifiedDate":"2025-10-29T18:53:04","isFullCredit":false},{"lineNumber":415,"author":{"gitId":"-"},"content":"| **Deregister Student**                                                                                                               | `deregister \u003cSTUDENT_ID\u003e` \u003cbr\u003e e.g., `deregister S00005`                                                    |","lastModifiedDate":"2025-10-30T20:19:49","isFullCredit":false},{"lineNumber":416,"author":{"gitId":"Beastarz"},"content":"","lastModifiedDate":"2025-11-01T11:48:48","isFullCredit":false},{"lineNumber":417,"author":{"gitId":"Beastarz"},"content":"**Enrollment Management**","lastModifiedDate":"2025-11-01T11:48:48","isFullCredit":false},{"lineNumber":418,"author":{"gitId":"Beastarz"},"content":"","lastModifiedDate":"2025-11-01T11:48:48","isFullCredit":false},{"lineNumber":419,"author":{"gitId":"Beastarz"},"content":"| **Action**                                                                                                                           | **Format,** **Examples**                                                                                    |","lastModifiedDate":"2025-11-01T11:48:48","isFullCredit":false},{"lineNumber":420,"author":{"gitId":"Beastarz"},"content":"|:-------------------------------------------------------------------------------------------------------------------------------------|:------------------------------------------------------------------------------------------------------------|","lastModifiedDate":"2025-11-01T11:48:48","isFullCredit":false},{"lineNumber":421,"author":{"gitId":"-"},"content":"| **Add Student**                                                                                                                      | `add_student \u003cSTUDENT_ID\u003e \u003cCOURSE_ID\u003e` \u003cbr\u003e e.g., `add_student S00001 C0001`                                |","lastModifiedDate":"2025-10-29T18:53:04","isFullCredit":false},{"lineNumber":422,"author":{"gitId":"-"},"content":"| **Remove Student**                                                                                                                   | `remove_student \u003cSTUDENT_ID\u003e \u003cCOURSE_ID\u003e` \u003cbr\u003e e.g., `remove_student S00001 C0001`                          |","lastModifiedDate":"2025-10-29T18:53:04","isFullCredit":false}],"authorContributionMap":{"Beastarz":36,"-":386}}]
