{"authorDailyContributionsMap":{"siuuuuuuuuuuuuuuuuuu":[],"Beastarz":[{"date":"2025-11-01T00:00:00","commitResults":[{"hash":"e9befe0ac1bb2c6898a4f1a5220680c2f1d9bad7","isMergeCommit":false,"messageTitle":"initial fix on UG","messageBody":"fixed typos, false information, improve feature table, adds unstated commands\n","fileTypesAndContributionMap":{"docs":{"insertions":52,"deletions":35}}},{"hash":"598e5f1ab50b2557e4818151d284f33ac9ac4ce6","isMergeCommit":true,"messageTitle":"merge from upstream master","messageBody":"","fileTypesAndContributionMap":{}},{"hash":"7baa8db5dfed06d3c56d00c2efc4d680e44e5eca","isMergeCommit":false,"messageTitle":"format ug","messageBody":"","fileTypesAndContributionMap":{"docs":{"insertions":0,"deletions":3}}}]}],"gnahuy123":[{"date":"2025-11-01T00:00:00","commitResults":[{"hash":"abb8c33693ab00e7f78eb4a57f3545f210f2b890","isMergeCommit":true,"messageTitle":"Merge pull request #269 from Beastarz/fix/UG","messageBody":"Fix/ug","fileTypesAndContributionMap":{}}]}],"reineoeq":[],"desmondwong1215":[]},"authorFileTypeContributionMap":{"siuuuuuuuuuuuuuuuuuu":{"docs":0,"functional-code":0,"test-code":0},"Beastarz":{"docs":36,"functional-code":0,"test-code":0},"gnahuy123":{"docs":0,"functional-code":0,"test-code":0},"reineoeq":{"docs":0,"functional-code":0,"test-code":0},"desmondwong1215":{"docs":0,"functional-code":0,"test-code":0}},"authorContributionVariance":{"siuuuuuuuuuuuuuuuuuu":0.0,"Beastarz":8100.0,"gnahuy123":0.0,"reineoeq":0.0,"desmondwong1215":0.0},"authorDisplayNameMap":{"siuuuuuuuuuuuuuuuuuu":"CS2103T-T13-4 YEO ..RCUS","Beastarz":"CS2103T-T13-4 GOH ..N YU","gnahuy123":"CS2103T-T13-4 TAN ..HANG","reineoeq":"CS2103T-T13-4 REIN.. QIN","desmondwong1215":"CS2103T-T13-4 DESM..HENG"}}
