{"authorDailyContributionsMap":{"Bleng-flash":[],"ryan-toh":[],"nghaowei":[],"Juggernaut102":[],"Starishine":[]},"authorFileTypeContributionMap":{"Bleng-flash":{"docs":0,"functional-code":0,"test-code":0},"ryan-toh":{"docs":0,"functional-code":0,"test-code":0},"nghaowei":{"docs":0,"functional-code":0,"test-code":0},"Juggernaut102":{"docs":0,"functional-code":0,"test-code":0},"Starishine":{"docs":0,"functional-code":0,"test-code":0}},"authorContributionVariance":{"Bleng-flash":0.0,"ryan-toh":0.0,"nghaowei":0.0,"Juggernaut102":0.0,"Starishine":0.0},"authorDisplayNameMap":{"Bleng-flash":"CS2103T-T12-1 LENG..RYAN","ryan-toh":"CS2103T-T12-1 TOH ..RYAN","nghaowei":"CS2103T-T12-1 NG H.. WEI","Juggernaut102":"CS2103T-T12-1 LIM ..HAUN","Starishine":"CS2103T-T12-1 BAWA..ANIA"}}
