{"authorDailyContributionsMap":{"csrhui":[],"wenn5055":[],"uylulu":[],"yk-tuturu":[],"Schpeider":[]},"authorFileTypeContributionMap":{"csrhui":{"docs":0,"functional-code":0,"test-code":0},"wenn5055":{"docs":0,"functional-code":0,"test-code":0},"uylulu":{"docs":0,"functional-code":0,"test-code":0},"yk-tuturu":{"docs":0,"functional-code":0,"test-code":0},"Schpeider":{"docs":0,"functional-code":0,"test-code":0}},"authorContributionVariance":{"csrhui":0.0,"wenn5055":0.0,"uylulu":0.0,"yk-tuturu":0.0,"Schpeider":0.0},"authorDisplayNameMap":{"csrhui":"CS2103T-F08a-4 CHAN..RHUI","wenn5055":"CS2103T-F08a-4 TANG..ENDY","uylulu":"CS2103T-F08a-4 DO T..G UY","yk-tuturu":"CS2103T-F08a-4 KOH .. KEI","Schpeider":"CS2103T-F08a-4 ONG .. JIE"}}
