[{"path":"docs/team/gracesong146.md","fileType":"docs","lines":[{"lineNumber":1,"author":{"gitId":"Gracesong146"},"content":"---","lastModifiedDate":"2025-11-01T17:53:55","isFullCredit":false},{"lineNumber":2,"author":{"gitId":"Gracesong146"},"content":"  layout: default.md","lastModifiedDate":"2025-11-01T17:53:55","isFullCredit":false},{"lineNumber":3,"author":{"gitId":"Gracesong146"},"content":"  title: \"Grace\u0027s Project Portfolio Page\"","lastModifiedDate":"2025-11-01T17:53:55","isFullCredit":false},{"lineNumber":4,"author":{"gitId":"Gracesong146"},"content":"---","lastModifiedDate":"2025-11-01T17:53:55","isFullCredit":false},{"lineNumber":5,"author":{"gitId":"Gracesong146"},"content":"","lastModifiedDate":"2025-11-01T17:53:55","isFullCredit":false},{"lineNumber":6,"author":{"gitId":"Gracesong146"},"content":"","lastModifiedDate":"2025-11-01T17:58:17","isFullCredit":false},{"lineNumber":7,"author":{"gitId":"Gracesong146"},"content":"### Project: Neighbourly","lastModifiedDate":"2025-11-01T17:53:55","isFullCredit":false},{"lineNumber":8,"author":{"gitId":"Gracesong146"},"content":"","lastModifiedDate":"2025-11-01T17:53:55","isFullCredit":false},{"lineNumber":9,"author":{"gitId":"Gracesong146"},"content":"Neighbourly is a **desktop app for managing senior and caregiver contacts, optimized for use via a Command Line Interface** (CLI) while still having the benefits of a Graphical User Interface (GUI). If you can type fast, Neighbourly can get your contact management tasks done faster than traditional GUI apps.","lastModifiedDate":"2025-11-01T17:53:55","isFullCredit":false},{"lineNumber":10,"author":{"gitId":"Gracesong146"},"content":"","lastModifiedDate":"2025-11-01T17:53:55","isFullCredit":false},{"lineNumber":11,"author":{"gitId":"Gracesong146"},"content":"Given below are my contributions to the project.","lastModifiedDate":"2025-11-01T17:53:55","isFullCredit":false},{"lineNumber":12,"author":{"gitId":"Gracesong146"},"content":"","lastModifiedDate":"2025-11-01T17:53:55","isFullCredit":false},{"lineNumber":13,"author":{"gitId":"Gracesong146"},"content":"### New Features","lastModifiedDate":"2025-11-01T17:53:55","isFullCredit":false},{"lineNumber":14,"author":{"gitId":"Gracesong146"},"content":"* `add-snr` — **Add Senior**","lastModifiedDate":"2025-11-01T17:53:55","isFullCredit":false},{"lineNumber":15,"author":{"gitId":"Gracesong146"},"content":"    * What it does: Creates a Senior with risk tag (High Risk/HR, Medium Risk/MR, Low Risk/LR), phone, address, and optional note. Risk is persisted and rendered as a colored chip.","lastModifiedDate":"2025-11-01T17:53:55","isFullCredit":false},{"lineNumber":16,"author":{"gitId":"Gracesong146"},"content":"    * Justification: Seniors are core domain entities; risk tagging is essential for triage and filtering.","lastModifiedDate":"2025-11-01T17:53:55","isFullCredit":false},{"lineNumber":17,"author":{"gitId":"Gracesong146"},"content":"    * Highlights: Designed a clean parser/command pair (`AddSeniorCommand`, `AddSeniorCommandParser`) and updated storage adapters/tests for the new role and risk schema.","lastModifiedDate":"2025-11-01T17:53:55","isFullCredit":false},{"lineNumber":18,"author":{"gitId":"Gracesong146"},"content":"    * Credits: Referenced the AB3 original `Person.java` and `AddCommandParser` file to maintain code consistency.","lastModifiedDate":"2025-11-01T17:53:55","isFullCredit":false},{"lineNumber":19,"author":{"gitId":"Gracesong146"},"content":"    * Issues/PRs: Fix [\\#41](https://github.com/AY2526S1-CS2103-F13-4/tp/issues/41) PR [\\#42](https://github.com/AY2526S1-CS2103-F13-4/tp/pull/42)","lastModifiedDate":"2025-11-01T17:53:55","isFullCredit":false},{"lineNumber":20,"author":{"gitId":"Gracesong146"},"content":"","lastModifiedDate":"2025-11-01T17:53:55","isFullCredit":false},{"lineNumber":21,"author":{"gitId":"Gracesong146"},"content":"","lastModifiedDate":"2025-11-01T17:53:55","isFullCredit":false},{"lineNumber":22,"author":{"gitId":"Gracesong146"},"content":"* `add-cgr` — **Add Caregiver with Auto-ID**","lastModifiedDate":"2025-11-01T17:53:55","isFullCredit":false},{"lineNumber":23,"author":{"gitId":"Gracesong146"},"content":"    * What it does: Creates a Caregiver with phone/address/note and auto-assigns a stable caregiver ID (cN) during execute().    * Justification: Seniors are core domain entities; risk tagging is essential for triage and filtering.","lastModifiedDate":"2025-11-01T17:53:55","isFullCredit":false},{"lineNumber":24,"author":{"gitId":"Gracesong146"},"content":"    * Justification: A human-friendly, immutable ID simplifies assignment UX and display (“c7” chip). ","lastModifiedDate":"2025-11-01T17:53:55","isFullCredit":false},{"lineNumber":25,"author":{"gitId":"Gracesong146"},"content":"    * Highlights: Designed a clean parser/command pair (AddCaregiverCommand, AddCaregiverCommandParser) and updated storage adapters/tests for the new role and risk schema.","lastModifiedDate":"2025-11-01T17:53:55","isFullCredit":false},{"lineNumber":26,"author":{"gitId":"Gracesong146"},"content":"    * Credits: Referenced the AB3 original `Person.java` and `AddCommandParser` file to maintain code consistency.","lastModifiedDate":"2025-11-01T17:53:55","isFullCredit":false},{"lineNumber":27,"author":{"gitId":"Gracesong146"},"content":"    * Issues/PRs: Fix [\\#41](https://github.com/AY2526S1-CS2103-F13-4/tp/issues/41)","lastModifiedDate":"2025-11-01T17:53:55","isFullCredit":false},{"lineNumber":28,"author":{"gitId":"Gracesong146"},"content":"","lastModifiedDate":"2025-11-01T17:53:55","isFullCredit":false},{"lineNumber":29,"author":{"gitId":"Gracesong146"},"content":"","lastModifiedDate":"2025-11-01T17:53:55","isFullCredit":false},{"lineNumber":30,"author":{"gitId":"Gracesong146"},"content":"* **Relationship Chips (Senior ↔ Caregiver)**","lastModifiedDate":"2025-11-01T17:53:55","isFullCredit":false},{"lineNumber":31,"author":{"gitId":"Gracesong146"},"content":"    * What it does:","lastModifiedDate":"2025-11-01T17:53:55","isFullCredit":false},{"lineNumber":32,"author":{"gitId":"Gracesong146"},"content":"        * Seniors: “Caregiver:” + one rounded chip with `caregiver name` or `Unassigned`","lastModifiedDate":"2025-11-01T17:53:55","isFullCredit":false},{"lineNumber":33,"author":{"gitId":"Gracesong146"},"content":"        * Caregivers: “Seniors:” + one rounded chip per assigned `senior name` or `Unassigned`","lastModifiedDate":"2025-11-01T17:53:55","isFullCredit":false},{"lineNumber":34,"author":{"gitId":"Gracesong146"},"content":"    * Justification: Gives instant visibility of relationships without opening details.","lastModifiedDate":"2025-11-01T17:53:55","isFullCredit":false},{"lineNumber":35,"author":{"gitId":"Gracesong146"},"content":"    * Highlights: Added chip row in PersonListCard.fxml; PersonCard#renderAssignedRow() builds chips; responsive wrapping; CSS chip styles; list refresh listener to reflect changes immediately.","lastModifiedDate":"2025-11-01T17:53:55","isFullCredit":false},{"lineNumber":36,"author":{"gitId":"Gracesong146"},"content":"    * Credits: Utilized ChatGPT with the generation of chip design for CSS code.","lastModifiedDate":"2025-11-01T17:53:55","isFullCredit":false},{"lineNumber":37,"author":{"gitId":"Gracesong146"},"content":"    * Issues/PRs: Fix [\\#56](https://github.com/AY2526S1-CS2103-F13-4/tp/issues/56) PR [\\#57](https://github.com/AY2526S1-CS2103-F13-4/tp/pull/57)","lastModifiedDate":"2025-11-01T17:53:55","isFullCredit":false},{"lineNumber":38,"author":{"gitId":"Gracesong146"},"content":"","lastModifiedDate":"2025-11-01T17:53:55","isFullCredit":false},{"lineNumber":39,"author":{"gitId":"Gracesong146"},"content":"","lastModifiedDate":"2025-11-01T17:53:55","isFullCredit":false},{"lineNumber":40,"author":{"gitId":"Gracesong146"},"content":"* `filter` **command**","lastModifiedDate":"2025-11-01T17:53:55","isFullCredit":false},{"lineNumber":41,"author":{"gitId":"Gracesong146"},"content":"    * What it does: Filters by tags (e.g., risk) to quickly list seniors with the corresponding tags.","lastModifiedDate":"2025-11-01T17:53:55","isFullCredit":false},{"lineNumber":42,"author":{"gitId":"Gracesong146"},"content":"    * Justification: Pairs with risk tagging for operational triage.","lastModifiedDate":"2025-11-01T17:53:55","isFullCredit":false},{"lineNumber":43,"author":{"gitId":"Gracesong146"},"content":"    * Highlights: Designed a clean parser/command pair (`FilterCommand`, `FilterCommandParser`). Documented in DG with examples.","lastModifiedDate":"2025-11-01T17:53:55","isFullCredit":false},{"lineNumber":44,"author":{"gitId":"Gracesong146"},"content":"    * Credits: Referenced the AB3 original `FindCommand.java` and `FindCommandParser` file to maintain code consistency.","lastModifiedDate":"2025-11-01T17:53:55","isFullCredit":false},{"lineNumber":45,"author":{"gitId":"Gracesong146"},"content":"    * Issues/PRs: Fix [\\#69](https://github.com/AY2526S1-CS2103-F13-4/tp/issues/69) PR [\\#70](https://github.com/AY2526S1-CS2103-F13-4/tp/pull/70) ","lastModifiedDate":"2025-11-01T17:53:55","isFullCredit":false},{"lineNumber":46,"author":{"gitId":"Gracesong146"},"content":"      ","lastModifiedDate":"2025-11-01T17:53:55","isFullCredit":false},{"lineNumber":47,"author":{"gitId":"Gracesong146"},"content":"","lastModifiedDate":"2025-11-01T17:53:55","isFullCredit":false},{"lineNumber":48,"author":{"gitId":"Gracesong146"},"content":"### Enhancements to existing features","lastModifiedDate":"2025-11-01T17:53:55","isFullCredit":false},{"lineNumber":49,"author":{"gitId":"Gracesong146"},"content":"","lastModifiedDate":"2025-11-01T17:53:55","isFullCredit":false},{"lineNumber":50,"author":{"gitId":"Gracesong146"},"content":"* `Pin` **command Revamp**","lastModifiedDate":"2025-11-01T17:53:55","isFullCredit":false},{"lineNumber":51,"author":{"gitId":"Gracesong146"},"content":"    * Changes:","lastModifiedDate":"2025-11-01T17:53:55","isFullCredit":false},{"lineNumber":52,"author":{"gitId":"Gracesong146"},"content":"        * Previously, after the UI split into Senior/Caregiver panels, pin implicitly pinned both (pin s/1 c/1). It now pins exactly one target at a time (either a Senior or a Caregiver). ","lastModifiedDate":"2025-11-01T17:53:55","isFullCredit":false},{"lineNumber":53,"author":{"gitId":"Gracesong146"},"content":"        * The pinned person is surfaced at the top of their panel.","lastModifiedDate":"2025-11-01T17:53:55","isFullCredit":false},{"lineNumber":54,"author":{"gitId":"Gracesong146"},"content":"        * Added an improved pinned-header UI and scrolling for long content.","lastModifiedDate":"2025-11-01T17:53:55","isFullCredit":false},{"lineNumber":55,"author":{"gitId":"Gracesong146"},"content":"    * Justification: ","lastModifiedDate":"2025-11-01T17:53:55","isFullCredit":false},{"lineNumber":56,"author":{"gitId":"Gracesong146"},"content":"        * Forcing users to pin both entities at once created hidden coupling between panels. Making pin single-target is clearer, reduces accidental pinning, and better matches users’ mental model (“I want this card at hand”).","lastModifiedDate":"2025-11-01T17:53:55","isFullCredit":false},{"lineNumber":57,"author":{"gitId":"Gracesong146"},"content":"        * Quick access to “working set.” Pinning promotes the current focus item to a stable, zero-scroll location—useful in long lists where the item would otherwise drift during filtering/sorting.","lastModifiedDate":"2025-11-01T17:53:55","isFullCredit":false},{"lineNumber":58,"author":{"gitId":"Gracesong146"},"content":"        * Scrolling for long content ensures that long notes won’t take over the page","lastModifiedDate":"2025-11-01T17:53:55","isFullCredit":false},{"lineNumber":59,"author":{"gitId":"Gracesong146"},"content":"    * Highlights: Added isPinned boolean to `Senior` and `Caregiver`, updated parsers/commands/UI/tests, replaced prior indirect note-based refresh.","lastModifiedDate":"2025-11-01T17:53:55","isFullCredit":false},{"lineNumber":60,"author":{"gitId":"Gracesong146"},"content":"    * Issues/PRs: Fix [\\#103](https://github.com/AY2526S1-CS2103-F13-4/tp/issues/103) [\\#104](https://github.com/AY2526S1-CS2103-F13-4/tp/issues/104) [\\#107](https://github.com/AY2526S1-CS2103-F13-4/tp/issues/107) PR [\\#110](https://github.com/AY2526S1-CS2103-F13-4/tp/pull/110)","lastModifiedDate":"2025-11-01T17:53:55","isFullCredit":false},{"lineNumber":61,"author":{"gitId":"Gracesong146"},"content":"","lastModifiedDate":"2025-11-01T17:53:55","isFullCredit":false},{"lineNumber":62,"author":{"gitId":"Gracesong146"},"content":"","lastModifiedDate":"2025-11-01T17:53:55","isFullCredit":false},{"lineNumber":63,"author":{"gitId":"Gracesong146"},"content":"* `Unpin` **command Revamp**","lastModifiedDate":"2025-11-01T17:53:55","isFullCredit":false},{"lineNumber":64,"author":{"gitId":"Gracesong146"},"content":"    * Changes:","lastModifiedDate":"2025-11-01T17:53:55","isFullCredit":false},{"lineNumber":65,"author":{"gitId":"Gracesong146"},"content":"        * Previously, the unpin command accepted no parameters (unpin) and always cleared whatever was pinned.","lastModifiedDate":"2025-11-01T17:53:55","isFullCredit":false},{"lineNumber":66,"author":{"gitId":"Gracesong146"},"content":"        * Now it supports scopes for precise control: `unpin` / `unpin all` (clear both), `unpin s` (Senior only), `unpin c` (Caregiver only).","lastModifiedDate":"2025-11-01T17:53:55","isFullCredit":false},{"lineNumber":67,"author":{"gitId":"Gracesong146"},"content":"    * Justification:","lastModifiedDate":"2025-11-01T17:53:55","isFullCredit":false},{"lineNumber":68,"author":{"gitId":"Gracesong146"},"content":"        * Precision over collateral actions. Users often want to keep one target pinned while clearing the other (e.g., unpin a caregiver but keep a high-risk senior at hand). Scoped unpin prevents accidental loss of context.","lastModifiedDate":"2025-11-01T17:53:55","isFullCredit":false},{"lineNumber":69,"author":{"gitId":"Gracesong146"},"content":"        * Symmetry with pin. Since pin is now single-target, unpin should mirror that granularity for predictability and learnability.","lastModifiedDate":"2025-11-01T17:53:55","isFullCredit":false},{"lineNumber":70,"author":{"gitId":"Gracesong146"},"content":"    * Highlights: Added scoped parsing (unpin, unpin all|a, unpin s, unpin c) with helpful usage messages.","lastModifiedDate":"2025-11-01T17:53:55","isFullCredit":false},{"lineNumber":71,"author":{"gitId":"Gracesong146"},"content":"    * Issues/PRs: PR [\\#110](https://github.com/AY2526S1-CS2103-F13-4/tp/pull/110)","lastModifiedDate":"2025-11-01T17:53:55","isFullCredit":false},{"lineNumber":72,"author":{"gitId":"Gracesong146"},"content":"","lastModifiedDate":"2025-11-01T17:53:55","isFullCredit":false},{"lineNumber":73,"author":{"gitId":"Gracesong146"},"content":"","lastModifiedDate":"2025-11-01T17:53:55","isFullCredit":false},{"lineNumber":74,"author":{"gitId":"Gracesong146"},"content":"* **Pin UI polish**","lastModifiedDate":"2025-11-01T17:53:55","isFullCredit":false},{"lineNumber":75,"author":{"gitId":"Gracesong146"},"content":"    * Replaced the old red outline with a subtle blue pinned header for better contrast/readability.","lastModifiedDate":"2025-11-01T17:53:55","isFullCredit":false},{"lineNumber":76,"author":{"gitId":"Gracesong146"},"content":"    * Added a pin icon at the top-right of the pinned card to make the state obvious at a glance.","lastModifiedDate":"2025-11-01T17:53:55","isFullCredit":false},{"lineNumber":77,"author":{"gitId":"Gracesong146"},"content":"    * Issues/PRs:","lastModifiedDate":"2025-11-01T17:53:55","isFullCredit":false},{"lineNumber":78,"author":{"gitId":"Gracesong146"},"content":"","lastModifiedDate":"2025-11-01T17:53:55","isFullCredit":false},{"lineNumber":79,"author":{"gitId":"Gracesong146"},"content":"","lastModifiedDate":"2025-11-01T17:53:55","isFullCredit":false},{"lineNumber":80,"author":{"gitId":"Gracesong146"},"content":"* **Update risk tag UI from `HR/MR/LR` to `High/Medium/Low Risk`**","lastModifiedDate":"2025-11-01T17:53:55","isFullCredit":false},{"lineNumber":81,"author":{"gitId":"Gracesong146"},"content":"    * Changes: Replaced terse chips `HR`, `MR`, `LR` with fully spelled labels `High Risk`, `Medium Risk`, `Low Risk` throughout the UI.","lastModifiedDate":"2025-11-01T17:53:55","isFullCredit":false},{"lineNumber":82,"author":{"gitId":"Gracesong146"},"content":"    * Justification: Removes jargon—new users immediately understand the meaning without a legend.","lastModifiedDate":"2025-11-01T17:53:55","isFullCredit":false},{"lineNumber":83,"author":{"gitId":"Gracesong146"},"content":"    * Issues/PRs: Fix [\\#60](https://github.com/AY2526S1-CS2103-F13-4/tp/issues/60) PR [\\#62](https://github.com/AY2526S1-CS2103-F13-4/tp/pull/62)","lastModifiedDate":"2025-11-01T17:53:55","isFullCredit":false},{"lineNumber":84,"author":{"gitId":"Gracesong146"},"content":"","lastModifiedDate":"2025-11-01T17:53:55","isFullCredit":false},{"lineNumber":85,"author":{"gitId":"Gracesong146"},"content":"","lastModifiedDate":"2025-11-01T17:53:55","isFullCredit":false},{"lineNumber":86,"author":{"gitId":"Gracesong146"},"content":"### Bug Fixes \u0026 Quality Improvements","lastModifiedDate":"2025-11-01T17:53:55","isFullCredit":false},{"lineNumber":87,"author":{"gitId":"Gracesong146"},"content":"","lastModifiedDate":"2025-11-01T17:53:55","isFullCredit":false},{"lineNumber":88,"author":{"gitId":"Gracesong146"},"content":"* **Fix assign → pinned caregiver refresh**","lastModifiedDate":"2025-11-01T17:53:55","isFullCredit":false},{"lineNumber":89,"author":{"gitId":"Gracesong146"},"content":"    * Before: After running assign s/i c/j, the assigned chips on Senior/Caregiver cards did not update immediately. The UI only refreshed after you clicked the affected card.","lastModifiedDate":"2025-11-01T17:53:55","isFullCredit":false},{"lineNumber":90,"author":{"gitId":"Gracesong146"},"content":"    * Now: I added a listener-based refresh so the UI reacts automatically:","lastModifiedDate":"2025-11-01T17:53:55","isFullCredit":false},{"lineNumber":91,"author":{"gitId":"Gracesong146"},"content":"    * A ListChangeListener/observer hooks into assignment changes and triggers a lightweight repaint. ","lastModifiedDate":"2025-11-01T17:53:55","isFullCredit":false},{"lineNumber":92,"author":{"gitId":"Gracesong146"},"content":"    * Both the main lists and the pinned header are refreshed on the JavaFX thread, so chips redraw instantly without manual clicks.","lastModifiedDate":"2025-11-01T17:53:55","isFullCredit":false},{"lineNumber":93,"author":{"gitId":"Gracesong146"},"content":"    * Credits: Utilized Chatgpt to solve the issue.","lastModifiedDate":"2025-11-01T17:53:55","isFullCredit":false},{"lineNumber":94,"author":{"gitId":"Gracesong146"},"content":"    * Issues/PRs: Fix [\\#113](https://github.com/AY2526S1-CS2103-F13-4/tp/issues/113) PR [\\#114](https://github.com/AY2526S1-CS2103-F13-4/tp/pull/114)","lastModifiedDate":"2025-11-01T17:53:55","isFullCredit":false},{"lineNumber":95,"author":{"gitId":"Gracesong146"},"content":"","lastModifiedDate":"2025-11-01T17:53:55","isFullCredit":false},{"lineNumber":96,"author":{"gitId":"Gracesong146"},"content":"","lastModifiedDate":"2025-11-01T17:53:55","isFullCredit":false},{"lineNumber":97,"author":{"gitId":"Gracesong146"},"content":"* **Minimum width \u0026 layout robustness**","lastModifiedDate":"2025-11-01T17:53:55","isFullCredit":false},{"lineNumber":98,"author":{"gitId":"Gracesong146"},"content":"    * Prevents cramped UI and chip wrapping glitches at narrow widths.","lastModifiedDate":"2025-11-01T17:53:55","isFullCredit":false},{"lineNumber":99,"author":{"gitId":"Gracesong146"},"content":"    * Issues/PRs: Fix [\\#111](https://github.com/AY2526S1-CS2103-F13-4/tp/issues/111) PR [\\#112](https://github.com/AY2526S1-CS2103-F13-4/tp/pull/112)","lastModifiedDate":"2025-11-01T17:53:55","isFullCredit":false},{"lineNumber":100,"author":{"gitId":"Gracesong146"},"content":"","lastModifiedDate":"2025-11-01T17:53:55","isFullCredit":false},{"lineNumber":101,"author":{"gitId":"Gracesong146"},"content":"","lastModifiedDate":"2025-11-01T17:53:55","isFullCredit":false},{"lineNumber":102,"author":{"gitId":"Gracesong146"},"content":"* `edit` **command: clearer unsuccessful messages**","lastModifiedDate":"2025-11-01T17:53:55","isFullCredit":false},{"lineNumber":103,"author":{"gitId":"Gracesong146"},"content":"    * Before: If you edited a Senior’s name to John and there was already a Senior named John, the app sometimes showed “Caregiver already exists.” This happened because the duplicate-name check short-circuited on the wrong list and used a caregiver-specific error string.","lastModifiedDate":"2025-11-01T17:53:55","isFullCredit":false},{"lineNumber":104,"author":{"gitId":"Gracesong146"},"content":"    * We enforce global uniqueness across roles and return a single, clear message:","lastModifiedDate":"2025-11-01T17:53:55","isFullCredit":false},{"lineNumber":105,"author":{"gitId":"Gracesong146"},"content":"      `A person with the same name already exists.`","lastModifiedDate":"2025-11-01T17:53:55","isFullCredit":false},{"lineNumber":106,"author":{"gitId":"Gracesong146"},"content":"    * Issues/PRs: Fix [\\#164](https://github.com/AY2526S1-CS2103-F13-4/tp/issues/164) PR [\\#165](https://github.com/AY2526S1-CS2103-F13-4/tp/pull/165)","lastModifiedDate":"2025-11-01T17:53:55","isFullCredit":false},{"lineNumber":107,"author":{"gitId":"Gracesong146"},"content":"","lastModifiedDate":"2025-11-01T17:53:55","isFullCredit":false},{"lineNumber":108,"author":{"gitId":"Gracesong146"},"content":"### Test Cases","lastModifiedDate":"2025-11-01T17:53:55","isFullCredit":false},{"lineNumber":109,"author":{"gitId":"Gracesong146"},"content":"* Added test files and test cases for Person, AddCommand, AddCommandParser, FilterCommand, FilterCommandParser, AddressBookParser, PersonHasAnyTagPredicate, JsonAdaptedPerson with SeniorBuilder and CaregiverBuilder.","lastModifiedDate":"2025-11-01T17:53:55","isFullCredit":false},{"lineNumber":110,"author":{"gitId":"Gracesong146"},"content":"","lastModifiedDate":"2025-11-01T17:53:55","isFullCredit":false},{"lineNumber":111,"author":{"gitId":"Gracesong146"},"content":"### Code contributed","lastModifiedDate":"2025-11-01T17:53:55","isFullCredit":false},{"lineNumber":112,"author":{"gitId":"Gracesong146"},"content":"* **Code contributed**: [RepoSense link](https://nus-cs2103-ay2526s1.github.io/tp-dashboard/?search\u003d\u0026sort\u003dgroupTitle\u0026sortWithin\u003dtitle\u0026timeframe\u003dcommit\u0026mergegroup\u003d\u0026groupSelect\u003dgroupByRepos\u0026breakdown\u003dtrue\u0026checkedFileTypes\u003ddocs~functional-code~test-code~other\u0026since\u003d2025-09-19T00%3A00%3A00\u0026filteredFileName\u003d\u0026tabOpen\u003dtrue\u0026tabType\u003dauthorship\u0026tabAuthor\u003dGracesong146\u0026tabRepo\u003dAY2526S1-CS2103-F13-4%2Ftp%5Bmaster%5D\u0026authorshipIsMergeGroup\u003dfalse\u0026authorshipFileTypes\u003ddocs~functional-code~test-code\u0026authorshipIsBinaryFileTypeChecked\u003dfalse\u0026authorshipIsIgnoredFilesChecked\u003dfalse)","lastModifiedDate":"2025-11-01T17:53:55","isFullCredit":false},{"lineNumber":113,"author":{"gitId":"Gracesong146"},"content":"","lastModifiedDate":"2025-11-01T17:53:55","isFullCredit":false},{"lineNumber":114,"author":{"gitId":"Gracesong146"},"content":"### Project Management","lastModifiedDate":"2025-11-01T17:53:55","isFullCredit":false},{"lineNumber":115,"author":{"gitId":"Gracesong146"},"content":"* **Project management**:","lastModifiedDate":"2025-11-01T17:53:55","isFullCredit":false},{"lineNumber":116,"author":{"gitId":"Gracesong146"},"content":"    * Drafted and posted releases `v1.4`, `v1.5`, `v1.5.1` (3 releases) on GitHub","lastModifiedDate":"2025-11-01T17:53:55","isFullCredit":false},{"lineNumber":117,"author":{"gitId":"Gracesong146"},"content":"","lastModifiedDate":"2025-11-01T17:53:55","isFullCredit":false},{"lineNumber":118,"author":{"gitId":"Gracesong146"},"content":"### Documentation","lastModifiedDate":"2025-11-01T17:53:55","isFullCredit":false},{"lineNumber":119,"author":{"gitId":"Gracesong146"},"content":"* **User Guide:**","lastModifiedDate":"2025-11-01T17:53:55","isFullCredit":false},{"lineNumber":120,"author":{"gitId":"Gracesong146"},"content":"    * Added documentation for the features `filter` (Fix) [\\#72](https://github.com/AY2526S1-CS2103-F13-4/tp/issues/72) PR [\\#73](https://github.com/AY2526S1-CS2103-F13-4/tp/pull/73)","lastModifiedDate":"2025-11-01T17:53:55","isFullCredit":false},{"lineNumber":121,"author":{"gitId":"Gracesong146"},"content":"    * Updated images to match the new layout of the UI for `pin`, `unpin`, `find`, `help` (PR) [\\#169](https://github.com/AY2526S1-CS2103-F13-4/tp/pull/169) [\\#183](https://github.com/AY2526S1-CS2103-F13-4/tp/pull/183)","lastModifiedDate":"2025-11-01T17:53:55","isFullCredit":false},{"lineNumber":122,"author":{"gitId":"Gracesong146"},"content":"    * Edited the input formats for `unpin` feature (PR) [\\#184](https://github.com/AY2526S1-CS2103-F13-4/tp/pull/184)","lastModifiedDate":"2025-11-01T17:53:55","isFullCredit":false},{"lineNumber":123,"author":{"gitId":"Gracesong146"},"content":"    * Edited `pin` and `unpin` commands under command summary table (PR) [\\#186](https://github.com/AY2526S1-CS2103-F13-4/tp/pull/186)","lastModifiedDate":"2025-11-01T17:53:55","isFullCredit":false},{"lineNumber":124,"author":{"gitId":"Gracesong146"},"content":"","lastModifiedDate":"2025-11-01T17:53:55","isFullCredit":false},{"lineNumber":125,"author":{"gitId":"Gracesong146"},"content":"","lastModifiedDate":"2025-11-01T17:53:55","isFullCredit":false},{"lineNumber":126,"author":{"gitId":"Gracesong146"},"content":"* **Developer Guide:**","lastModifiedDate":"2025-11-01T17:53:55","isFullCredit":false},{"lineNumber":127,"author":{"gitId":"Gracesong146"},"content":"    * Class diagram AddCommand change to AddSeniorCommand","lastModifiedDate":"2025-11-01T17:53:55","isFullCredit":false},{"lineNumber":128,"author":{"gitId":"Gracesong146"},"content":"    * Sequence diagram delete command change formatting","lastModifiedDate":"2025-11-01T17:53:55","isFullCredit":false},{"lineNumber":129,"author":{"gitId":"Gracesong146"},"content":"    * Textual updates that may no longer be relevant i.e. updating `AddCommand` to `AddSeniorCommand` or `AddCaregiverCommand` within section","lastModifiedDate":"2025-11-01T17:53:55","isFullCredit":false},{"lineNumber":130,"author":{"gitId":"Gracesong146"},"content":"    * Edited use cases and added MSS for `assign`, `unassign`, `pin`, `unpin","lastModifiedDate":"2025-11-01T17:53:55","isFullCredit":false},{"lineNumber":131,"author":{"gitId":"Gracesong146"},"content":"    * Edited `ArchitectureSequenceDiagram.puml` and `ModelClassDiagram.puml`","lastModifiedDate":"2025-11-01T17:53:55","isFullCredit":false},{"lineNumber":132,"author":{"gitId":"Gracesong146"},"content":"    * Issues/PRs: Fix [\\#91](https://github.com/AY2526S1-CS2103-F13-4/tp/issues/91) PR [\\#117](https://github.com/AY2526S1-CS2103-F13-4/tp/pull/117) [\\#184](https://github.com/AY2526S1-CS2103-F13-4/tp/pull/184)","lastModifiedDate":"2025-11-01T17:53:55","isFullCredit":false},{"lineNumber":133,"author":{"gitId":"Gracesong146"},"content":"","lastModifiedDate":"2025-11-01T17:53:55","isFullCredit":false},{"lineNumber":134,"author":{"gitId":"Gracesong146"},"content":"","lastModifiedDate":"2025-11-01T17:53:55","isFullCredit":false},{"lineNumber":135,"author":{"gitId":"Gracesong146"},"content":"* **Readme.md:**","lastModifiedDate":"2025-11-01T17:53:55","isFullCredit":false},{"lineNumber":136,"author":{"gitId":"Gracesong146"},"content":"    * Update the image and descriptions consistently (Fix) [\\#25](https://github.com/AY2526S1-CS2103-F13-4/tp/issues/25) [\\#108](https://github.com/AY2526S1-CS2103-F13-4/tp/issues/108) PR [\\#32](https://github.com/AY2526S1-CS2103-F13-4/tp/pull/32) [\\#109](https://github.com/AY2526S1-CS2103-F13-4/tp/pull/109)","lastModifiedDate":"2025-11-01T17:53:55","isFullCredit":false},{"lineNumber":137,"author":{"gitId":"Gracesong146"},"content":"","lastModifiedDate":"2025-11-01T17:53:55","isFullCredit":false},{"lineNumber":138,"author":{"gitId":"Gracesong146"},"content":"### **Community**","lastModifiedDate":"2025-11-01T17:53:55","isFullCredit":false},{"lineNumber":139,"author":{"gitId":"Gracesong146"},"content":"* PRs reviewed (with non-trivial review comments):","lastModifiedDate":"2025-11-01T17:53:55","isFullCredit":false},{"lineNumber":140,"author":{"gitId":"Gracesong146"},"content":"[\\#75](https://github.com/AY2526S1-CS2103-F13-4/tp/pull/75),","lastModifiedDate":"2025-11-01T17:53:55","isFullCredit":false},{"lineNumber":141,"author":{"gitId":"Gracesong146"},"content":"[\\#78](https://github.com/AY2526S1-CS2103-F13-4/tp/pull/78),","lastModifiedDate":"2025-11-01T17:53:55","isFullCredit":false},{"lineNumber":142,"author":{"gitId":"Gracesong146"},"content":"[\\#81](https://github.com/AY2526S1-CS2103-F13-4/tp/pull/81)","lastModifiedDate":"2025-11-01T17:53:55","isFullCredit":false},{"lineNumber":143,"author":{"gitId":"Gracesong146"},"content":"","lastModifiedDate":"2025-11-01T17:53:55","isFullCredit":false},{"lineNumber":144,"author":{"gitId":"Gracesong146"},"content":"* Contributed to forum discussions (examples:","lastModifiedDate":"2025-11-01T17:53:55","isFullCredit":false},{"lineNumber":145,"author":{"gitId":"Gracesong146"},"content":"[1](https://github.com/nus-cs2103-AY2526S1/forum/issues/72),","lastModifiedDate":"2025-11-01T17:53:55","isFullCredit":false},{"lineNumber":146,"author":{"gitId":"Gracesong146"},"content":"[2](https://github.com/nus-cs2103-AY2526S1/forum/issues/79),","lastModifiedDate":"2025-11-01T17:53:55","isFullCredit":false},{"lineNumber":147,"author":{"gitId":"Gracesong146"},"content":"[3](https://github.com/nus-cs2103-AY2526S1/forum/issues/96),","lastModifiedDate":"2025-11-01T17:53:55","isFullCredit":false},{"lineNumber":148,"author":{"gitId":"Gracesong146"},"content":"[4](https://github.com/nus-cs2103-AY2526S1/forum/issues/129),","lastModifiedDate":"2025-11-01T17:53:55","isFullCredit":false},{"lineNumber":149,"author":{"gitId":"Gracesong146"},"content":"[5](https://github.com/nus-cs2103-AY2526S1/forum/issues/134)","lastModifiedDate":"2025-11-01T17:53:55","isFullCredit":false},{"lineNumber":150,"author":{"gitId":"Gracesong146"},"content":"[6](https://github.com/nus-cs2103-AY2526S1/forum/issues/185))","lastModifiedDate":"2025-11-01T17:53:55","isFullCredit":false},{"lineNumber":151,"author":{"gitId":"Gracesong146"},"content":"","lastModifiedDate":"2025-11-01T17:53:55","isFullCredit":false},{"lineNumber":152,"author":{"gitId":"Gracesong146"},"content":"* Reported bugs and suggestions for other teams in the class","lastModifiedDate":"2025-11-01T17:53:55","isFullCredit":false},{"lineNumber":153,"author":{"gitId":"Gracesong146"},"content":"(examples:","lastModifiedDate":"2025-11-01T17:53:55","isFullCredit":false},{"lineNumber":154,"author":{"gitId":"Gracesong146"},"content":"[1](https://github.com/AY2526S1-CS2103T-F12-3/tp/issues/215),","lastModifiedDate":"2025-11-01T17:53:55","isFullCredit":false},{"lineNumber":155,"author":{"gitId":"Gracesong146"},"content":"[2](https://github.com/AY2526S1-CS2103T-F12-3/tp/issues/216),","lastModifiedDate":"2025-11-01T17:53:55","isFullCredit":false},{"lineNumber":156,"author":{"gitId":"Gracesong146"},"content":"[3](https://github.com/AY2526S1-CS2103T-F12-3/tp/issues/217),","lastModifiedDate":"2025-11-01T17:53:55","isFullCredit":false},{"lineNumber":157,"author":{"gitId":"Gracesong146"},"content":"[4](https://github.com/AY2526S1-CS2103T-F12-3/tp/issues/228),","lastModifiedDate":"2025-11-01T17:53:55","isFullCredit":false},{"lineNumber":158,"author":{"gitId":"Gracesong146"},"content":"[5](https://github.com/AY2526S1-CS2103T-F12-3/tp/issues/232),","lastModifiedDate":"2025-11-01T17:53:55","isFullCredit":false},{"lineNumber":159,"author":{"gitId":"Gracesong146"},"content":"[6](https://github.com/AY2526S1-CS2103T-F12-3/tp/issues/237),","lastModifiedDate":"2025-11-01T17:53:55","isFullCredit":false},{"lineNumber":160,"author":{"gitId":"Gracesong146"},"content":"[7](https://github.com/AY2526S1-CS2103T-F12-3/tp/issues/290),","lastModifiedDate":"2025-11-01T17:53:55","isFullCredit":false},{"lineNumber":161,"author":{"gitId":"Gracesong146"},"content":"[8](https://github.com/AY2526S1-CS2103T-F12-3/tp/issues/292),","lastModifiedDate":"2025-11-01T17:53:55","isFullCredit":false},{"lineNumber":162,"author":{"gitId":"Gracesong146"},"content":"[9](https://github.com/AY2526S1-CS2103T-F12-3/tp/issues/293),","lastModifiedDate":"2025-11-01T17:53:55","isFullCredit":false},{"lineNumber":163,"author":{"gitId":"Gracesong146"},"content":"[10](https://github.com/AY2526S1-CS2103T-F12-3/tp/issues/294),","lastModifiedDate":"2025-11-01T17:53:55","isFullCredit":false},{"lineNumber":164,"author":{"gitId":"Gracesong146"},"content":"[11](https://github.com/AY2526S1-CS2103T-F12-3/tp/issues/295),","lastModifiedDate":"2025-11-01T17:53:55","isFullCredit":false},{"lineNumber":165,"author":{"gitId":"Gracesong146"},"content":"[12](https://github.com/AY2526S1-CS2103T-F12-3/tp/issues/296),","lastModifiedDate":"2025-11-01T17:53:55","isFullCredit":false},{"lineNumber":166,"author":{"gitId":"Gracesong146"},"content":"[13](https://github.com/AY2526S1-CS2103T-F12-3/tp/issues/297),","lastModifiedDate":"2025-11-01T17:53:55","isFullCredit":false},{"lineNumber":167,"author":{"gitId":"Gracesong146"},"content":"[14](https://github.com/AY2526S1-CS2103T-F12-3/tp/issues/298),","lastModifiedDate":"2025-11-01T17:53:55","isFullCredit":false},{"lineNumber":168,"author":{"gitId":"Gracesong146"},"content":"[15](https://github.com/AY2526S1-CS2103T-F12-3/tp/issues/219),","lastModifiedDate":"2025-11-01T17:53:55","isFullCredit":false},{"lineNumber":169,"author":{"gitId":"Gracesong146"},"content":"[16](https://github.com/AY2526S1-CS2103T-F12-3/tp/issues/220),","lastModifiedDate":"2025-11-01T17:53:55","isFullCredit":false},{"lineNumber":170,"author":{"gitId":"Gracesong146"},"content":"[17](https://github.com/AY2526S1-CS2103T-F12-3/tp/issues/281),","lastModifiedDate":"2025-11-01T17:53:55","isFullCredit":false},{"lineNumber":171,"author":{"gitId":"Gracesong146"},"content":"[18](https://github.com/AY2526S1-CS2103T-F12-3/tp/issues/285))","lastModifiedDate":"2025-11-01T17:53:55","isFullCredit":false},{"lineNumber":172,"author":{"gitId":"Gracesong146"},"content":"","lastModifiedDate":"2025-11-01T17:53:55","isFullCredit":false},{"lineNumber":173,"author":{"gitId":"Gracesong146"},"content":"**Tools**:","lastModifiedDate":"2025-11-01T17:53:55","isFullCredit":false},{"lineNumber":174,"author":{"gitId":"Gracesong146"},"content":"* Integrated a Github plugin (Codex) to personal repo in on 28 October 2025 to solve PR [\\#114](https://github.com/AY2526S1-CS2103-F13-4/tp/pull/114)","lastModifiedDate":"2025-11-01T17:53:55","isFullCredit":false}],"authorContributionMap":{"Gracesong146":174}}]
