{"authorDailyContributionsMap":{"Gracesong146":[],"weihan-01":[],"j-os-h-in":[],"whchenyicn":[],"yymeiting":[]},"authorFileTypeContributionMap":{"Gracesong146":{"docs":0,"functional-code":0,"test-code":0},"weihan-01":{"docs":0,"functional-code":0,"test-code":0},"j-os-h-in":{"docs":0,"functional-code":0,"test-code":0},"whchenyicn":{"docs":0,"functional-code":0,"test-code":0},"yymeiting":{"docs":0,"functional-code":0,"test-code":0}},"authorContributionVariance":{"Gracesong146":0.0,"weihan-01":0.0,"j-os-h-in":0.0,"whchenyicn":0.0,"yymeiting":0.0},"authorDisplayNameMap":{"Gracesong146":"CS2103-F13-4 GRAC..SONG","weihan-01":"CS2103-F13-4 TAN .. HAN","j-os-h-in":"CS2103-F13-4 TAN ..SHIN","whchenyicn":"CS2103-F13-4 CHEN..ILIN","yymeiting":"CS2103-F13-4 YAP ..TING"}}
