{"authorDailyContributionsMap":{"Gracesong146":[{"date":"2025-11-01T00:00:00","commitResults":[{"hash":"13576b76480a764ca50525cb3404d07abd6ef9ad","isMergeCommit":false,"messageTitle":"Add Grace\u0027s Project Portfolio Page","messageBody":"","fileTypesAndContributionMap":{"docs":{"insertions":173,"deletions":0}}},{"hash":"b55b0dad16cdc4eebe775c4ee57a47c485bb1049","isMergeCommit":true,"messageTitle":"Merge pull request #264 from AY2526S1-CS2103-F13-4/branch-readme-grace","messageBody":"Add Grace\u0027s Project Portfolio Page","fileTypesAndContributionMap":{}},{"hash":"267d2037e2f630713097fcfed2a1d117ab7adb41","isMergeCommit":false,"messageTitle":"Update gracesong.md","messageBody":"","fileTypesAndContributionMap":{"docs":{"insertions":2,"deletions":1}}},{"hash":"98990d4e425af0d71040468b41e6e569299c582b","isMergeCommit":false,"messageTitle":"Rename gracesong.md to gracesong146.md","messageBody":"","fileTypesAndContributionMap":{"docs":{"insertions":0,"deletions":0}}}]}],"weihan-01":[],"j-os-h-in":[],"whchenyicn":[],"yymeiting":[]},"authorFileTypeContributionMap":{"Gracesong146":{"docs":174,"functional-code":0,"test-code":0},"weihan-01":{"docs":0,"functional-code":0,"test-code":0},"j-os-h-in":{"docs":0,"functional-code":0,"test-code":0},"whchenyicn":{"docs":0,"functional-code":0,"test-code":0},"yymeiting":{"docs":0,"functional-code":0,"test-code":0}},"authorContributionVariance":{"Gracesong146":30976.0,"weihan-01":0.0,"j-os-h-in":0.0,"whchenyicn":0.0,"yymeiting":0.0},"authorDisplayNameMap":{"Gracesong146":"CS2103-F13-4 GRAC..SONG","weihan-01":"CS2103-F13-4 TAN .. HAN","j-os-h-in":"CS2103-F13-4 TAN ..SHIN","whchenyicn":"CS2103-F13-4 CHEN..ILIN","yymeiting":"CS2103-F13-4 YAP ..TING"}}
