{"authorDailyContributionsMap":{"Ruinim":[{"date":"2025-11-01T00:00:00","commitResults":[{"hash":"65edb363ac092596ff00b9b16219dd20faf9ab33","isMergeCommit":false,"messageTitle":"Fix some typo changes","messageBody":"","fileTypesAndContributionMap":{"functional-code":{"insertions":6,"deletions":8}}},{"hash":"2ef20103b269f064727215fcad5f17f33415eacc","isMergeCommit":false,"messageTitle":"Fix dg usage","messageBody":"","fileTypesAndContributionMap":{"docs":{"insertions":32,"deletions":36}}},{"hash":"d5dea16e2cd9e264adc8a1e8c3fbc1afc091d8b9","isMergeCommit":false,"messageTitle":"Fix accidental change","messageBody":"","fileTypesAndContributionMap":{"docs":{"insertions":2,"deletions":2}}},{"hash":"974fdff15114e456842aab03b52704f29802a6d4","isMergeCommit":true,"messageTitle":"Merge pull request #278 from WhyisQuek/fix-UG","messageBody":"Add medical history to edit example","fileTypesAndContributionMap":{}}]}],"jxnwxx":[{"date":"2025-11-01T00:00:00","commitResults":[{"hash":"617778a068285f7ebb8c0accb025ef54c4db4550","isMergeCommit":true,"messageTitle":"Merge pull request #279 from lunardrak/branch-update-dev-guide","messageBody":"Branch update dev guide","fileTypesAndContributionMap":{}},{"hash":"4d885fd1f78971af925e551c31638a55710e3768","isMergeCommit":false,"messageTitle":"Fix Ui elements overlap bug and add restrictions to certain fields","messageBody":"","fileTypesAndContributionMap":{"functional-code":{"insertions":16,"deletions":10}}},{"hash":"2b9674db4a70e6731d6c549ae0056986c0ee58ab","isMergeCommit":true,"messageTitle":"Merge master branch to branch-fix-mh-overlap-appt","messageBody":"","fileTypesAndContributionMap":{}},{"hash":"aa8966bb5655808d8d348c66c982430285f43b9d","isMergeCommit":false,"messageTitle":"Fix Help Window being able to be minimised and resized","messageBody":"","fileTypesAndContributionMap":{"functional-code":{"insertions":2,"deletions":0}}},{"hash":"ded41b40960cab7dbe983eb9e3f56a62647a7751","isMergeCommit":false,"messageTitle":"Fix regex in Medical History allowing empty string","messageBody":"","fileTypesAndContributionMap":{"functional-code":{"insertions":3,"deletions":2}}},{"hash":"1e2a8e54ddfaf2549d668a5ae6280be638434724","isMergeCommit":true,"messageTitle":"Merge pull request #280 from WhyisQuek/branch-fix-index-message","messageBody":"Fix error message for edit-appt","fileTypesAndContributionMap":{}},{"hash":"04b7e75458d6a66f43e47931ca1918c12afd24a5","isMergeCommit":true,"messageTitle":"Merge branch \u0027master\u0027 into branch-fix-help","messageBody":"","fileTypesAndContributionMap":{}},{"hash":"4eaa145e743f215f1d791fa1fb229d000ca69cd7","isMergeCommit":true,"messageTitle":"Merge pull request #281 from WhyisQuek/branch-fix-help","messageBody":"Fix edit command usage message","fileTypesAndContributionMap":{}},{"hash":"d8c28691a8d0c0a962095eb0a6fca8e19198bc19","isMergeCommit":true,"messageTitle":"Merge pull request #283 from WhyisQuek/branch-fix-typo","messageBody":"Fix medical history typo","fileTypesAndContributionMap":{}},{"hash":"010dd101fd962842701d74aa03ab94086911262e","isMergeCommit":true,"messageTitle":"Merge pull request #286 from WhyisQuek/branch-fix-phone","messageBody":"Add phone constraint (max 15 numbers)","fileTypesAndContributionMap":{}},{"hash":"32ade9c4ce462b5e78f829ae6333eade4fec0ff6","isMergeCommit":true,"messageTitle":"Merge pull request #290 from lunardrak/branch-update-dev-guide","messageBody":"Branch update dev guide","fileTypesAndContributionMap":{}}]}],"goatmilkkk":[{"date":"2025-11-01T00:00:00","commitResults":[{"hash":"69f71410060f67569bc66fd603290a16d512699d","isMergeCommit":false,"messageTitle":"Improve visibility of selected past appointments","messageBody":"","fileTypesAndContributionMap":{"functional-code":{"insertions":3,"deletions":3}}},{"hash":"0f265b3254255bb17b331a888b3dc948f0d2662c","isMergeCommit":false,"messageTitle":"Sort appointments after *-appt commands","messageBody":"","fileTypesAndContributionMap":{"functional-code":{"insertions":15,"deletions":0}}},{"hash":"8a9c656b1b8c444b54428686bfb388f0e94da47f","isMergeCommit":false,"messageTitle":"Fix trailing whitespace","messageBody":"","fileTypesAndContributionMap":{"functional-code":{"insertions":1,"deletions":1}}},{"hash":"6ed7050ed14561ab4250383fcdbb2c3d7b5588ea","isMergeCommit":false,"messageTitle":"Update UG to clarify appt sorting order","messageBody":"","fileTypesAndContributionMap":{"docs":{"insertions":1,"deletions":0}}},{"hash":"ca585c3d5f053897ab5eaa13aed5405299575d57","isMergeCommit":false,"messageTitle":"Remove unnecessary sorting in add-appt","messageBody":"","fileTypesAndContributionMap":{"functional-code":{"insertions":0,"deletions":8}}}]}],"WhyisQuek":[{"date":"2025-11-01T00:00:00","commitResults":[{"hash":"3aca96d74e0d15b73855f0053645f2cca57438a9","isMergeCommit":true,"messageTitle":"Merge pull request #271 from Ruinim/branch-typo-changes","messageBody":"Fix some typo changes in code","fileTypesAndContributionMap":{}},{"hash":"be806c39d2896ff69336ec9279b4e90c5b010eb2","isMergeCommit":true,"messageTitle":"Merge pull request #276 from Ruinim/branch-dg-changes","messageBody":"Fix dg and ug usage","fileTypesAndContributionMap":{}},{"hash":"365c4d5e4966cd15b41dd58defc89c007f010683","isMergeCommit":false,"messageTitle":"Fix #249","messageBody":"","fileTypesAndContributionMap":{"docs":{"insertions":1,"deletions":1}}},{"hash":"e008c370da97603afa1934afa7c1924c98e8a7f9","isMergeCommit":false,"messageTitle":"Fix error message","messageBody":"","fileTypesAndContributionMap":{"functional-code":{"insertions":2,"deletions":2}}},{"hash":"6aa63eed1494de474c12add37744e0a497b4951b","isMergeCommit":false,"messageTitle":"Fix edit command usage message","messageBody":"","fileTypesAndContributionMap":{"functional-code":{"insertions":3,"deletions":2},"docs":{"insertions":1,"deletions":1}}},{"hash":"3987d32975289be524ee6fd0e824944772f25a15","isMergeCommit":false,"messageTitle":"Fix medical history typo","messageBody":"","fileTypesAndContributionMap":{"docs":{"insertions":1,"deletions":1}}},{"hash":"3a16b32f2858733574eb43a816ffbb9d6212e75a","isMergeCommit":false,"messageTitle":"Add phone constraint (max 15 numbers)","messageBody":"","fileTypesAndContributionMap":{"functional-code":{"insertions":2,"deletions":2},"test-code":{"insertions":3,"deletions":1}}},{"hash":"ea78f45bcbcfae99d400c3bc4a62f14ee299515d","isMergeCommit":true,"messageTitle":"Merge pull request #285 from goatmilkkk/branch-improve-visibility-of-selected-past-appts","messageBody":"Improve visibility of selected past appointments","fileTypesAndContributionMap":{}},{"hash":"efe9c4e89a36538eadf1267c991efffcc751899f","isMergeCommit":true,"messageTitle":"Merge pull request #282 from jxnwxx/branch-fix-mh-overlap-appt","messageBody":"Branch fix mh overlap appt","fileTypesAndContributionMap":{}},{"hash":"6a6dd0d4cf2e9b90bd861b1f9a622cdc5d87544a","isMergeCommit":true,"messageTitle":"Merge pull request #289 from goatmilkkk/branch-sort-appts-after-cmds","messageBody":"Sort appointments after *-appt commands","fileTypesAndContributionMap":{}}]}],"lunardrak":[{"date":"2025-11-01T00:00:00","commitResults":[{"hash":"f5282be5c25fb26f1d805f055893e25153c174ff","isMergeCommit":false,"messageTitle":"add acknowledgements","messageBody":"","fileTypesAndContributionMap":{"docs":{"insertions":24,"deletions":14}}},{"hash":"48263e4913863903022adf5f690b2ee09cf06266","isMergeCommit":false,"messageTitle":"fix UC4","messageBody":"","fileTypesAndContributionMap":{"docs":{"insertions":1,"deletions":1}}},{"hash":"18f5a8e6bd9f568294851c4c71abd35f04b51660","isMergeCommit":false,"messageTitle":"fix duplicated table of contents","messageBody":"","fileTypesAndContributionMap":{"docs":{"insertions":0,"deletions":1}}},{"hash":"bc13021a4dd17d0e522c920525d28c5561e3a381","isMergeCommit":false,"messageTitle":"update table of contents","messageBody":"","fileTypesAndContributionMap":{"docs":{"insertions":3,"deletions":25}}},{"hash":"b4694e67129cad6a686154702c809d188ad16ffe","isMergeCommit":false,"messageTitle":"add usecase for find","messageBody":"","fileTypesAndContributionMap":{"docs":{"insertions":20,"deletions":0}}},{"hash":"a573ae68017da58df2db8f2df3dc13b55c31f3a2","isMergeCommit":false,"messageTitle":"add edit patient and edit appointment use cases","messageBody":"","fileTypesAndContributionMap":{"docs":{"insertions":53,"deletions":1}}}]}]},"authorFileTypeContributionMap":{"Ruinim":{"docs":28,"functional-code":4,"test-code":0},"jxnwxx":{"docs":1,"functional-code":20,"test-code":0},"goatmilkkk":{"docs":1,"functional-code":10,"test-code":0},"WhyisQuek":{"docs":1,"functional-code":7,"test-code":3},"lunardrak":{"docs":72,"functional-code":0,"test-code":0}},"authorContributionVariance":{"Ruinim":7396.0,"jxnwxx":1089.0,"goatmilkkk":1024.0,"WhyisQuek":529.0,"lunardrak":20449.0},"authorDisplayNameMap":{"Ruinim":"CS2103T-W10-3 LEE ..HIEN","jxnwxx":"CS2103T-W10-3 YUE .. WEI","goatmilkkk":"CS2103T-W10-3 YEO ..CENT","WhyisQuek":"CS2103T-W10-3 TIMO..YUAN","lunardrak":"CS2103T-W10-3 SEAN.. JUN"}}
