{"authorDailyContributionsMap":{"Ruinim":[{"date":"2025-11-01T00:00:00","commitResults":[{"hash":"65edb363ac092596ff00b9b16219dd20faf9ab33","isMergeCommit":false,"messageTitle":"Fix some typo changes","messageBody":"","fileTypesAndContributionMap":{"functional-code":{"insertions":6,"deletions":8}}},{"hash":"2ef20103b269f064727215fcad5f17f33415eacc","isMergeCommit":false,"messageTitle":"Fix dg usage","messageBody":"","fileTypesAndContributionMap":{"docs":{"insertions":32,"deletions":36}}},{"hash":"d5dea16e2cd9e264adc8a1e8c3fbc1afc091d8b9","isMergeCommit":false,"messageTitle":"Fix accidental change","messageBody":"","fileTypesAndContributionMap":{"docs":{"insertions":2,"deletions":2}}},{"hash":"974fdff15114e456842aab03b52704f29802a6d4","isMergeCommit":true,"messageTitle":"Merge pull request #278 from WhyisQuek/fix-UG","messageBody":"Add medical history to edit example","fileTypesAndContributionMap":{}},{"hash":"c4785c52562bce6f2289d76ebb387189023f5af3","isMergeCommit":true,"messageTitle":"Merge pull request #288 from WhyisQuek/branch-update-logging","messageBody":"Update version in MainApp logging to 1.6.0","fileTypesAndContributionMap":{}},{"hash":"7c524b0b2ffc6daedd02170d71e685cbe976e1c5","isMergeCommit":true,"messageTitle":"Merge pull request #292 from WhyisQuek/branch-fix-edit-commands","messageBody":"Add and update edit command constraints","fileTypesAndContributionMap":{}},{"hash":"1ed0ddd6a5a66802cbbfa5e6d188d99ed9216eeb","isMergeCommit":false,"messageTitle":"Refine ug","messageBody":"","fileTypesAndContributionMap":{"docs":{"insertions":28,"deletions":22}}},{"hash":"3fa9e8fd79635b652e8502a273209579c9b6efab","isMergeCommit":true,"messageTitle":"Merge pull request #303 from jxnwxx/branch-fix-list-appt-upcoming","messageBody":"Fix commands working in list-appt-upcoming","fileTypesAndContributionMap":{}},{"hash":"5a27c1a4fb0535d127f2dfd5b9f587ffe5eeb159","isMergeCommit":true,"messageTitle":"Merge pull request #296 from jxnwxx/branch-update-dg","messageBody":"Branch update dg","fileTypesAndContributionMap":{}},{"hash":"454a39d2448342fcb97d5f0a89ee1ddba14997a0","isMergeCommit":true,"messageTitle":"Merge pull request #307 from WhyisQuek/branch-update-UG","messageBody":"Branch update ug","fileTypesAndContributionMap":{}},{"hash":"ea83607ae135b22032f081819fe5654df704a66b","isMergeCommit":true,"messageTitle":"Merge branch \u0027master\u0027 into branch-ug-changes","messageBody":"","fileTypesAndContributionMap":{}},{"hash":"f35733194d08e894585a923d3f183e7ed6e7d6a7","isMergeCommit":true,"messageTitle":"Merge pull request #291 from goatmilkkk/branch-update-edit-appt-ug","messageBody":"Update UG for edit-appt to be more descriptive","fileTypesAndContributionMap":{}},{"hash":"02e9595779cd06f3bd4740b9d834b41b4f62a704","isMergeCommit":false,"messageTitle":"Fix error message of edit-appt and delete-appt to make sense","messageBody":"","fileTypesAndContributionMap":{"functional-code":{"insertions":3,"deletions":2}}},{"hash":"0a567ba5f3135221aea21af861274d0592e1aa38","isMergeCommit":false,"messageTitle":"Add special character restriction","messageBody":"","fileTypesAndContributionMap":{"docs":{"insertions":2,"deletions":2}}},{"hash":"4b5f8bee8687daa4304f9e2564089b0e0866c2f6","isMergeCommit":true,"messageTitle":"Merge pull request #309 from WhyisQuek/branch-update-UG","messageBody":"Branch update UG","fileTypesAndContributionMap":{}},{"hash":"29d00d579e7bf4cf253ffa4c0a224876bf0e6eb0","isMergeCommit":false,"messageTitle":"Add issue for no nric patient","messageBody":"","fileTypesAndContributionMap":{"docs":{"insertions":1,"deletions":0}}},{"hash":"fda0759036e67beba64914473e14bde625711f16","isMergeCommit":false,"messageTitle":"Fix typo","messageBody":"","fileTypesAndContributionMap":{"docs":{"insertions":1,"deletions":1}}},{"hash":"9b66fd3a01ea98010924342b71f8a4e1f4c3e4d5","isMergeCommit":false,"messageTitle":"Fix format","messageBody":"","fileTypesAndContributionMap":{"docs":{"insertions":2,"deletions":1}}}]}],"jxnwxx":[{"date":"2025-11-01T00:00:00","commitResults":[{"hash":"617778a068285f7ebb8c0accb025ef54c4db4550","isMergeCommit":true,"messageTitle":"Merge pull request #279 from lunardrak/branch-update-dev-guide","messageBody":"Branch update dev guide","fileTypesAndContributionMap":{}},{"hash":"4d885fd1f78971af925e551c31638a55710e3768","isMergeCommit":false,"messageTitle":"Fix Ui elements overlap bug and add restrictions to certain fields","messageBody":"","fileTypesAndContributionMap":{"functional-code":{"insertions":16,"deletions":10}}},{"hash":"2b9674db4a70e6731d6c549ae0056986c0ee58ab","isMergeCommit":true,"messageTitle":"Merge master branch to branch-fix-mh-overlap-appt","messageBody":"","fileTypesAndContributionMap":{}},{"hash":"aa8966bb5655808d8d348c66c982430285f43b9d","isMergeCommit":false,"messageTitle":"Fix Help Window being able to be minimised and resized","messageBody":"","fileTypesAndContributionMap":{"functional-code":{"insertions":2,"deletions":0}}},{"hash":"ded41b40960cab7dbe983eb9e3f56a62647a7751","isMergeCommit":false,"messageTitle":"Fix regex in Medical History allowing empty string","messageBody":"","fileTypesAndContributionMap":{"functional-code":{"insertions":3,"deletions":2}}},{"hash":"1e2a8e54ddfaf2549d668a5ae6280be638434724","isMergeCommit":true,"messageTitle":"Merge pull request #280 from WhyisQuek/branch-fix-index-message","messageBody":"Fix error message for edit-appt","fileTypesAndContributionMap":{}},{"hash":"04b7e75458d6a66f43e47931ca1918c12afd24a5","isMergeCommit":true,"messageTitle":"Merge branch \u0027master\u0027 into branch-fix-help","messageBody":"","fileTypesAndContributionMap":{}},{"hash":"4eaa145e743f215f1d791fa1fb229d000ca69cd7","isMergeCommit":true,"messageTitle":"Merge pull request #281 from WhyisQuek/branch-fix-help","messageBody":"Fix edit command usage message","fileTypesAndContributionMap":{}},{"hash":"d8c28691a8d0c0a962095eb0a6fca8e19198bc19","isMergeCommit":true,"messageTitle":"Merge pull request #283 from WhyisQuek/branch-fix-typo","messageBody":"Fix medical history typo","fileTypesAndContributionMap":{}},{"hash":"010dd101fd962842701d74aa03ab94086911262e","isMergeCommit":true,"messageTitle":"Merge pull request #286 from WhyisQuek/branch-fix-phone","messageBody":"Add phone constraint (max 15 numbers)","fileTypesAndContributionMap":{}},{"hash":"32ade9c4ce462b5e78f829ae6333eade4fec0ff6","isMergeCommit":true,"messageTitle":"Merge pull request #290 from lunardrak/branch-update-dev-guide","messageBody":"Branch update dev guide","fileTypesAndContributionMap":{}},{"hash":"76794b822881b939380d709d84433d7b85d426c1","isMergeCommit":false,"messageTitle":"Add Save data manual test to DG","messageBody":"","fileTypesAndContributionMap":{"docs":{"insertions":15,"deletions":3}}},{"hash":"538256c85543071d9f22b03419cc538d2bc815a2","isMergeCommit":false,"messageTitle":"Add Use Case for list upcoming appointments","messageBody":"","fileTypesAndContributionMap":{"docs":{"insertions":25,"deletions":10}}},{"hash":"eb9ff424406c8ebdd1544e39cd19507f0cc2f55e","isMergeCommit":true,"messageTitle":"Merge branch \u0027master\u0027 into branch-update-dg","messageBody":"","fileTypesAndContributionMap":{}},{"hash":"ba481cbf284f5f558d44c2c4140c3f61ad32afe8","isMergeCommit":false,"messageTitle":"Fix commands working in list-appt-upcoming","messageBody":"","fileTypesAndContributionMap":{"functional-code":{"insertions":4,"deletions":2},"test-code":{"insertions":5,"deletions":1}}},{"hash":"7807f682fea02ac3f4ed72c03c47e18c176d273d","isMergeCommit":false,"messageTitle":"Add missing newline to EOF in DG","messageBody":"","fileTypesAndContributionMap":{"docs":{"insertions":2,"deletions":1}}}]}],"goatmilkkk":[{"date":"2025-11-01T00:00:00","commitResults":[{"hash":"69f71410060f67569bc66fd603290a16d512699d","isMergeCommit":false,"messageTitle":"Improve visibility of selected past appointments","messageBody":"","fileTypesAndContributionMap":{"functional-code":{"insertions":3,"deletions":3}}},{"hash":"0f265b3254255bb17b331a888b3dc948f0d2662c","isMergeCommit":false,"messageTitle":"Sort appointments after *-appt commands","messageBody":"","fileTypesAndContributionMap":{"functional-code":{"insertions":15,"deletions":0}}},{"hash":"8a9c656b1b8c444b54428686bfb388f0e94da47f","isMergeCommit":false,"messageTitle":"Fix trailing whitespace","messageBody":"","fileTypesAndContributionMap":{"functional-code":{"insertions":1,"deletions":1}}},{"hash":"6ed7050ed14561ab4250383fcdbb2c3d7b5588ea","isMergeCommit":false,"messageTitle":"Update UG to clarify appt sorting order","messageBody":"","fileTypesAndContributionMap":{"docs":{"insertions":1,"deletions":0}}},{"hash":"ca585c3d5f053897ab5eaa13aed5405299575d57","isMergeCommit":false,"messageTitle":"Remove unnecessary sorting in add-appt","messageBody":"","fileTypesAndContributionMap":{"functional-code":{"insertions":0,"deletions":8}}},{"hash":"89811d155af3c565f5945cc8a27a8a33ceefca70","isMergeCommit":false,"messageTitle":"Update UG for edit-appt to be more descriptive","messageBody":"","fileTypesAndContributionMap":{"docs":{"insertions":2,"deletions":2}}},{"hash":"bf6b6bfa747bf3b7db49eba444d0e15238d40b72","isMergeCommit":false,"messageTitle":"Update descriptions for edit-appt and delete-appt","messageBody":"","fileTypesAndContributionMap":{"docs":{"insertions":10,"deletions":4}}}]}],"WhyisQuek":[{"date":"2025-11-01T00:00:00","commitResults":[{"hash":"3aca96d74e0d15b73855f0053645f2cca57438a9","isMergeCommit":true,"messageTitle":"Merge pull request #271 from Ruinim/branch-typo-changes","messageBody":"Fix some typo changes in code","fileTypesAndContributionMap":{}},{"hash":"be806c39d2896ff69336ec9279b4e90c5b010eb2","isMergeCommit":true,"messageTitle":"Merge pull request #276 from Ruinim/branch-dg-changes","messageBody":"Fix dg and ug usage","fileTypesAndContributionMap":{}},{"hash":"365c4d5e4966cd15b41dd58defc89c007f010683","isMergeCommit":false,"messageTitle":"Fix #249","messageBody":"","fileTypesAndContributionMap":{"docs":{"insertions":1,"deletions":1}}},{"hash":"e008c370da97603afa1934afa7c1924c98e8a7f9","isMergeCommit":false,"messageTitle":"Fix error message","messageBody":"","fileTypesAndContributionMap":{"functional-code":{"insertions":2,"deletions":2}}},{"hash":"6aa63eed1494de474c12add37744e0a497b4951b","isMergeCommit":false,"messageTitle":"Fix edit command usage message","messageBody":"","fileTypesAndContributionMap":{"functional-code":{"insertions":3,"deletions":2},"docs":{"insertions":1,"deletions":1}}},{"hash":"3987d32975289be524ee6fd0e824944772f25a15","isMergeCommit":false,"messageTitle":"Fix medical history typo","messageBody":"","fileTypesAndContributionMap":{"docs":{"insertions":1,"deletions":1}}},{"hash":"3a16b32f2858733574eb43a816ffbb9d6212e75a","isMergeCommit":false,"messageTitle":"Add phone constraint (max 15 numbers)","messageBody":"","fileTypesAndContributionMap":{"functional-code":{"insertions":2,"deletions":2},"test-code":{"insertions":3,"deletions":1}}},{"hash":"ea78f45bcbcfae99d400c3bc4a62f14ee299515d","isMergeCommit":true,"messageTitle":"Merge pull request #285 from goatmilkkk/branch-improve-visibility-of-selected-past-appts","messageBody":"Improve visibility of selected past appointments","fileTypesAndContributionMap":{}},{"hash":"441a2ea4f1370b149fc0bff7b8e4992519a547df","isMergeCommit":false,"messageTitle":"Update version in MainApp logging","messageBody":"","fileTypesAndContributionMap":{"functional-code":{"insertions":1,"deletions":1}}},{"hash":"efe9c4e89a36538eadf1267c991efffcc751899f","isMergeCommit":true,"messageTitle":"Merge pull request #282 from jxnwxx/branch-fix-mh-overlap-appt","messageBody":"Branch fix mh overlap appt","fileTypesAndContributionMap":{}},{"hash":"6a6dd0d4cf2e9b90bd861b1f9a622cdc5d87544a","isMergeCommit":true,"messageTitle":"Merge pull request #289 from goatmilkkk/branch-sort-appts-after-cmds","messageBody":"Sort appointments after *-appt commands","fileTypesAndContributionMap":{}},{"hash":"75297563b14db52f13f02f250f278b11bacd67a9","isMergeCommit":false,"messageTitle":"Add and update edit command constraints","messageBody":"","fileTypesAndContributionMap":{"functional-code":{"insertions":7,"deletions":2},"test-code":{"insertions":24,"deletions":3}}},{"hash":"83456fd20bf8723ac44e8b49988059f1dd34e572","isMergeCommit":false,"messageTitle":"Fix #297 and #295","messageBody":"","fileTypesAndContributionMap":{"functional-code":{"insertions":4,"deletions":3}}},{"hash":"f3beb9ff3eadc462b116909f39e18f284340cded","isMergeCommit":false,"messageTitle":"Fix #305","messageBody":"","fileTypesAndContributionMap":{"docs":{"insertions":0,"deletions":1}}},{"hash":"a46a7fce2def75950559a44e2d9edb51fb20a51d","isMergeCommit":false,"messageTitle":"Fix #300 and #306","messageBody":"","fileTypesAndContributionMap":{"docs":{"insertions":16,"deletions":5}}},{"hash":"37708009f748eaf4faf05d42a9299e59bba088e3","isMergeCommit":false,"messageTitle":"Update UG","messageBody":"","fileTypesAndContributionMap":{"docs":{"insertions":3,"deletions":3}}},{"hash":"d5e678e86fb131749154471c4fd53cc40d0084df","isMergeCommit":true,"messageTitle":"Merge pull request #310 from Ruinim/branch-change-error","messageBody":"Fix error message of edit-appt and delete-appt to make sense","fileTypesAndContributionMap":{}}]}],"lunardrak":[{"date":"2025-11-01T00:00:00","commitResults":[{"hash":"f5282be5c25fb26f1d805f055893e25153c174ff","isMergeCommit":false,"messageTitle":"add acknowledgements","messageBody":"","fileTypesAndContributionMap":{"docs":{"insertions":24,"deletions":14}}},{"hash":"48263e4913863903022adf5f690b2ee09cf06266","isMergeCommit":false,"messageTitle":"fix UC4","messageBody":"","fileTypesAndContributionMap":{"docs":{"insertions":1,"deletions":1}}},{"hash":"18f5a8e6bd9f568294851c4c71abd35f04b51660","isMergeCommit":false,"messageTitle":"fix duplicated table of contents","messageBody":"","fileTypesAndContributionMap":{"docs":{"insertions":0,"deletions":1}}},{"hash":"bc13021a4dd17d0e522c920525d28c5561e3a381","isMergeCommit":false,"messageTitle":"update table of contents","messageBody":"","fileTypesAndContributionMap":{"docs":{"insertions":3,"deletions":25}}},{"hash":"b4694e67129cad6a686154702c809d188ad16ffe","isMergeCommit":false,"messageTitle":"add usecase for find","messageBody":"","fileTypesAndContributionMap":{"docs":{"insertions":20,"deletions":0}}},{"hash":"a573ae68017da58df2db8f2df3dc13b55c31f3a2","isMergeCommit":false,"messageTitle":"add edit patient and edit appointment use cases","messageBody":"","fileTypesAndContributionMap":{"docs":{"insertions":53,"deletions":1}}},{"hash":"8600fc6968424157cfa483a7ac0d59f3f28220c8","isMergeCommit":true,"messageTitle":"Merge pull request #308 from Ruinim/branch-ug-changes","messageBody":"Refine ug","fileTypesAndContributionMap":{}},{"hash":"d9d03e14f96d93ccd95ba1c07ad94b43a711cb95","isMergeCommit":true,"messageTitle":"Merge pull request #311 from Ruinim/branch-fix-format","messageBody":"Fix format","fileTypesAndContributionMap":{}}]}]},"authorFileTypeContributionMap":{"Ruinim":{"docs":49,"functional-code":7,"test-code":0},"jxnwxx":{"docs":27,"functional-code":24,"test-code":5},"goatmilkkk":{"docs":10,"functional-code":10,"test-code":0},"WhyisQuek":{"docs":16,"functional-code":16,"test-code":27},"lunardrak":{"docs":68,"functional-code":0,"test-code":0}},"authorContributionVariance":{"Ruinim":22801.0,"jxnwxx":10201.0,"goatmilkkk":2500.0,"WhyisQuek":9216.0,"lunardrak":20449.0},"authorDisplayNameMap":{"Ruinim":"CS2103T-W10-3 LEE ..HIEN","jxnwxx":"CS2103T-W10-3 YUE .. WEI","goatmilkkk":"CS2103T-W10-3 YEO ..CENT","WhyisQuek":"CS2103T-W10-3 TIMO..YUAN","lunardrak":"CS2103T-W10-3 SEAN.. JUN"}}
