{"authorDailyContributionsMap":{"huiyi-Al":[],"nicktantk":[],"Jyang1206":[],"brandontwj1":[]},"authorFileTypeContributionMap":{"huiyi-Al":{"docs":0,"functional-code":0,"test-code":0},"nicktantk":{"docs":0,"functional-code":0,"test-code":0},"Jyang1206":{"docs":0,"functional-code":0,"test-code":0},"brandontwj1":{"docs":0,"functional-code":0,"test-code":0}},"authorContributionVariance":{"huiyi-Al":0.0,"nicktantk":0.0,"Jyang1206":0.0,"brandontwj1":0.0},"authorDisplayNameMap":{"huiyi-Al":"CS2103T-T08-1 LIU ..IYUE","nicktantk":"CS2103T-T08-1 NICH..HOON","Jyang1206":"CS2103T-T08-1 NG J..YANG","brandontwj1":"CS2103T-T08-1 TAN .. JUN"}}
