{"authorDailyContributionsMap":{"jianronggu":[],"Roshan1572":[],"sj-c":[],"dnt0n":[],"enamourous":[]},"authorFileTypeContributionMap":{"jianronggu":{"docs":0,"functional-code":0,"test-code":0},"Roshan1572":{"docs":0,"functional-code":0,"test-code":0},"sj-c":{"docs":0,"functional-code":0,"test-code":0},"dnt0n":{"docs":0,"functional-code":0,"test-code":0},"enamourous":{"docs":0,"functional-code":0,"test-code":0}},"authorContributionVariance":{"jianronggu":0.0,"Roshan1572":0.0,"sj-c":0.0,"dnt0n":0.0,"enamourous":0.0},"authorDisplayNameMap":{"jianronggu":"CS2103T-W11-2 GU J..RONG","Roshan1572":"CS2103T-W11-2 ROSH..ILAN","sj-c":"CS2103T-W11-2 CHIA.. JIE","dnt0n":"CS2103T-W11-2 DANT..TING","enamourous":"CS2103T-W11-2 FOO .. JUN"}}
