{"authorDailyContributionsMap":{"WeeJean":[],"YH-100203":[],"stellecodes":[],"Xiao-Congchen":[],"genehern":[]},"authorFileTypeContributionMap":{"WeeJean":{"docs":0,"functional-code":0,"test-code":0},"YH-100203":{"docs":0,"functional-code":0,"test-code":0},"stellecodes":{"docs":0,"functional-code":0,"test-code":0},"Xiao-Congchen":{"docs":0,"functional-code":0,"test-code":0},"genehern":{"docs":0,"functional-code":0,"test-code":0}},"authorContributionVariance":{"WeeJean":0.0,"YH-100203":0.0,"stellecodes":0.0,"Xiao-Congchen":0.0,"genehern":0.0},"authorDisplayNameMap":{"WeeJean":"CS2103T-F10-4 KOH ..JEAN","YH-100203":"CS2103T-F10-4 LIM ..HENG","stellecodes":"CS2103T-F10-4 STEL.. LIM","Xiao-Congchen":"CS2103T-F10-4 XIAO..CHEN","genehern":"CS2103T-F10-4 LEE ..HERN"}}
