[{"path":"docs/UserGuide.md","fileType":"docs","lines":[{"lineNumber":1,"author":{"gitId":"-"},"content":"---","lastModifiedDate":"2020-05-23T01:10:16","isFullCredit":false},{"lineNumber":2,"author":{"gitId":"-"},"content":"layout: page","lastModifiedDate":"2020-05-23T01:10:16","isFullCredit":false},{"lineNumber":3,"author":{"gitId":"-"},"content":"title: User Guide","lastModifiedDate":"2020-05-23T01:10:16","isFullCredit":false},{"lineNumber":4,"author":{"gitId":"-"},"content":"---","lastModifiedDate":"2020-05-23T01:10:16","isFullCredit":false},{"lineNumber":5,"author":{"gitId":"-"},"content":"","lastModifiedDate":"2020-05-23T01:10:16","isFullCredit":false},{"lineNumber":6,"author":{"gitId":"-"},"content":"CLInic is a **desktop app for managing patients, optimized for use via a Command Line Interface** (CLI) while still having the benefits of a Graphical User Interface (GUI). If you can type fast, CLInic can get your patient management tasks done faster than traditional GUI apps.","lastModifiedDate":"2025-10-14T15:26:37","isFullCredit":false},{"lineNumber":7,"author":{"gitId":"-"},"content":"","lastModifiedDate":"2020-05-23T01:10:16","isFullCredit":false},{"lineNumber":8,"author":{"gitId":"-"},"content":"","lastModifiedDate":"2025-10-22T12:51:37","isFullCredit":false},{"lineNumber":9,"author":{"gitId":"-"},"content":"## Table of Contents","lastModifiedDate":"2025-10-22T12:51:37","isFullCredit":false},{"lineNumber":10,"author":{"gitId":"-"},"content":"- [Quick start](#quick-start)","lastModifiedDate":"2025-10-22T12:51:37","isFullCredit":false},{"lineNumber":11,"author":{"gitId":"-"},"content":"- [Features](#features)","lastModifiedDate":"2025-10-22T12:51:37","isFullCredit":false},{"lineNumber":12,"author":{"gitId":"-"},"content":"    - [Viewing help : `help`](#viewing-help--help)","lastModifiedDate":"2025-10-22T12:51:37","isFullCredit":false},{"lineNumber":13,"author":{"gitId":"-"},"content":"    - [Adding a patient: `add`](#adding-a-patient-add)","lastModifiedDate":"2025-10-22T12:51:37","isFullCredit":false},{"lineNumber":14,"author":{"gitId":"-"},"content":"    - [Listing all patients : `list`](#listing-all-patients--list)","lastModifiedDate":"2025-10-22T12:51:37","isFullCredit":false},{"lineNumber":15,"author":{"gitId":"-"},"content":"    - [Viewing a patient : `view`](#viewing-a-patient--view)","lastModifiedDate":"2025-10-22T12:51:37","isFullCredit":false},{"lineNumber":16,"author":{"gitId":"-"},"content":"    - [Viewing medicines taken by patient : `med`](#viewing-medicines-taken-by-patient--med)","lastModifiedDate":"2025-10-22T12:51:37","isFullCredit":false},{"lineNumber":17,"author":{"gitId":"-"},"content":"    - [Logging a visit for a patient : `log`](#logging-a-visit-for-a-patient--log)","lastModifiedDate":"2025-10-30T21:43:43","isFullCredit":false},{"lineNumber":18,"author":{"gitId":"-"},"content":"    - [Displaying visit dates for a patient : `display`](#displaying-visit-dates-for-a-patient--display)","lastModifiedDate":"2025-10-30T21:43:43","isFullCredit":false},{"lineNumber":19,"author":{"gitId":"-"},"content":"    - [Editing a patient : `edit`](#editing-a-patient--edit)","lastModifiedDate":"2025-10-22T12:51:37","isFullCredit":false},{"lineNumber":20,"author":{"gitId":"-"},"content":"    - [Locating patients by name: `find`](#locating-patients-by-name-find)","lastModifiedDate":"2025-10-22T12:51:37","isFullCredit":false},{"lineNumber":21,"author":{"gitId":"-"},"content":"    - [Locating patients by doctor\u0027s name: `finddoc`](#locating-patients-by-doctor-finddoc)","lastModifiedDate":"2025-10-29T09:21:39","isFullCredit":false},{"lineNumber":22,"author":{"gitId":"-"},"content":"    - [Locating patients by medicines taken: `findmed`](#locating-patients-by-medicines-taken-findmed)","lastModifiedDate":"2025-10-29T09:21:39","isFullCredit":false},{"lineNumber":23,"author":{"gitId":"-"},"content":"    - [Deleting a patient : `delete`](#deleting-a-patient--delete)","lastModifiedDate":"2025-10-22T12:51:37","isFullCredit":false},{"lineNumber":24,"author":{"gitId":"-"},"content":"    - [Clearing all entries : `clear`](#clearing-all-entries--clear)","lastModifiedDate":"2025-10-22T12:51:37","isFullCredit":false},{"lineNumber":25,"author":{"gitId":"-"},"content":"    - [Exiting the program : `exit`](#exiting-the-program--exit)","lastModifiedDate":"2025-10-22T12:51:37","isFullCredit":false},{"lineNumber":26,"author":{"gitId":"-"},"content":"    - [Saving the data](#saving-the-data)","lastModifiedDate":"2025-10-22T12:51:37","isFullCredit":false},{"lineNumber":27,"author":{"gitId":"-"},"content":"    - [Editing the data file](#editing-the-data-file)","lastModifiedDate":"2025-10-22T12:51:37","isFullCredit":false},{"lineNumber":28,"author":{"gitId":"-"},"content":"- [FAQ](#faq)","lastModifiedDate":"2025-10-22T12:51:37","isFullCredit":false},{"lineNumber":29,"author":{"gitId":"-"},"content":"- [Known issues](#known-issues)","lastModifiedDate":"2025-10-22T12:51:37","isFullCredit":false},{"lineNumber":30,"author":{"gitId":"-"},"content":"- [Command summary](#command-summary)","lastModifiedDate":"2025-10-22T12:51:37","isFullCredit":false},{"lineNumber":31,"author":{"gitId":"-"},"content":"","lastModifiedDate":"2020-05-23T01:10:16","isFullCredit":false},{"lineNumber":32,"author":{"gitId":"-"},"content":"--------------------------------------------------------------------------------------------------------------------","lastModifiedDate":"2020-05-23T01:10:16","isFullCredit":false},{"lineNumber":33,"author":{"gitId":"-"},"content":"","lastModifiedDate":"2020-05-23T01:10:16","isFullCredit":false},{"lineNumber":34,"author":{"gitId":"-"},"content":"## Quick start","lastModifiedDate":"2020-05-23T01:10:16","isFullCredit":false},{"lineNumber":35,"author":{"gitId":"-"},"content":"","lastModifiedDate":"2020-05-23T01:10:16","isFullCredit":false},{"lineNumber":36,"author":{"gitId":"-"},"content":"1. Ensure you have Java `17` or above installed in your Computer.\u003cbr\u003e","lastModifiedDate":"2025-01-25T13:19:25","isFullCredit":false},{"lineNumber":37,"author":{"gitId":"-"},"content":"   **Mac users:** Ensure you have the precise JDK version prescribed [here](https://se-education.org/guides/tutorials/javaInstallationMac.html).","lastModifiedDate":"2025-01-25T13:19:25","isFullCredit":false},{"lineNumber":38,"author":{"gitId":"-"},"content":"","lastModifiedDate":"2020-05-23T01:10:16","isFullCredit":false},{"lineNumber":39,"author":{"gitId":"-"},"content":"2. Download the latest `.jar` file from [here](https://github.com/AY2526S1-CS2103T-F12-4/tp/releases).","lastModifiedDate":"2025-10-30T17:07:27","isFullCredit":false},{"lineNumber":40,"author":{"gitId":"-"},"content":"","lastModifiedDate":"2020-05-23T01:10:16","isFullCredit":false},{"lineNumber":41,"author":{"gitId":"-"},"content":"3. Copy the file to the folder you want to use as the _home folder_ for CLInic.","lastModifiedDate":"2025-10-29T22:19:29","isFullCredit":false},{"lineNumber":42,"author":{"gitId":"-"},"content":"","lastModifiedDate":"2020-05-23T01:10:16","isFullCredit":false},{"lineNumber":43,"author":{"gitId":"-"},"content":"4. Open a command terminal, `cd` into the folder you put the jar file in, and use the `java -jar CLInic.jar` command to run the application.\u003cbr\u003e","lastModifiedDate":"2025-10-29T22:19:29","isFullCredit":false},{"lineNumber":44,"author":{"gitId":"-"},"content":"   A GUI similar to the below should appear in a few seconds. Note how the app contains some sample data.\u003cbr\u003e","lastModifiedDate":"2023-01-01T16:03:08","isFullCredit":false},{"lineNumber":45,"author":{"gitId":"-"},"content":"   ![Ui](images/UI-Current.png)","lastModifiedDate":"2025-10-27T15:24:42","isFullCredit":false},{"lineNumber":46,"author":{"gitId":"-"},"content":"","lastModifiedDate":"2020-05-23T01:10:16","isFullCredit":false},{"lineNumber":47,"author":{"gitId":"-"},"content":"5. Type the command in the command box and press Enter to execute it. e.g. typing **`help`** and pressing Enter will open the help window.\u003cbr\u003e","lastModifiedDate":"2025-10-29T22:19:29","isFullCredit":false},{"lineNumber":48,"author":{"gitId":"-"},"content":"   Some example commands you can try:","lastModifiedDate":"2020-05-23T01:10:16","isFullCredit":false},{"lineNumber":49,"author":{"gitId":"-"},"content":"","lastModifiedDate":"2020-05-23T01:10:16","isFullCredit":false},{"lineNumber":50,"author":{"gitId":"-"},"content":"  * `list` : Lists all contacts.","lastModifiedDate":"2023-01-01T16:08:05","isFullCredit":false},{"lineNumber":51,"author":{"gitId":"-"},"content":"","lastModifiedDate":"2020-05-23T01:10:16","isFullCredit":false},{"lineNumber":52,"author":{"gitId":"-"},"content":"  * `add n/John Doe p/98765432 e/johnd@example.com a/John street, block 123, #01-01` : Adds a patient named `John Doe` to CLInic.","lastModifiedDate":"2025-10-29T14:12:54","isFullCredit":false},{"lineNumber":53,"author":{"gitId":"-"},"content":"","lastModifiedDate":"2020-05-23T01:10:16","isFullCredit":false},{"lineNumber":54,"author":{"gitId":"-"},"content":"  * `delete 3` : Deletes the 3rd patient shown in the current list.","lastModifiedDate":"2025-10-29T14:12:54","isFullCredit":false},{"lineNumber":55,"author":{"gitId":"-"},"content":"","lastModifiedDate":"2020-05-23T01:10:16","isFullCredit":false},{"lineNumber":56,"author":{"gitId":"-"},"content":"  * `clear` : Deletes all patients.","lastModifiedDate":"2025-10-29T14:12:54","isFullCredit":false},{"lineNumber":57,"author":{"gitId":"-"},"content":"","lastModifiedDate":"2020-05-23T01:10:16","isFullCredit":false},{"lineNumber":58,"author":{"gitId":"-"},"content":"  * `exit` : Exits the app.","lastModifiedDate":"2023-01-01T16:08:05","isFullCredit":false},{"lineNumber":59,"author":{"gitId":"-"},"content":"","lastModifiedDate":"2020-05-23T01:10:16","isFullCredit":false},{"lineNumber":60,"author":{"gitId":"-"},"content":"1. Refer to the [Features](#features) below for details of each command.","lastModifiedDate":"2020-05-23T01:10:16","isFullCredit":false},{"lineNumber":61,"author":{"gitId":"-"},"content":"","lastModifiedDate":"2020-05-23T01:10:16","isFullCredit":false},{"lineNumber":62,"author":{"gitId":"-"},"content":"--------------------------------------------------------------------------------------------------------------------","lastModifiedDate":"2020-05-23T01:10:16","isFullCredit":false},{"lineNumber":63,"author":{"gitId":"-"},"content":"","lastModifiedDate":"2020-05-23T01:10:16","isFullCredit":false},{"lineNumber":64,"author":{"gitId":"-"},"content":"## Features","lastModifiedDate":"2020-05-23T01:10:16","isFullCredit":false},{"lineNumber":65,"author":{"gitId":"-"},"content":"","lastModifiedDate":"2020-05-23T01:10:16","isFullCredit":false},{"lineNumber":66,"author":{"gitId":"-"},"content":"\u003cdiv markdown\u003d\"block\" class\u003d\"alert alert-info\"\u003e","lastModifiedDate":"2020-05-23T01:10:16","isFullCredit":false},{"lineNumber":67,"author":{"gitId":"-"},"content":"","lastModifiedDate":"2020-05-23T01:10:16","isFullCredit":false},{"lineNumber":68,"author":{"gitId":"-"},"content":"**:information_source: Notes about the command format:**\u003cbr\u003e","lastModifiedDate":"2020-05-23T01:10:16","isFullCredit":false},{"lineNumber":69,"author":{"gitId":"-"},"content":"","lastModifiedDate":"2020-05-23T01:10:16","isFullCredit":false},{"lineNumber":70,"author":{"gitId":"-"},"content":"* Words in `UPPER_CASE` are the parameters to be supplied by the user.\u003cbr\u003e","lastModifiedDate":"2020-05-23T01:10:16","isFullCredit":false},{"lineNumber":71,"author":{"gitId":"-"},"content":"  e.g. in `add n/NAME`, `NAME` is a parameter which can be used as `add n/John Doe`.","lastModifiedDate":"2020-05-23T01:10:16","isFullCredit":false},{"lineNumber":72,"author":{"gitId":"-"},"content":"","lastModifiedDate":"2020-05-23T01:10:16","isFullCredit":false},{"lineNumber":73,"author":{"gitId":"-"},"content":"* Items in square brackets are optional.\u003cbr\u003e","lastModifiedDate":"2020-05-23T01:10:16","isFullCredit":false},{"lineNumber":74,"author":{"gitId":"-"},"content":"  e.g `n/NAME [t/TAG]` can be used as `n/John Doe t/friend` or as `n/John Doe`.","lastModifiedDate":"2020-05-23T01:10:16","isFullCredit":false},{"lineNumber":75,"author":{"gitId":"-"},"content":"","lastModifiedDate":"2020-05-23T01:10:16","isFullCredit":false},{"lineNumber":76,"author":{"gitId":"-"},"content":"* Items with `…`​ after them can be used multiple times including zero times.\u003cbr\u003e","lastModifiedDate":"2020-05-23T01:10:16","isFullCredit":false},{"lineNumber":77,"author":{"gitId":"-"},"content":"  e.g. `[t/TAG]…​` can be used as ` ` (i.e. 0 times), `t/friend`, `t/friend t/family` etc.","lastModifiedDate":"2020-05-23T01:10:16","isFullCredit":false},{"lineNumber":78,"author":{"gitId":"-"},"content":"","lastModifiedDate":"2020-05-23T01:10:16","isFullCredit":false},{"lineNumber":79,"author":{"gitId":"-"},"content":"* Parameters can be in any order.\u003cbr\u003e","lastModifiedDate":"2020-05-23T01:10:16","isFullCredit":false},{"lineNumber":80,"author":{"gitId":"-"},"content":"  e.g. if the command specifies `n/NAME p/PHONE_NUMBER`, `p/PHONE_NUMBER n/NAME` is also acceptable.","lastModifiedDate":"2020-05-23T01:10:16","isFullCredit":false},{"lineNumber":81,"author":{"gitId":"-"},"content":"","lastModifiedDate":"2020-05-23T01:10:16","isFullCredit":false},{"lineNumber":82,"author":{"gitId":"-"},"content":"* Extraneous parameters for commands that do not take in parameters (such as `help`, `list`, `exit` and `clear`) will be ignored.\u003cbr\u003e","lastModifiedDate":"2021-02-03T23:17:00","isFullCredit":false},{"lineNumber":83,"author":{"gitId":"-"},"content":"  e.g. if the command specifies `help 123`, it will be interpreted as `help`.","lastModifiedDate":"2021-02-03T23:17:00","isFullCredit":false},{"lineNumber":84,"author":{"gitId":"-"},"content":"","lastModifiedDate":"2021-02-03T23:17:00","isFullCredit":false},{"lineNumber":85,"author":{"gitId":"-"},"content":"* If you are using a PDF version of this document, be careful when copying and pasting commands that span multiple lines as space characters surrounding line-breaks may be omitted when copied over to the application.","lastModifiedDate":"2023-06-26T21:09:58","isFullCredit":false},{"lineNumber":86,"author":{"gitId":"-"},"content":"\u003c/div\u003e","lastModifiedDate":"2020-05-23T01:10:16","isFullCredit":false},{"lineNumber":87,"author":{"gitId":"-"},"content":"","lastModifiedDate":"2020-05-23T01:10:16","isFullCredit":false},{"lineNumber":88,"author":{"gitId":"-"},"content":"### Viewing help : `help`","lastModifiedDate":"2020-05-23T01:10:16","isFullCredit":false},{"lineNumber":89,"author":{"gitId":"-"},"content":"","lastModifiedDate":"2020-05-23T01:10:16","isFullCredit":false},{"lineNumber":90,"author":{"gitId":"-"},"content":"Shows a message explaining how to access the help page.","lastModifiedDate":"2025-07-24T02:42:02","isFullCredit":false},{"lineNumber":91,"author":{"gitId":"-"},"content":"","lastModifiedDate":"2020-05-23T01:10:16","isFullCredit":false},{"lineNumber":92,"author":{"gitId":"-"},"content":"![help message](images/helpMessage.png)","lastModifiedDate":"2020-05-23T01:10:16","isFullCredit":false},{"lineNumber":93,"author":{"gitId":"-"},"content":"","lastModifiedDate":"2020-05-23T01:10:16","isFullCredit":false},{"lineNumber":94,"author":{"gitId":"-"},"content":"Format: `help`","lastModifiedDate":"2020-05-23T01:10:16","isFullCredit":false},{"lineNumber":95,"author":{"gitId":"-"},"content":"","lastModifiedDate":"2020-05-23T01:10:16","isFullCredit":false},{"lineNumber":96,"author":{"gitId":"-"},"content":"","lastModifiedDate":"2020-05-23T01:10:16","isFullCredit":false},{"lineNumber":97,"author":{"gitId":"-"},"content":"### Adding a patient: `add`","lastModifiedDate":"2025-10-14T15:26:37","isFullCredit":false},{"lineNumber":98,"author":{"gitId":"-"},"content":"","lastModifiedDate":"2020-05-23T01:10:16","isFullCredit":false},{"lineNumber":99,"author":{"gitId":"-"},"content":"Adds a patient to CLInic.","lastModifiedDate":"2025-10-29T14:12:54","isFullCredit":false},{"lineNumber":100,"author":{"gitId":"-"},"content":"","lastModifiedDate":"2020-05-23T01:10:16","isFullCredit":false},{"lineNumber":101,"author":{"gitId":"-"},"content":"Format: `add n/NAME p/PHONE_NUMBER e/EMAIL a/ADDRESS [d/DOCTOR] [t/TAG]…​ [med/MEDICINE]…​`","lastModifiedDate":"2025-10-27T14:08:04","isFullCredit":false},{"lineNumber":102,"author":{"gitId":"-"},"content":"","lastModifiedDate":"2020-05-23T01:10:16","isFullCredit":false},{"lineNumber":103,"author":{"gitId":"-"},"content":"\u003cdiv markdown\u003d\"span\" class\u003d\"alert alert-info\"\u003e:information_source: **Note:**","lastModifiedDate":"2025-10-30T22:32:05","isFullCredit":false},{"lineNumber":104,"author":{"gitId":"-"},"content":"When a new patient is added, the current date is automatically logged as their first visit.","lastModifiedDate":"2025-10-30T22:32:05","isFullCredit":false},{"lineNumber":105,"author":{"gitId":"-"},"content":"\u003c/div\u003e","lastModifiedDate":"2025-10-30T22:32:05","isFullCredit":false},{"lineNumber":106,"author":{"gitId":"-"},"content":"","lastModifiedDate":"2025-10-30T22:32:05","isFullCredit":false},{"lineNumber":107,"author":{"gitId":"Mathew270"},"content":"\u003cdiv markdown\u003d\"span\" class\u003d\"alert alert-primary\"\u003e:bulb: **Tip:**","lastModifiedDate":"2025-11-01T19:17:56","isFullCredit":false},{"lineNumber":108,"author":{"gitId":"-"},"content":"A patient can have any number of tags/medicines (including 0)","lastModifiedDate":"2025-10-29T14:12:54","isFullCredit":false},{"lineNumber":109,"author":{"gitId":"-"},"content":"\u003c/div\u003e","lastModifiedDate":"2025-10-29T14:12:54","isFullCredit":false},{"lineNumber":110,"author":{"gitId":"-"},"content":"","lastModifiedDate":"2025-10-27T14:08:04","isFullCredit":false},{"lineNumber":111,"author":{"gitId":"Mathew270"},"content":"\u003cdiv markdown\u003d\"span\" class\u003d\"alert alert-primary\"\u003e:bulb: **Tip:**","lastModifiedDate":"2025-11-01T19:17:56","isFullCredit":false},{"lineNumber":112,"author":{"gitId":"-"},"content":"To create a red allergy tag, use `t/allergy` when adding a patient. Any tag containing \"allergy\" will appear red in the interface.","lastModifiedDate":"2025-10-29T14:12:54","isFullCredit":false},{"lineNumber":113,"author":{"gitId":"Mathew270"},"content":"","lastModifiedDate":"2025-11-01T19:17:56","isFullCredit":false},{"lineNumber":114,"author":{"gitId":"Mathew270"},"content":"Tag names may use hyphens to separate words (e.g. `high-blood-pressure`).","lastModifiedDate":"2025-11-01T19:17:56","isFullCredit":false},{"lineNumber":115,"author":{"gitId":"-"},"content":"\u003c/div\u003e","lastModifiedDate":"2020-05-23T01:10:16","isFullCredit":false},{"lineNumber":116,"author":{"gitId":"-"},"content":"","lastModifiedDate":"2020-05-23T01:10:16","isFullCredit":false},{"lineNumber":117,"author":{"gitId":"-"},"content":"Examples:","lastModifiedDate":"2020-05-23T01:10:16","isFullCredit":false},{"lineNumber":118,"author":{"gitId":"-"},"content":"* `add n/John Doe p/98765432 e/johnd@example.com a/John street, block 123, #01-01 d/James William`","lastModifiedDate":"2025-10-22T12:51:37","isFullCredit":false},{"lineNumber":119,"author":{"gitId":"-"},"content":"* `add n/Betsy Crowe t/friend e/betsycrowe@example.com a/Newgate Prison p/1234567 t/friend med/Paracetamol med/Aspirin`","lastModifiedDate":"2025-10-27T14:08:04","isFullCredit":false},{"lineNumber":120,"author":{"gitId":"-"},"content":"","lastModifiedDate":"2020-05-23T01:10:16","isFullCredit":false},{"lineNumber":121,"author":{"gitId":"-"},"content":"### Listing all patients : `list`","lastModifiedDate":"2025-10-14T15:26:37","isFullCredit":false},{"lineNumber":122,"author":{"gitId":"-"},"content":"","lastModifiedDate":"2020-05-23T01:10:16","isFullCredit":false},{"lineNumber":123,"author":{"gitId":"-"},"content":"Shows a list of all patients in CLInic.","lastModifiedDate":"2025-10-29T14:12:54","isFullCredit":false},{"lineNumber":124,"author":{"gitId":"-"},"content":"","lastModifiedDate":"2020-05-23T01:10:16","isFullCredit":false},{"lineNumber":125,"author":{"gitId":"-"},"content":"Format: `list`","lastModifiedDate":"2020-05-23T01:10:16","isFullCredit":false},{"lineNumber":126,"author":{"gitId":"-"},"content":"","lastModifiedDate":"2020-05-23T01:10:16","isFullCredit":false},{"lineNumber":127,"author":{"gitId":"-"},"content":"### Viewing a patient : `view`","lastModifiedDate":"2025-10-14T15:26:37","isFullCredit":false},{"lineNumber":128,"author":{"gitId":"-"},"content":"","lastModifiedDate":"2020-05-23T01:10:16","isFullCredit":false},{"lineNumber":129,"author":{"gitId":"-"},"content":"Views the specified patient details from CLInic (includes name, phone, email, address, doctor, tags).","lastModifiedDate":"2025-10-30T22:32:05","isFullCredit":false},{"lineNumber":130,"author":{"gitId":"-"},"content":"","lastModifiedDate":"2025-10-14T15:26:37","isFullCredit":false},{"lineNumber":131,"author":{"gitId":"-"},"content":"Format: `view INDEX`","lastModifiedDate":"2025-10-14T15:26:37","isFullCredit":false},{"lineNumber":132,"author":{"gitId":"-"},"content":"","lastModifiedDate":"2025-10-14T15:26:37","isFullCredit":false},{"lineNumber":133,"author":{"gitId":"-"},"content":"* Views the patient details at the specified `INDEX`.","lastModifiedDate":"2025-10-14T15:26:37","isFullCredit":false},{"lineNumber":134,"author":{"gitId":"-"},"content":"* The index refers to the index number shown in the displayed patient list.","lastModifiedDate":"2025-10-14T15:26:37","isFullCredit":false},{"lineNumber":135,"author":{"gitId":"-"},"content":"* The index **must be a positive integer** 1, 2, 3, …​","lastModifiedDate":"2025-10-14T15:26:37","isFullCredit":false},{"lineNumber":136,"author":{"gitId":"-"},"content":"","lastModifiedDate":"2025-10-14T15:26:37","isFullCredit":false},{"lineNumber":137,"author":{"gitId":"-"},"content":"Examples:","lastModifiedDate":"2025-10-14T15:26:37","isFullCredit":false},{"lineNumber":138,"author":{"gitId":"-"},"content":"* `list` followed by `view 3` views the 3rd patient in the address book.","lastModifiedDate":"2025-10-14T15:26:37","isFullCredit":false},{"lineNumber":139,"author":{"gitId":"-"},"content":"* `find Jackson` followed by `view 1` views the 1st patient in the results of the `find` command.","lastModifiedDate":"2025-10-14T15:26:37","isFullCredit":false},{"lineNumber":140,"author":{"gitId":"-"},"content":"","lastModifiedDate":"2025-10-14T15:26:37","isFullCredit":false},{"lineNumber":141,"author":{"gitId":"-"},"content":"### Viewing medicines taken by patient : `med`","lastModifiedDate":"2025-10-14T15:26:37","isFullCredit":false},{"lineNumber":142,"author":{"gitId":"-"},"content":"","lastModifiedDate":"2025-10-14T15:26:37","isFullCredit":false},{"lineNumber":143,"author":{"gitId":"-"},"content":"Views all medicines taken by the specified patient.","lastModifiedDate":"2025-10-14T15:26:37","isFullCredit":false},{"lineNumber":144,"author":{"gitId":"-"},"content":"","lastModifiedDate":"2025-10-14T15:26:37","isFullCredit":false},{"lineNumber":145,"author":{"gitId":"-"},"content":"Format: `med INDEX`","lastModifiedDate":"2025-10-14T15:26:37","isFullCredit":false},{"lineNumber":146,"author":{"gitId":"-"},"content":"","lastModifiedDate":"2025-10-14T15:26:37","isFullCredit":false},{"lineNumber":147,"author":{"gitId":"-"},"content":"* Views the medicines taken by the patient at the specified `INDEX`.","lastModifiedDate":"2025-10-14T15:26:37","isFullCredit":false},{"lineNumber":148,"author":{"gitId":"-"},"content":"* The index refers to the index number shown in the displayed patient list.","lastModifiedDate":"2025-10-14T15:26:37","isFullCredit":false},{"lineNumber":149,"author":{"gitId":"-"},"content":"* The index **must be a positive integer** 1, 2, 3, …​","lastModifiedDate":"2025-10-14T15:26:37","isFullCredit":false},{"lineNumber":150,"author":{"gitId":"-"},"content":"","lastModifiedDate":"2025-10-14T15:26:37","isFullCredit":false},{"lineNumber":151,"author":{"gitId":"-"},"content":"Examples:","lastModifiedDate":"2025-10-14T15:26:37","isFullCredit":false},{"lineNumber":152,"author":{"gitId":"Mathew270"},"content":"* `list` followed by `med 3` views the medicines taken by the 3rd patient in the address book.","lastModifiedDate":"2025-11-01T19:17:56","isFullCredit":false},{"lineNumber":153,"author":{"gitId":"Mathew270"},"content":"* `find Jackson` followed by `med 1` views the medicines taken by the 1st patient in the results of the `find` command.","lastModifiedDate":"2025-11-01T19:17:56","isFullCredit":false},{"lineNumber":154,"author":{"gitId":"-"},"content":"","lastModifiedDate":"2025-10-14T15:26:37","isFullCredit":false},{"lineNumber":155,"author":{"gitId":"-"},"content":"### Logging a visit for a patient : `log`","lastModifiedDate":"2025-10-30T21:43:43","isFullCredit":false},{"lineNumber":156,"author":{"gitId":"-"},"content":"","lastModifiedDate":"2025-10-30T21:43:43","isFullCredit":false},{"lineNumber":157,"author":{"gitId":"-"},"content":"Logs today\u0027s date as a visit for the specified patient.","lastModifiedDate":"2025-10-30T21:43:43","isFullCredit":false},{"lineNumber":158,"author":{"gitId":"-"},"content":"","lastModifiedDate":"2025-10-30T21:43:43","isFullCredit":false},{"lineNumber":159,"author":{"gitId":"-"},"content":"Format: `log INDEX`","lastModifiedDate":"2025-10-30T21:43:43","isFullCredit":false},{"lineNumber":160,"author":{"gitId":"-"},"content":"","lastModifiedDate":"2025-10-30T21:43:43","isFullCredit":false},{"lineNumber":161,"author":{"gitId":"-"},"content":"* Logs a visit for the patient at the specified `INDEX`.","lastModifiedDate":"2025-10-30T21:43:43","isFullCredit":false},{"lineNumber":162,"author":{"gitId":"-"},"content":"* The index refers to the index number shown in the displayed patient list.","lastModifiedDate":"2025-10-30T21:43:43","isFullCredit":false},{"lineNumber":163,"author":{"gitId":"-"},"content":"* The index **must be a positive integer** 1, 2, 3, …​","lastModifiedDate":"2025-10-30T21:43:43","isFullCredit":false},{"lineNumber":164,"author":{"gitId":"-"},"content":"* If a visit has already been logged for today, the command will fail with a message indicating it has already been logged.","lastModifiedDate":"2025-10-30T21:43:43","isFullCredit":false},{"lineNumber":165,"author":{"gitId":"-"},"content":"","lastModifiedDate":"2025-10-30T21:43:43","isFullCredit":false},{"lineNumber":166,"author":{"gitId":"-"},"content":"Examples:","lastModifiedDate":"2025-10-30T21:43:43","isFullCredit":false},{"lineNumber":167,"author":{"gitId":"-"},"content":"* `list` followed by `log 3` logs today\u0027s visit for the 3rd patient in the address book.","lastModifiedDate":"2025-10-30T21:43:43","isFullCredit":false},{"lineNumber":168,"author":{"gitId":"-"},"content":"* `find Jackson` followed by `log 1` logs today\u0027s visit for the 1st patient in the results of the `find` command.","lastModifiedDate":"2025-10-30T21:43:43","isFullCredit":false},{"lineNumber":169,"author":{"gitId":"-"},"content":"","lastModifiedDate":"2025-10-30T21:43:43","isFullCredit":false},{"lineNumber":170,"author":{"gitId":"-"},"content":"### Displaying visit dates for a patient : `display`","lastModifiedDate":"2025-10-30T21:43:43","isFullCredit":false},{"lineNumber":171,"author":{"gitId":"-"},"content":"","lastModifiedDate":"2025-10-30T21:43:43","isFullCredit":false},{"lineNumber":172,"author":{"gitId":"-"},"content":"Displays all recorded visit dates for the specified patient.","lastModifiedDate":"2025-10-30T21:43:43","isFullCredit":false},{"lineNumber":173,"author":{"gitId":"-"},"content":"","lastModifiedDate":"2025-10-30T21:43:43","isFullCredit":false},{"lineNumber":174,"author":{"gitId":"-"},"content":"Format: `display INDEX`","lastModifiedDate":"2025-10-30T21:43:43","isFullCredit":false},{"lineNumber":175,"author":{"gitId":"-"},"content":"","lastModifiedDate":"2025-10-30T21:43:43","isFullCredit":false},{"lineNumber":176,"author":{"gitId":"-"},"content":"* Displays the visit dates of the patient at the specified `INDEX`.","lastModifiedDate":"2025-10-30T21:43:43","isFullCredit":false},{"lineNumber":177,"author":{"gitId":"-"},"content":"* The index refers to the index number shown in the displayed patient list.","lastModifiedDate":"2025-10-30T21:43:43","isFullCredit":false},{"lineNumber":178,"author":{"gitId":"-"},"content":"* The index **must be a positive integer** 1, 2, 3, …​","lastModifiedDate":"2025-10-30T21:43:43","isFullCredit":false},{"lineNumber":179,"author":{"gitId":"-"},"content":"* If there are no recorded visits for the patient, a message indicating so will be shown.","lastModifiedDate":"2025-10-30T21:43:43","isFullCredit":false},{"lineNumber":180,"author":{"gitId":"-"},"content":"","lastModifiedDate":"2025-10-30T21:43:43","isFullCredit":false},{"lineNumber":181,"author":{"gitId":"-"},"content":"Examples:","lastModifiedDate":"2025-10-30T21:43:43","isFullCredit":false},{"lineNumber":182,"author":{"gitId":"-"},"content":"* `list` followed by `display 3` shows the visit dates of the 3rd patient in the address book.","lastModifiedDate":"2025-10-30T21:43:43","isFullCredit":false},{"lineNumber":183,"author":{"gitId":"-"},"content":"* `find Jackson` followed by `display 1` shows the visit dates of the 1st patient in the results of the `find` command.","lastModifiedDate":"2025-10-30T21:43:43","isFullCredit":false},{"lineNumber":184,"author":{"gitId":"-"},"content":"","lastModifiedDate":"2025-10-30T21:43:43","isFullCredit":false},{"lineNumber":185,"author":{"gitId":"-"},"content":"### Editing a patient : `edit`","lastModifiedDate":"2025-10-14T15:26:37","isFullCredit":false},{"lineNumber":186,"author":{"gitId":"-"},"content":"","lastModifiedDate":"2025-10-14T15:26:37","isFullCredit":false},{"lineNumber":187,"author":{"gitId":"-"},"content":"Edits an existing patient in CLInic.","lastModifiedDate":"2025-10-29T14:12:54","isFullCredit":false},{"lineNumber":188,"author":{"gitId":"-"},"content":"","lastModifiedDate":"2020-05-23T01:10:16","isFullCredit":false},{"lineNumber":189,"author":{"gitId":"-"},"content":"Format: `edit INDEX [n/NAME] [p/PHONE] [e/EMAIL] [a/ADDRESS] [d/Doctor] [med/MEDICINE]…​ [t/TAG]…​`","lastModifiedDate":"2025-10-22T12:51:37","isFullCredit":false},{"lineNumber":190,"author":{"gitId":"-"},"content":"","lastModifiedDate":"2020-05-23T01:10:16","isFullCredit":false},{"lineNumber":191,"author":{"gitId":"-"},"content":"* Edits the patient at the specified `INDEX`. The index refers to the index number shown in the displayed patient list. The index **must be a positive integer** 1, 2, 3, …​","lastModifiedDate":"2025-10-14T15:26:37","isFullCredit":false},{"lineNumber":192,"author":{"gitId":"-"},"content":"* At least one of the optional fields must be provided.","lastModifiedDate":"2020-05-23T01:10:16","isFullCredit":false},{"lineNumber":193,"author":{"gitId":"-"},"content":"* Existing values will be updated to the input values.","lastModifiedDate":"2020-05-23T01:10:16","isFullCredit":false},{"lineNumber":194,"author":{"gitId":"-"},"content":"","lastModifiedDate":"2025-10-30T22:32:05","isFullCredit":false},{"lineNumber":195,"author":{"gitId":"-"},"content":"\u003cdiv markdown\u003d\"span\" class\u003d\"alert alert-warning\"\u003e:exclamation: **Caution:**","lastModifiedDate":"2025-10-30T22:32:05","isFullCredit":false},{"lineNumber":196,"author":{"gitId":"-"},"content":"When editing tags/medicines, the existing tags/medicines of the patient will be removed i.e adding of these fields is not cumulative.","lastModifiedDate":"2025-10-30T22:32:05","isFullCredit":false},{"lineNumber":197,"author":{"gitId":"-"},"content":"\u003c/div\u003e","lastModifiedDate":"2025-10-30T22:32:05","isFullCredit":false},{"lineNumber":198,"author":{"gitId":"-"},"content":"","lastModifiedDate":"2025-10-30T22:32:05","isFullCredit":false},{"lineNumber":199,"author":{"gitId":"-"},"content":"* You can remove all the patient\u0027s tags/medicines by typing `t/` or `med/` without","lastModifiedDate":"2025-10-30T22:32:05","isFullCredit":false},{"lineNumber":200,"author":{"gitId":"-"},"content":"  specifying any tags after it.","lastModifiedDate":"2020-05-23T01:10:16","isFullCredit":false},{"lineNumber":201,"author":{"gitId":"-"},"content":"","lastModifiedDate":"2020-05-23T01:10:16","isFullCredit":false},{"lineNumber":202,"author":{"gitId":"-"},"content":"Examples:","lastModifiedDate":"2020-05-23T01:10:16","isFullCredit":false},{"lineNumber":203,"author":{"gitId":"-"},"content":"*  `edit 1 p/91234567 e/johndoe@example.com` Edits the phone number and email address of the 1st patient to be `91234567` and `johndoe@example.com` respectively.","lastModifiedDate":"2025-10-14T15:26:37","isFullCredit":false},{"lineNumber":204,"author":{"gitId":"-"},"content":"*  `edit 2 n/Betsy Crower t/` Edits the name of the 2nd patient to be `Betsy Crower` and clears all existing tags.","lastModifiedDate":"2025-10-14T15:26:37","isFullCredit":false},{"lineNumber":205,"author":{"gitId":"-"},"content":"*  `edit 2 d/` Removes the doctor assigned to that patient.","lastModifiedDate":"2025-10-22T12:51:37","isFullCredit":false},{"lineNumber":206,"author":{"gitId":"-"},"content":"","lastModifiedDate":"2020-05-23T01:10:16","isFullCredit":false},{"lineNumber":207,"author":{"gitId":"-"},"content":"### Locating patients by name: `find`","lastModifiedDate":"2025-10-14T15:26:37","isFullCredit":false},{"lineNumber":208,"author":{"gitId":"-"},"content":"","lastModifiedDate":"2020-05-23T01:10:16","isFullCredit":false},{"lineNumber":209,"author":{"gitId":"-"},"content":"Finds patients whose names contain any of the given keywords.","lastModifiedDate":"2025-10-14T15:26:37","isFullCredit":false},{"lineNumber":210,"author":{"gitId":"-"},"content":"","lastModifiedDate":"2020-05-23T01:10:16","isFullCredit":false},{"lineNumber":211,"author":{"gitId":"-"},"content":"Format: `find KEYWORD [MORE_KEYWORDS]`","lastModifiedDate":"2020-05-23T01:10:16","isFullCredit":false},{"lineNumber":212,"author":{"gitId":"-"},"content":"","lastModifiedDate":"2020-05-23T01:10:16","isFullCredit":false},{"lineNumber":213,"author":{"gitId":"-"},"content":"* The search is case-insensitive. e.g `hans` will match `Hans`","lastModifiedDate":"2020-05-23T01:10:16","isFullCredit":false},{"lineNumber":214,"author":{"gitId":"-"},"content":"* The order of the keywords does not matter. e.g. `Hans Bo` will match `Bo Hans`","lastModifiedDate":"2020-05-23T01:10:16","isFullCredit":false},{"lineNumber":215,"author":{"gitId":"-"},"content":"* Only the name is searched.","lastModifiedDate":"2020-05-23T01:10:16","isFullCredit":false},{"lineNumber":216,"author":{"gitId":"-"},"content":"* Only full words will be matched e.g. `Han` will not match `Hans`","lastModifiedDate":"2020-05-23T01:10:16","isFullCredit":false},{"lineNumber":217,"author":{"gitId":"-"},"content":"* Patients matching at least one keyword will be returned (i.e. `OR` search).","lastModifiedDate":"2025-10-29T09:11:25","isFullCredit":false},{"lineNumber":218,"author":{"gitId":"-"},"content":"  e.g. `Hans Bo` will return `Hans Gruber`, `Bo Yang`","lastModifiedDate":"2020-05-23T01:10:16","isFullCredit":false},{"lineNumber":219,"author":{"gitId":"-"},"content":"","lastModifiedDate":"2020-05-23T01:10:16","isFullCredit":false},{"lineNumber":220,"author":{"gitId":"-"},"content":"Examples:","lastModifiedDate":"2020-05-23T01:10:16","isFullCredit":false},{"lineNumber":221,"author":{"gitId":"-"},"content":"* `find John` returns `john` and `John Doe`","lastModifiedDate":"2020-05-23T01:10:16","isFullCredit":false},{"lineNumber":222,"author":{"gitId":"-"},"content":"* `find alex david` returns `Alex Yeoh`, `David Li`\u003cbr\u003e","lastModifiedDate":"2020-05-23T01:10:16","isFullCredit":false},{"lineNumber":223,"author":{"gitId":"-"},"content":"","lastModifiedDate":"2025-10-22T12:51:37","isFullCredit":false},{"lineNumber":224,"author":{"gitId":"-"},"content":"### Locating patients by doctor: `finddoc`","lastModifiedDate":"2025-10-29T09:11:25","isFullCredit":false},{"lineNumber":225,"author":{"gitId":"-"},"content":"","lastModifiedDate":"2025-10-29T09:11:25","isFullCredit":false},{"lineNumber":226,"author":{"gitId":"-"},"content":"Finds patients whose doctor\u0027s name contain any of the given keywords.","lastModifiedDate":"2025-10-29T09:11:25","isFullCredit":false},{"lineNumber":227,"author":{"gitId":"-"},"content":"","lastModifiedDate":"2025-10-29T09:11:25","isFullCredit":false},{"lineNumber":228,"author":{"gitId":"-"},"content":"Format: `finddoc KEYWORD [MORE_KEYWORDS]`","lastModifiedDate":"2025-10-29T09:11:25","isFullCredit":false},{"lineNumber":229,"author":{"gitId":"-"},"content":"","lastModifiedDate":"2025-10-29T09:11:25","isFullCredit":false},{"lineNumber":230,"author":{"gitId":"-"},"content":"* The search is case-insensitive. e.g `william` will match all patients whose doctor is `William`.","lastModifiedDate":"2025-10-29T09:11:25","isFullCredit":false},{"lineNumber":231,"author":{"gitId":"-"},"content":"* The order of the keywords does not matter. e.g. `Hans Bo` will match `Bo Hans`","lastModifiedDate":"2025-10-29T09:11:25","isFullCredit":false},{"lineNumber":232,"author":{"gitId":"-"},"content":"* Only the name is searched.","lastModifiedDate":"2025-10-29T09:11:25","isFullCredit":false},{"lineNumber":233,"author":{"gitId":"-"},"content":"* Only full words will be matched e.g. `Will` will not match `William`","lastModifiedDate":"2025-10-29T09:11:25","isFullCredit":false},{"lineNumber":234,"author":{"gitId":"-"},"content":"* Patients with doctors matching at least one keyword will be returned (i.e. `OR` search).","lastModifiedDate":"2025-10-29T09:11:25","isFullCredit":false},{"lineNumber":235,"author":{"gitId":"-"},"content":"  e.g. `Hans Bo` will return all patients with doctor `Hans Gruber`, `Bo Yang`","lastModifiedDate":"2025-10-29T09:11:25","isFullCredit":false},{"lineNumber":236,"author":{"gitId":"-"},"content":"","lastModifiedDate":"2025-10-29T09:11:25","isFullCredit":false},{"lineNumber":237,"author":{"gitId":"-"},"content":"Examples:","lastModifiedDate":"2025-10-29T09:11:25","isFullCredit":false},{"lineNumber":238,"author":{"gitId":"-"},"content":"* `find Jake` returns all patients whose doctor is `jake` and `Jake Lee`.","lastModifiedDate":"2025-10-29T09:11:25","isFullCredit":false},{"lineNumber":239,"author":{"gitId":"-"},"content":"* `find alex david` returns all patients whose doctor is `Alex Yeoh`, `David Li`\u003cbr\u003e","lastModifiedDate":"2025-10-29T09:11:25","isFullCredit":false},{"lineNumber":240,"author":{"gitId":"-"},"content":"","lastModifiedDate":"2025-10-29T09:11:25","isFullCredit":false},{"lineNumber":241,"author":{"gitId":"-"},"content":"### Locating patients by medicines taken: `findmed`","lastModifiedDate":"2025-10-23T19:40:52","isFullCredit":false},{"lineNumber":242,"author":{"gitId":"-"},"content":"","lastModifiedDate":"2025-10-23T19:40:52","isFullCredit":false},{"lineNumber":243,"author":{"gitId":"Mathew270"},"content":"Format: `findmed med/KEYWORD [MORE_KEYWORDS]...` or `findmed none`","lastModifiedDate":"2025-11-01T19:36:39","isFullCredit":false},{"lineNumber":244,"author":{"gitId":"-"},"content":"","lastModifiedDate":"2025-10-29T20:06:50","isFullCredit":false},{"lineNumber":245,"author":{"gitId":"-"},"content":"* The search is case-insensitive. e.g `paracetamol` will match `Paracetamol`","lastModifiedDate":"2025-10-23T19:40:52","isFullCredit":false},{"lineNumber":246,"author":{"gitId":"-"},"content":"* if `none` is specified after `findmed`, it returns all patients with no medicines assigned to them.","lastModifiedDate":"2025-10-29T22:19:29","isFullCredit":false},{"lineNumber":247,"author":{"gitId":"-"},"content":"* If more than one medicine specified, it should be space-sperated like `findmed med/medA med/medB`","lastModifiedDate":"2025-10-29T22:19:29","isFullCredit":false},{"lineNumber":248,"author":{"gitId":"-"},"content":"* The order of the keywords does not matter. e.g. `med/paracetamol med/ibuprofen` and `med/ibuprofen med/paracetamol`","lastModifiedDate":"2025-10-29T22:19:29","isFullCredit":false},{"lineNumber":249,"author":{"gitId":"-"},"content":"  will fetch patients who take both these medicines","lastModifiedDate":"2025-10-23T19:40:52","isFullCredit":false},{"lineNumber":250,"author":{"gitId":"-"},"content":"* Only full words will be matched e.g. `ibu` will not match `ibuprofen`","lastModifiedDate":"2025-10-23T19:40:52","isFullCredit":false},{"lineNumber":251,"author":{"gitId":"-"},"content":"* patients matching at least one keyword will be returned (i.e. `OR` search).","lastModifiedDate":"2025-10-23T19:40:52","isFullCredit":false},{"lineNumber":252,"author":{"gitId":"-"},"content":"  e.g. `paracetamol` will return patients who take paracetamol even if they take other medicines","lastModifiedDate":"2025-10-23T19:40:52","isFullCredit":false},{"lineNumber":253,"author":{"gitId":"-"},"content":"","lastModifiedDate":"2025-10-23T19:40:52","isFullCredit":false},{"lineNumber":254,"author":{"gitId":"-"},"content":"Examples:","lastModifiedDate":"2025-10-23T19:40:52","isFullCredit":false},{"lineNumber":255,"author":{"gitId":"-"},"content":"* `findmed med/paracetamol`","lastModifiedDate":"2025-10-29T20:06:50","isFullCredit":false},{"lineNumber":256,"author":{"gitId":"-"},"content":"* `findmed med/paracetamol med/ibuprofen`","lastModifiedDate":"2025-10-29T20:06:50","isFullCredit":false},{"lineNumber":257,"author":{"gitId":"-"},"content":"* `findmed none`","lastModifiedDate":"2025-10-29T22:19:29","isFullCredit":false},{"lineNumber":258,"author":{"gitId":"-"},"content":"","lastModifiedDate":"2020-05-23T01:10:16","isFullCredit":false},{"lineNumber":259,"author":{"gitId":"-"},"content":"### Deleting a patient : `delete`","lastModifiedDate":"2025-10-14T15:26:37","isFullCredit":false},{"lineNumber":260,"author":{"gitId":"-"},"content":"","lastModifiedDate":"2020-05-23T01:10:16","isFullCredit":false},{"lineNumber":261,"author":{"gitId":"-"},"content":"Deletes the specified patient from CLInic.","lastModifiedDate":"2025-10-29T14:12:54","isFullCredit":false},{"lineNumber":262,"author":{"gitId":"-"},"content":"","lastModifiedDate":"2020-05-23T01:10:16","isFullCredit":false},{"lineNumber":263,"author":{"gitId":"-"},"content":"Format: `delete INDEX`","lastModifiedDate":"2020-05-23T01:10:16","isFullCredit":false},{"lineNumber":264,"author":{"gitId":"-"},"content":"","lastModifiedDate":"2020-05-23T01:10:16","isFullCredit":false},{"lineNumber":265,"author":{"gitId":"-"},"content":"* Deletes the patient at the specified `INDEX`.","lastModifiedDate":"2025-10-14T15:26:37","isFullCredit":false},{"lineNumber":266,"author":{"gitId":"-"},"content":"* The index refers to the index number shown in the displayed patient list.","lastModifiedDate":"2025-10-14T15:26:37","isFullCredit":false},{"lineNumber":267,"author":{"gitId":"-"},"content":"* The index **must be a positive integer** 1, 2, 3, …​","lastModifiedDate":"2020-05-23T01:10:16","isFullCredit":false},{"lineNumber":268,"author":{"gitId":"-"},"content":"","lastModifiedDate":"2020-05-23T01:10:16","isFullCredit":false},{"lineNumber":269,"author":{"gitId":"-"},"content":"Examples:","lastModifiedDate":"2020-05-23T01:10:16","isFullCredit":false},{"lineNumber":270,"author":{"gitId":"-"},"content":"* `list` followed by `delete 2` deletes the 2nd patient in CLInic.","lastModifiedDate":"2025-10-29T14:12:54","isFullCredit":false},{"lineNumber":271,"author":{"gitId":"-"},"content":"* `find Betsy` followed by `delete 1` deletes the 1st patient in the results of the `find` command.","lastModifiedDate":"2025-10-14T15:26:37","isFullCredit":false},{"lineNumber":272,"author":{"gitId":"-"},"content":"","lastModifiedDate":"2020-05-23T01:10:16","isFullCredit":false},{"lineNumber":273,"author":{"gitId":"-"},"content":"### Clearing all entries : `clear`","lastModifiedDate":"2020-05-23T01:10:16","isFullCredit":false},{"lineNumber":274,"author":{"gitId":"-"},"content":"","lastModifiedDate":"2020-05-23T01:10:16","isFullCredit":false},{"lineNumber":275,"author":{"gitId":"-"},"content":"Clears all patient entries in CLInic.","lastModifiedDate":"2025-10-29T14:12:54","isFullCredit":false},{"lineNumber":276,"author":{"gitId":"-"},"content":"","lastModifiedDate":"2020-05-23T01:10:16","isFullCredit":false},{"lineNumber":277,"author":{"gitId":"-"},"content":"Format: `clear`","lastModifiedDate":"2020-05-23T01:10:16","isFullCredit":false},{"lineNumber":278,"author":{"gitId":"-"},"content":"","lastModifiedDate":"2020-05-23T01:10:16","isFullCredit":false},{"lineNumber":279,"author":{"gitId":"-"},"content":"### Exiting the program : `exit`","lastModifiedDate":"2020-05-23T01:10:16","isFullCredit":false},{"lineNumber":280,"author":{"gitId":"-"},"content":"","lastModifiedDate":"2020-05-23T01:10:16","isFullCredit":false},{"lineNumber":281,"author":{"gitId":"-"},"content":"Exits the program.","lastModifiedDate":"2020-05-23T01:10:16","isFullCredit":false},{"lineNumber":282,"author":{"gitId":"-"},"content":"","lastModifiedDate":"2020-05-23T01:10:16","isFullCredit":false},{"lineNumber":283,"author":{"gitId":"-"},"content":"Format: `exit`","lastModifiedDate":"2020-05-23T01:10:16","isFullCredit":false},{"lineNumber":284,"author":{"gitId":"-"},"content":"","lastModifiedDate":"2020-05-23T01:10:16","isFullCredit":false},{"lineNumber":285,"author":{"gitId":"-"},"content":"### Saving the data","lastModifiedDate":"2020-05-23T01:10:16","isFullCredit":false},{"lineNumber":286,"author":{"gitId":"-"},"content":"","lastModifiedDate":"2020-05-23T01:10:16","isFullCredit":false},{"lineNumber":287,"author":{"gitId":"-"},"content":"CLInic data are saved in the hard disk automatically after any command that changes the data. There is no need to save manually.","lastModifiedDate":"2025-10-29T14:12:54","isFullCredit":false},{"lineNumber":288,"author":{"gitId":"-"},"content":"","lastModifiedDate":"2020-05-23T01:10:16","isFullCredit":false},{"lineNumber":289,"author":{"gitId":"-"},"content":"### Editing the data file","lastModifiedDate":"2021-02-04T00:18:23","isFullCredit":false},{"lineNumber":290,"author":{"gitId":"-"},"content":"","lastModifiedDate":"2021-02-04T00:18:23","isFullCredit":false},{"lineNumber":291,"author":{"gitId":"-"},"content":"CLInic data are saved automatically as a JSON file `[JAR file location]/data/addressbook.json`. Advanced users are welcome to update data directly by editing that data file.","lastModifiedDate":"2025-10-29T16:34:02","isFullCredit":false},{"lineNumber":292,"author":{"gitId":"-"},"content":"","lastModifiedDate":"2021-02-04T00:18:23","isFullCredit":false},{"lineNumber":293,"author":{"gitId":"-"},"content":"\u003cdiv markdown\u003d\"span\" class\u003d\"alert alert-warning\"\u003e:exclamation: **Caution:**","lastModifiedDate":"2021-02-04T00:18:23","isFullCredit":false},{"lineNumber":294,"author":{"gitId":"-"},"content":"If your changes to the data file makes its format invalid, CLInic will discard all data and start with an empty data file at the next run. Hence, it is recommended to take a backup of the file before editing it.\u003cbr\u003e","lastModifiedDate":"2025-10-29T14:12:54","isFullCredit":false},{"lineNumber":295,"author":{"gitId":"-"},"content":"Furthermore, certain edits can cause CLInic to behave in unexpected ways (e.g., if a value entered is outside of the acceptable range). Therefore, edit the data file only if you are confident that you can update it correctly.","lastModifiedDate":"2025-10-29T14:12:54","isFullCredit":false},{"lineNumber":296,"author":{"gitId":"-"},"content":"\u003c/div\u003e","lastModifiedDate":"2021-02-04T00:18:23","isFullCredit":false},{"lineNumber":297,"author":{"gitId":"-"},"content":"","lastModifiedDate":"2021-02-04T00:18:23","isFullCredit":false},{"lineNumber":298,"author":{"gitId":"-"},"content":"--------------------------------------------------------------------------------------------------------------------","lastModifiedDate":"2020-05-23T01:10:16","isFullCredit":false},{"lineNumber":299,"author":{"gitId":"-"},"content":"","lastModifiedDate":"2020-05-23T01:10:16","isFullCredit":false},{"lineNumber":300,"author":{"gitId":"-"},"content":"## FAQ","lastModifiedDate":"2020-05-23T01:10:16","isFullCredit":false},{"lineNumber":301,"author":{"gitId":"-"},"content":"","lastModifiedDate":"2020-05-23T01:10:16","isFullCredit":false},{"lineNumber":302,"author":{"gitId":"-"},"content":"**Q**: How do I transfer my data to another Computer?\u003cbr\u003e","lastModifiedDate":"2020-05-23T01:10:16","isFullCredit":false},{"lineNumber":303,"author":{"gitId":"-"},"content":"**A**: Install the app in the other computer and overwrite the empty data file it creates with the file that contains the data of your previous CLInic home folder.","lastModifiedDate":"2025-10-29T14:12:54","isFullCredit":false},{"lineNumber":304,"author":{"gitId":"-"},"content":"","lastModifiedDate":"2020-05-23T01:10:16","isFullCredit":false},{"lineNumber":305,"author":{"gitId":"-"},"content":"--------------------------------------------------------------------------------------------------------------------","lastModifiedDate":"2020-05-23T01:10:16","isFullCredit":false},{"lineNumber":306,"author":{"gitId":"-"},"content":"","lastModifiedDate":"2020-05-23T01:10:16","isFullCredit":false},{"lineNumber":307,"author":{"gitId":"-"},"content":"## Known issues","lastModifiedDate":"2023-09-08T13:05:01","isFullCredit":false},{"lineNumber":308,"author":{"gitId":"-"},"content":"","lastModifiedDate":"2023-09-08T13:05:01","isFullCredit":false},{"lineNumber":309,"author":{"gitId":"-"},"content":"1. **When using multiple screens**, if you move the application to a secondary screen, and later switch to using only the primary screen, the GUI will open off-screen. The remedy is to delete the `preferences.json` file created by the application before running the application again.","lastModifiedDate":"2023-09-08T13:05:01","isFullCredit":false},{"lineNumber":310,"author":{"gitId":"-"},"content":"2. **If you minimize the Help Window** and then run the `help` command (or use the `Help` menu, or the keyboard shortcut `F1`) again, the original Help Window will remain minimized, and no new Help Window will appear. The remedy is to manually restore the minimized Help Window.","lastModifiedDate":"2024-07-30T23:21:09","isFullCredit":false},{"lineNumber":311,"author":{"gitId":"-"},"content":"","lastModifiedDate":"2023-09-08T13:05:01","isFullCredit":false},{"lineNumber":312,"author":{"gitId":"-"},"content":"--------------------------------------------------------------------------------------------------------------------","lastModifiedDate":"2023-09-08T13:05:01","isFullCredit":false},{"lineNumber":313,"author":{"gitId":"-"},"content":"","lastModifiedDate":"2023-09-08T13:05:01","isFullCredit":false},{"lineNumber":314,"author":{"gitId":"-"},"content":"## Command summary","lastModifiedDate":"2020-05-23T01:10:16","isFullCredit":false},{"lineNumber":315,"author":{"gitId":"-"},"content":"","lastModifiedDate":"2020-05-23T01:10:16","isFullCredit":false},{"lineNumber":316,"author":{"gitId":"-"},"content":"Action | Format, Examples","lastModifiedDate":"2020-05-23T01:10:16","isFullCredit":false},{"lineNumber":317,"author":{"gitId":"-"},"content":"--------|------------------","lastModifiedDate":"2020-05-23T01:10:16","isFullCredit":false},{"lineNumber":318,"author":{"gitId":"Mathew270"},"content":"**Add** | `add n/NAME p/PHONE_NUMBER e/EMAIL a/ADDRESS [d/Doctor] [t/TAG]…​ [med/MEDICINE]…​` \u003cbr\u003e e.g., `add n/Betsy Crowe t/friend e/betsycrowe@example.com a/Newgate Road p/1234567 t/friend med/Paracetamol med/Aspirin`","lastModifiedDate":"2025-11-01T19:17:56","isFullCredit":false},{"lineNumber":319,"author":{"gitId":"-"},"content":"**Clear** | `clear`","lastModifiedDate":"2020-05-23T01:10:16","isFullCredit":false},{"lineNumber":320,"author":{"gitId":"-"},"content":"**Delete** | `delete INDEX`\u003cbr\u003e e.g., `delete 3`","lastModifiedDate":"2020-05-23T01:10:16","isFullCredit":false},{"lineNumber":321,"author":{"gitId":"-"},"content":"**Edit** | `edit INDEX [n/NAME] [p/PHONE] [e/EMAIL] [a/ADDRESS] [d/Doctor] [t/TAG]…​ [med/MEDICINE]…​`\u003cbr\u003e e.g.,`edit 2 n/James Lee e/jameslee@example.com`","lastModifiedDate":"2025-10-27T14:08:04","isFullCredit":false},{"lineNumber":322,"author":{"gitId":"-"},"content":"**Find** | `find KEYWORD [MORE_KEYWORDS]`\u003cbr\u003e e.g., `find James Jake`","lastModifiedDate":"2020-05-23T01:10:16","isFullCredit":false},{"lineNumber":323,"author":{"gitId":"-"},"content":"**Find Doctor** | `finddoc KEYWORD [MORE_KEYWORDS]`\u003cbr\u003e e.g., `finddoc Mike Ang`","lastModifiedDate":"2025-10-29T22:23:23","isFullCredit":false},{"lineNumber":324,"author":{"gitId":"Mathew270"},"content":"**Filter by Medicines** | `findmed med/KEYWORD [MORE_KEYWORDS]...` or `findmed none` \u003cbr\u003e e.g., `findmed med/Paracetamol med/Ibuprofen`","lastModifiedDate":"2025-11-01T19:36:39","isFullCredit":false},{"lineNumber":325,"author":{"gitId":"-"},"content":"**List** | `list`","lastModifiedDate":"2020-05-23T01:10:16","isFullCredit":false},{"lineNumber":326,"author":{"gitId":"-"},"content":"**Help** | `help`","lastModifiedDate":"2020-05-23T01:10:16","isFullCredit":false},{"lineNumber":327,"author":{"gitId":"-"},"content":"**View medicines** | `med INDEX`\u003cbr\u003e e.g., `med 1`","lastModifiedDate":"2025-10-30T22:32:05","isFullCredit":false},{"lineNumber":328,"author":{"gitId":"-"},"content":"**View patient** | `view INDEX`\u003cbr\u003e e.g., `view 2`","lastModifiedDate":"2025-10-30T22:32:05","isFullCredit":false},{"lineNumber":329,"author":{"gitId":"-"},"content":"**Log visit** | `log INDEX`\u003cbr\u003e e.g., `log 1`","lastModifiedDate":"2025-10-30T21:43:43","isFullCredit":false},{"lineNumber":330,"author":{"gitId":"-"},"content":"**Display visits** | `display INDEX`\u003cbr\u003e e.g., `display 1`","lastModifiedDate":"2025-10-30T21:43:43","isFullCredit":false}],"authorContributionMap":{"Mathew270":9,"-":321}},{"path":"src/main/java/seedu/address/model/tag/Tag.java","fileType":"functional-code","lines":[{"lineNumber":1,"author":{"gitId":"-"},"content":"package seedu.address.model.tag;","lastModifiedDate":"2016-09-21T15:19:55","isFullCredit":false},{"lineNumber":2,"author":{"gitId":"-"},"content":"","lastModifiedDate":"2016-08-24T16:57:46","isFullCredit":false},{"lineNumber":3,"author":{"gitId":"-"},"content":"import static java.util.Objects.requireNonNull;","lastModifiedDate":"2017-05-15T13:51:14","isFullCredit":false},{"lineNumber":4,"author":{"gitId":"-"},"content":"import static seedu.address.commons.util.AppUtil.checkArgument;","lastModifiedDate":"2017-05-30T18:40:47","isFullCredit":false},{"lineNumber":5,"author":{"gitId":"-"},"content":"","lastModifiedDate":"2016-08-24T16:57:46","isFullCredit":false},{"lineNumber":6,"author":{"gitId":"-"},"content":"/**","lastModifiedDate":"2016-08-24T16:57:46","isFullCredit":false},{"lineNumber":7,"author":{"gitId":"-"},"content":" * Represents a Tag in the address book.","lastModifiedDate":"2016-08-24T16:57:46","isFullCredit":false},{"lineNumber":8,"author":{"gitId":"-"},"content":" * Guarantees: immutable; name is valid as declared in {@link #isValidTagName(String)}","lastModifiedDate":"2016-08-24T16:57:46","isFullCredit":false},{"lineNumber":9,"author":{"gitId":"-"},"content":" */","lastModifiedDate":"2016-08-24T16:57:46","isFullCredit":false},{"lineNumber":10,"author":{"gitId":"-"},"content":"public class Tag {","lastModifiedDate":"2016-08-24T16:57:46","isFullCredit":false},{"lineNumber":11,"author":{"gitId":"-"},"content":"","lastModifiedDate":"2016-08-24T16:57:46","isFullCredit":false},{"lineNumber":12,"author":{"gitId":"Mathew270"},"content":"    public static final String MESSAGE_CONSTRAINTS \u003d \"Tag names should be alphanumeric (hyphen is allowed) \"","lastModifiedDate":"2025-11-01T19:23:50","isFullCredit":false},{"lineNumber":13,"author":{"gitId":"Mathew270"},"content":"            + \"and should not be blank\";","lastModifiedDate":"2025-11-01T19:23:50","isFullCredit":false},{"lineNumber":14,"author":{"gitId":"-"},"content":"    public static final String VALIDATION_REGEX \u003d \"^[a-zA-Z0-9-]+$\";","lastModifiedDate":"2025-10-16T19:41:23","isFullCredit":false},{"lineNumber":15,"author":{"gitId":"-"},"content":"","lastModifiedDate":"2016-08-24T16:57:46","isFullCredit":false},{"lineNumber":16,"author":{"gitId":"-"},"content":"    public final String tagName;","lastModifiedDate":"2016-10-19T16:40:23","isFullCredit":false},{"lineNumber":17,"author":{"gitId":"-"},"content":"","lastModifiedDate":"2016-08-24T16:57:46","isFullCredit":false},{"lineNumber":18,"author":{"gitId":"-"},"content":"    /**","lastModifiedDate":"2016-08-24T16:57:46","isFullCredit":false},{"lineNumber":19,"author":{"gitId":"-"},"content":"     * Constructs a {@code Tag}.","lastModifiedDate":"2017-05-30T18:40:47","isFullCredit":false},{"lineNumber":20,"author":{"gitId":"-"},"content":"     *","lastModifiedDate":"2016-08-24T16:57:46","isFullCredit":false},{"lineNumber":21,"author":{"gitId":"-"},"content":"     * @param tagName A valid tag name.","lastModifiedDate":"2017-05-30T18:40:47","isFullCredit":false},{"lineNumber":22,"author":{"gitId":"-"},"content":"     */","lastModifiedDate":"2016-08-24T16:57:46","isFullCredit":false},{"lineNumber":23,"author":{"gitId":"-"},"content":"    public Tag(String tagName) {","lastModifiedDate":"2017-05-30T18:40:47","isFullCredit":false},{"lineNumber":24,"author":{"gitId":"-"},"content":"        requireNonNull(tagName);","lastModifiedDate":"2017-05-30T18:40:47","isFullCredit":false},{"lineNumber":25,"author":{"gitId":"-"},"content":"        checkArgument(isValidTagName(tagName), MESSAGE_CONSTRAINTS);","lastModifiedDate":"2018-09-22T22:31:24","isFullCredit":false},{"lineNumber":26,"author":{"gitId":"-"},"content":"        this.tagName \u003d tagName;","lastModifiedDate":"2017-05-30T18:40:47","isFullCredit":false},{"lineNumber":27,"author":{"gitId":"-"},"content":"    }","lastModifiedDate":"2016-08-24T16:57:46","isFullCredit":false},{"lineNumber":28,"author":{"gitId":"-"},"content":"","lastModifiedDate":"2016-08-24T16:57:46","isFullCredit":false},{"lineNumber":29,"author":{"gitId":"-"},"content":"    /**","lastModifiedDate":"2016-08-24T16:57:46","isFullCredit":false},{"lineNumber":30,"author":{"gitId":"-"},"content":"     * Returns true if a given string is a valid tag name.","lastModifiedDate":"2016-09-22T23:30:41","isFullCredit":false},{"lineNumber":31,"author":{"gitId":"-"},"content":"     */","lastModifiedDate":"2016-08-24T16:57:46","isFullCredit":false},{"lineNumber":32,"author":{"gitId":"-"},"content":"    public static boolean isValidTagName(String test) {","lastModifiedDate":"2016-08-24T16:57:46","isFullCredit":false},{"lineNumber":33,"author":{"gitId":"-"},"content":"        return test.matches(VALIDATION_REGEX);","lastModifiedDate":"2018-09-22T22:31:24","isFullCredit":false},{"lineNumber":34,"author":{"gitId":"-"},"content":"    }","lastModifiedDate":"2016-08-24T16:57:46","isFullCredit":false},{"lineNumber":35,"author":{"gitId":"-"},"content":"","lastModifiedDate":"2016-08-24T16:57:46","isFullCredit":false},{"lineNumber":36,"author":{"gitId":"-"},"content":"    @Override","lastModifiedDate":"2016-08-24T16:57:46","isFullCredit":false},{"lineNumber":37,"author":{"gitId":"-"},"content":"    public boolean equals(Object other) {","lastModifiedDate":"2016-08-24T16:57:46","isFullCredit":false},{"lineNumber":38,"author":{"gitId":"-"},"content":"        if (other \u003d\u003d this) {","lastModifiedDate":"2023-07-13T08:40:04","isFullCredit":false},{"lineNumber":39,"author":{"gitId":"-"},"content":"            return true;","lastModifiedDate":"2023-07-13T08:40:04","isFullCredit":false},{"lineNumber":40,"author":{"gitId":"-"},"content":"        }","lastModifiedDate":"2023-07-13T08:40:04","isFullCredit":false},{"lineNumber":41,"author":{"gitId":"-"},"content":"","lastModifiedDate":"2023-07-13T08:40:04","isFullCredit":false},{"lineNumber":42,"author":{"gitId":"-"},"content":"        // instanceof handles nulls","lastModifiedDate":"2023-07-13T08:40:04","isFullCredit":false},{"lineNumber":43,"author":{"gitId":"-"},"content":"        if (!(other instanceof Tag)) {","lastModifiedDate":"2023-07-13T08:40:04","isFullCredit":false},{"lineNumber":44,"author":{"gitId":"-"},"content":"            return false;","lastModifiedDate":"2023-07-13T08:40:04","isFullCredit":false},{"lineNumber":45,"author":{"gitId":"-"},"content":"        }","lastModifiedDate":"2023-07-13T08:40:04","isFullCredit":false},{"lineNumber":46,"author":{"gitId":"-"},"content":"","lastModifiedDate":"2023-07-13T08:40:04","isFullCredit":false},{"lineNumber":47,"author":{"gitId":"-"},"content":"        Tag otherTag \u003d (Tag) other;","lastModifiedDate":"2023-07-13T08:40:04","isFullCredit":false},{"lineNumber":48,"author":{"gitId":"-"},"content":"        return tagName.equals(otherTag.tagName);","lastModifiedDate":"2023-07-13T08:40:04","isFullCredit":false},{"lineNumber":49,"author":{"gitId":"-"},"content":"    }","lastModifiedDate":"2016-08-24T16:57:46","isFullCredit":false},{"lineNumber":50,"author":{"gitId":"-"},"content":"","lastModifiedDate":"2016-08-24T16:57:46","isFullCredit":false},{"lineNumber":51,"author":{"gitId":"-"},"content":"    @Override","lastModifiedDate":"2016-08-24T16:57:46","isFullCredit":false},{"lineNumber":52,"author":{"gitId":"-"},"content":"    public int hashCode() {","lastModifiedDate":"2016-08-24T16:57:46","isFullCredit":false},{"lineNumber":53,"author":{"gitId":"-"},"content":"        return tagName.hashCode();","lastModifiedDate":"2016-08-24T16:57:46","isFullCredit":false},{"lineNumber":54,"author":{"gitId":"-"},"content":"    }","lastModifiedDate":"2016-08-24T16:57:46","isFullCredit":false},{"lineNumber":55,"author":{"gitId":"-"},"content":"","lastModifiedDate":"2016-08-24T16:57:46","isFullCredit":false},{"lineNumber":56,"author":{"gitId":"-"},"content":"    /**","lastModifiedDate":"2016-08-24T16:57:46","isFullCredit":false},{"lineNumber":57,"author":{"gitId":"-"},"content":"     * Format state as text for viewing.","lastModifiedDate":"2016-08-24T16:57:46","isFullCredit":false},{"lineNumber":58,"author":{"gitId":"-"},"content":"     */","lastModifiedDate":"2016-08-24T16:57:46","isFullCredit":false},{"lineNumber":59,"author":{"gitId":"-"},"content":"    public String toString() {","lastModifiedDate":"2016-08-24T16:57:46","isFullCredit":false},{"lineNumber":60,"author":{"gitId":"-"},"content":"        return \u0027[\u0027 + tagName + \u0027]\u0027;","lastModifiedDate":"2016-08-24T16:57:46","isFullCredit":false},{"lineNumber":61,"author":{"gitId":"-"},"content":"    }","lastModifiedDate":"2016-08-24T16:57:46","isFullCredit":false},{"lineNumber":62,"author":{"gitId":"-"},"content":"","lastModifiedDate":"2016-08-24T16:57:46","isFullCredit":false},{"lineNumber":63,"author":{"gitId":"-"},"content":"}","lastModifiedDate":"2016-08-24T16:57:46","isFullCredit":false}],"authorContributionMap":{"Mathew270":2,"-":61}}]
