{"authorDailyContributionsMap":{"Rahulvira":[],"Arnav-Jhajharia":[],"Shubham-1417":[],"Mathew270":[],"alfred-chua":[]},"authorFileTypeContributionMap":{"Rahulvira":{"docs":0,"functional-code":0,"test-code":0},"Arnav-Jhajharia":{"docs":0,"functional-code":0,"test-code":0},"Shubham-1417":{"docs":0,"functional-code":0,"test-code":0},"Mathew270":{"docs":0,"functional-code":0,"test-code":0},"alfred-chua":{"docs":0,"functional-code":0,"test-code":0}},"authorContributionVariance":{"Rahulvira":0.0,"Arnav-Jhajharia":0.0,"Shubham-1417":0.0,"Mathew270":0.0,"alfred-chua":0.0},"authorDisplayNameMap":{"Rahulvira":"CS2103T-F12-4 RAHU..IJAY","Arnav-Jhajharia":"CS2103T-F12-4 JHAJ..RNAV","Shubham-1417":"CS2103T-F12-4 CHOU..BHAM","Mathew270":"CS2103T-F12-4 MATH..PAUL","alfred-chua":"CS2103T-F12-4 ALFR.. KAI"}}
