{"authorDailyContributionsMap":{"Rahulvira":[],"Arnav-Jhajharia":[],"Shubham-1417":[],"Mathew270":[{"date":"2025-11-01T00:00:00","commitResults":[{"hash":"a0306daa03f1377d2139413890db29b21bbd87ef","isMergeCommit":false,"messageTitle":"UG changes","messageBody":"","fileTypesAndContributionMap":{"docs":{"insertions":8,"deletions":24}}},{"hash":"bdb303e32479d6e3d73cd3c6cf7a3c0baf8b594f","isMergeCommit":false,"messageTitle":"Updated tag error msg","messageBody":"","fileTypesAndContributionMap":{"functional-code":{"insertions":2,"deletions":1}}},{"hash":"a3970e5aba46ccad4704310de1a96b736d11e7cb","isMergeCommit":true,"messageTitle":"Merge pull request #215 from Mathew270/Error-msg-changes","messageBody":"Update Tag error msg (2 functional lines changed)","fileTypesAndContributionMap":{}},{"hash":"db27c8b2f71044dca12b78c539418e5b09465569","isMergeCommit":false,"messageTitle":"UG-changes","messageBody":"","fileTypesAndContributionMap":{"docs":{"insertions":2,"deletions":2}}},{"hash":"da91cf1d3ca2cb79d8009a7e610f7dedc6403d76","isMergeCommit":false,"messageTitle":"Added space in error msg for tag","messageBody":"","fileTypesAndContributionMap":{"functional-code":{"insertions":1,"deletions":1}}},{"hash":"7d5e9bb17e9d538e4277a6620dfc9c5e5ce14a82","isMergeCommit":true,"messageTitle":"Merge pull request #216 from Mathew270/Error-msg-changes","messageBody":"Tag Error msg changes","fileTypesAndContributionMap":{}}]}],"alfred-chua":[]},"authorFileTypeContributionMap":{"Rahulvira":{"docs":0,"functional-code":0,"test-code":0},"Arnav-Jhajharia":{"docs":0,"functional-code":0,"test-code":0},"Shubham-1417":{"docs":0,"functional-code":0,"test-code":0},"Mathew270":{"docs":9,"functional-code":2,"test-code":0},"alfred-chua":{"docs":0,"functional-code":0,"test-code":0}},"authorContributionVariance":{"Rahulvira":0.0,"Arnav-Jhajharia":0.0,"Shubham-1417":0.0,"Mathew270":1681.0,"alfred-chua":0.0},"authorDisplayNameMap":{"Rahulvira":"CS2103T-F12-4 RAHU..IJAY","Arnav-Jhajharia":"CS2103T-F12-4 JHAJ..RNAV","Shubham-1417":"CS2103T-F12-4 CHOU..BHAM","Mathew270":"CS2103T-F12-4 MATH..PAUL","alfred-chua":"CS2103T-F12-4 ALFR.. KAI"}}
