{"authorDailyContributionsMap":{"Chrogain":[],"Albertd13":[],"Orange-eat97":[],"ruissouw":[],"EugeneOYZ1203n":[]},"authorFileTypeContributionMap":{"Chrogain":{"docs":0,"functional-code":0,"test-code":0},"Albertd13":{"docs":0,"functional-code":0,"test-code":0},"Orange-eat97":{"docs":0,"functional-code":0,"test-code":0},"ruissouw":{"docs":0,"functional-code":0,"test-code":0},"EugeneOYZ1203n":{"docs":0,"functional-code":0,"test-code":0}},"authorContributionVariance":{"Chrogain":0.0,"Albertd13":0.0,"Orange-eat97":0.0,"ruissouw":0.0,"EugeneOYZ1203n":0.0},"authorDisplayNameMap":{"Chrogain":"CS2103T-W13-1 TAN ..IDAN","Albertd13":"CS2103T-W13-1 ALBE.. JUN","Orange-eat97":"CS2103T-W13-1 CHEN.. CHI","ruissouw":"CS2103T-W13-1 ROHI..THAN","EugeneOYZ1203n":"CS2103T-W13-1 EUGE..HENG"}}
