{"authorDailyContributionsMap":{"kuagabriel8":[],"malcolmchu13":[{"date":"2025-11-01T00:00:00","commitResults":[{"hash":"084efc203d48c934645cbe021a25642229e19b63","isMergeCommit":false,"messageTitle":"fix(parent): show error when adding cost to parent","messageBody":"Previously, parent cost was displayed instead of triggering:\nCannot add cost for a parent. Parent cost is derived from their linked children.\n","fileTypesAndContributionMap":{"functional-code":{"insertions":5,"deletions":0},"test-code":{"insertions":9,"deletions":0}}},{"hash":"b39a1f8530897c10f4a5fa29a43ba875f38d1de8","isMergeCommit":true,"messageTitle":"Merge pull request #287 from evanjw2/small-bugfix","messageBody":"Small bug fix and add schedule exceptions","fileTypesAndContributionMap":{}}]}],"seokjoon27":[],"evanjw2":[{"date":"2025-11-01T00:00:00","commitResults":[{"hash":"4acd6003f24e71482df6b71b2f10f46b105379dc","isMergeCommit":false,"messageTitle":"Small bug fix and add schedule exceptions","messageBody":"","fileTypesAndContributionMap":{"functional-code":{"insertions":14,"deletions":9},"docs":{"insertions":61,"deletions":32},"test-code":{"insertions":6,"deletions":3}}},{"hash":"f434b69be5828f17afde81882eaca5523e60b680","isMergeCommit":false,"messageTitle":"Fix checkstyle","messageBody":"","fileTypesAndContributionMap":{"functional-code":{"insertions":4,"deletions":3},"docs":{"insertions":74,"deletions":66}}},{"hash":"ba7fcff3702319eea8634fd03ee003f437528e36","isMergeCommit":false,"messageTitle":"Fix checkstyle","messageBody":"","fileTypesAndContributionMap":{"docs":{"insertions":4,"deletions":3}}},{"hash":"b78fbb26d9314177a0ad43434349cc09e61c6ea4","isMergeCommit":false,"messageTitle":"Fix checkstyle","messageBody":"","fileTypesAndContributionMap":{"functional-code":{"insertions":5,"deletions":5}}},{"hash":"70a44b62be2cd468994c3aa0bd5113cc732c433d","isMergeCommit":false,"messageTitle":"Fix checkstyle","messageBody":"","fileTypesAndContributionMap":{"test-code":{"insertions":2,"deletions":2}}},{"hash":"fd152b01fe0876712c61c75f99ad210f2961e1ec","isMergeCommit":true,"messageTitle":"Merge pull request #288 from malcolmchu13/262-pe-dtester-b-displaying-of-cost-of-parents-unlinked-to-any-student","messageBody":"fix(parent): show error when adding cost to parent","fileTypesAndContributionMap":{}}]}],"limjimin-nus":[]},"authorFileTypeContributionMap":{"kuagabriel8":{"docs":0,"functional-code":0,"test-code":0},"malcolmchu13":{"docs":0,"functional-code":5,"test-code":9},"seokjoon27":{"docs":0,"functional-code":0,"test-code":0},"evanjw2":{"docs":71,"functional-code":17,"test-code":6},"limjimin-nus":{"docs":0,"functional-code":0,"test-code":0}},"authorContributionVariance":{"kuagabriel8":0.0,"malcolmchu13":196.0,"seokjoon27":0.0,"evanjw2":85849.0,"limjimin-nus":0.0},"authorDisplayNameMap":{"kuagabriel8":"CS2103T-W10-1 GABR.. ERN","malcolmchu13":"CS2103T-W10-1 MALC.. XUN","seokjoon27":"CS2103T-W10-1 HONG..JOON","evanjw2":"CS2103T-W10-1 ONG .. WEI","limjimin-nus":"CS2103T-W10-1 LIM .. MIN"}}
