{"authorDailyContributionsMap":{"Lzkkuan":[],"miinren":[],"PeanutButter1212":[],"haobuhaoo":[],"WFYishere":[]},"authorFileTypeContributionMap":{"Lzkkuan":{"docs":0,"functional-code":0,"test-code":0},"miinren":{"docs":0,"functional-code":0,"test-code":0},"PeanutButter1212":{"docs":0,"functional-code":0,"test-code":0},"haobuhaoo":{"docs":0,"functional-code":0,"test-code":0},"WFYishere":{"docs":0,"functional-code":0,"test-code":0}},"authorContributionVariance":{"Lzkkuan":0.0,"miinren":0.0,"PeanutButter1212":0.0,"haobuhaoo":0.0,"WFYishere":0.0},"authorDisplayNameMap":{"Lzkkuan":"CS2103T-F12-2 LI Z..KUAN","miinren":"CS2103T-F12-2 SEAH..-REN","PeanutButter1212":"CS2103T-F12-2 MARC.. HAN","haobuhaoo":"CS2103T-F12-2 TEOH..O YI","WFYishere":"CS2103T-F12-2 WEN ..ANYU"}}
