{"authorDailyContributionsMap":{"Lzkkuan":[],"miinren":[],"PeanutButter1212":[],"haobuhaoo":[{"date":"2025-10-31T00:00:00","commitResults":[{"hash":"fbee9653a63e8faf2e0517bf837bbcbabdffecf7","isMergeCommit":false,"messageTitle":"Update use case","messageBody":"","fileTypesAndContributionMap":{"docs":{"insertions":92,"deletions":4}}},{"hash":"2283bc866c0422e995ac4908ad161ca33657b178","isMergeCommit":true,"messageTitle":"Merge pull request #172 from haobuhaoo/update-developerguide","messageBody":"Update use case","fileTypesAndContributionMap":{}}]}],"WFYishere":[]},"authorFileTypeContributionMap":{"Lzkkuan":{"docs":0,"functional-code":0,"test-code":0},"miinren":{"docs":0,"functional-code":0,"test-code":0},"PeanutButter1212":{"docs":0,"functional-code":0,"test-code":0},"haobuhaoo":{"docs":92,"functional-code":0,"test-code":0},"WFYishere":{"docs":0,"functional-code":0,"test-code":0}},"authorContributionVariance":{"Lzkkuan":0.0,"miinren":0.0,"PeanutButter1212":0.0,"haobuhaoo":9216.0,"WFYishere":0.0},"authorDisplayNameMap":{"Lzkkuan":"CS2103T-F12-2 LI Z..KUAN","miinren":"CS2103T-F12-2 SEAH..-REN","PeanutButter1212":"CS2103T-F12-2 MARC.. HAN","haobuhaoo":"CS2103T-F12-2 TEOH..O YI","WFYishere":"CS2103T-F12-2 WEN ..ANYU"}}
