{"authorDailyContributionsMap":{"blurfrost":[],"McFishhh":[],"morpheuschoo":[],"jlismee":[],"wafflescloud":[]},"authorFileTypeContributionMap":{"blurfrost":{"docs":0,"functional-code":0,"test-code":0},"McFishhh":{"docs":0,"functional-code":0,"test-code":0},"morpheuschoo":{"docs":0,"functional-code":0,"test-code":0},"jlismee":{"docs":0,"functional-code":0,"test-code":0},"wafflescloud":{"docs":0,"functional-code":0,"test-code":0}},"authorContributionVariance":{"blurfrost":0.0,"McFishhh":0.0,"morpheuschoo":0.0,"jlismee":0.0,"wafflescloud":0.0},"authorDisplayNameMap":{"blurfrost":"CS2103T-W14-3 SHEN..EITH","McFishhh":"CS2103T-W14-3 SHAW..IONG","morpheuschoo":"CS2103T-W14-3 CHOO..HEUS","jlismee":"CS2103T-W14-3 SHE ..LING","wafflescloud":"CS2103T-W14-3 ZHEN..JOAN"}}
