{"authorDailyContributionsMap":{"simantak-dabhade":[],"kellytxn":[{"date":"2025-10-31T00:00:00","commitResults":[{"hash":"2f91f39e10b9a6703ecc7f08ad32d3c2c36cefb1","isMergeCommit":false,"messageTitle":"Update DeveloperGuide.md","messageBody":"","fileTypesAndContributionMap":{"docs":{"insertions":1,"deletions":1}}},{"hash":"620d9986c7db283d244e3814974c3e1d20b561f7","isMergeCommit":false,"messageTitle":"Update UserGuide.md","messageBody":"","fileTypesAndContributionMap":{"docs":{"insertions":3,"deletions":4}}}]},{"date":"2025-11-01T00:00:00","commitResults":[{"hash":"01aaa1235f40aa53bea1d0524aec69596cf28cec","isMergeCommit":true,"messageTitle":"Merge pull request #202 from goh-joshua/update-ug-and-dg","messageBody":"Update UG and DG","fileTypesAndContributionMap":{}}]}],"cameronlzy":[],"goh-joshua":[{"date":"2025-10-31T00:00:00","commitResults":[{"hash":"dcb2046ed61aae07449e613741ab66a9fe43ca8d","isMergeCommit":false,"messageTitle":"Update UG and DG","messageBody":"","fileTypesAndContributionMap":{"docs":{"insertions":12,"deletions":11}}}]}],"SanguineChameleon":[]},"authorFileTypeContributionMap":{"simantak-dabhade":{"docs":0,"functional-code":0,"test-code":0},"kellytxn":{"docs":0,"functional-code":0,"test-code":0},"cameronlzy":{"docs":0,"functional-code":0,"test-code":0},"goh-joshua":{"docs":7,"functional-code":0,"test-code":0},"SanguineChameleon":{"docs":0,"functional-code":0,"test-code":0}},"authorContributionVariance":{"simantak-dabhade":0.0,"kellytxn":81.0,"cameronlzy":0.0,"goh-joshua":529.0,"SanguineChameleon":0.0},"authorDisplayNameMap":{"simantak-dabhade":"CS2103T-F13-3 SIMA..HADE","kellytxn":"CS2103T-F13-3 TAN ..ELLY","cameronlzy":"CS2103T-F13-3 LOH ..ERON","goh-joshua":"CS2103T-F13-3 GOH ..SHUA","SanguineChameleon":"CS2103T-F13-3 NGUY..KHOA"}}
