{"authorDailyContributionsMap":{"simantak-dabhade":[],"kellytxn":[{"date":"2025-10-31T00:00:00","commitResults":[{"hash":"2f91f39e10b9a6703ecc7f08ad32d3c2c36cefb1","isMergeCommit":false,"messageTitle":"Update DeveloperGuide.md","messageBody":"","fileTypesAndContributionMap":{"docs":{"insertions":1,"deletions":1}}},{"hash":"620d9986c7db283d244e3814974c3e1d20b561f7","isMergeCommit":false,"messageTitle":"Update UserGuide.md","messageBody":"","fileTypesAndContributionMap":{"docs":{"insertions":3,"deletions":4}}}]},{"date":"2025-11-01T00:00:00","commitResults":[{"hash":"01aaa1235f40aa53bea1d0524aec69596cf28cec","isMergeCommit":true,"messageTitle":"Merge pull request #202 from goh-joshua/update-ug-and-dg","messageBody":"Update UG and DG","fileTypesAndContributionMap":{}},{"hash":"83099f34f61fce656fe30ebbf3ae974bda714142","isMergeCommit":false,"messageTitle":"fix #237","messageBody":"","fileTypesAndContributionMap":{"docs":{"insertions":3,"deletions":3}}},{"hash":"634cbfc4c73d9f75df13445c4ad17605d003c49e","isMergeCommit":false,"messageTitle":"fix #203","messageBody":"","fileTypesAndContributionMap":{"docs":{"insertions":5,"deletions":1}}},{"hash":"419526410a8393292c7b0d22e9b62a5b6260ca69","isMergeCommit":false,"messageTitle":"fix #213 and #233","messageBody":"","fileTypesAndContributionMap":{"docs":{"insertions":2,"deletions":2}}},{"hash":"57cb5c8a521ebb951f93e02bf6f9cc3df6a9fc58","isMergeCommit":false,"messageTitle":"fix #224 and #226","messageBody":"","fileTypesAndContributionMap":{"docs":{"insertions":2,"deletions":2}}},{"hash":"6e2ac5c1640f621a8eb13d02238d36bade8f269e","isMergeCommit":false,"messageTitle":"fix #245","messageBody":"","fileTypesAndContributionMap":{"docs":{"insertions":1,"deletions":2}}},{"hash":"b4e455255486f37675a950a855902618bea4812f","isMergeCommit":false,"messageTitle":"fix #245","messageBody":"","fileTypesAndContributionMap":{"docs":{"insertions":2,"deletions":2}}},{"hash":"600d9ec1cc25003ca2b1ad66141d2949fcbee89d","isMergeCommit":false,"messageTitle":"fix #247","messageBody":"","fileTypesAndContributionMap":{"docs":{"insertions":12,"deletions":12}}},{"hash":"4bdcc631e38fa3592cbf9a781667766ce0d1965f","isMergeCommit":false,"messageTitle":"fix #217","messageBody":"","fileTypesAndContributionMap":{"docs":{"insertions":2,"deletions":0}}},{"hash":"a5fb848d26f96ce3a0fc69bbb291f9f655ecadde","isMergeCommit":false,"messageTitle":"fix #252","messageBody":"","fileTypesAndContributionMap":{"docs":{"insertions":4,"deletions":3}}},{"hash":"1ff9de1cea693cf092707c60e61d97c81c2c4b87","isMergeCommit":false,"messageTitle":"fix #260","messageBody":"","fileTypesAndContributionMap":{"docs":{"insertions":1,"deletions":1}}},{"hash":"55a84f359b967545eae12c2cc3cc0c558d6ea42f","isMergeCommit":false,"messageTitle":"fix #228 and #229","messageBody":"","fileTypesAndContributionMap":{"functional-code":{"insertions":5,"deletions":5},"docs":{"insertions":8,"deletions":8}}},{"hash":"e6bfda210d4524dc2e7a22fb096552355e54a2f5","isMergeCommit":false,"messageTitle":"fix #223","messageBody":"","fileTypesAndContributionMap":{"functional-code":{"insertions":6,"deletions":4},"docs":{"insertions":3,"deletions":3},"test-code":{"insertions":4,"deletions":4}}},{"hash":"b4b9c42d64f7b1e7c050c2bbd91bc9f5a4fb87d7","isMergeCommit":false,"messageTitle":"fix #258","messageBody":"","fileTypesAndContributionMap":{"docs":{"insertions":4,"deletions":3}}},{"hash":"2ab6fa1c30c4cc0b2f4b37f8afca342856b8aed9","isMergeCommit":false,"messageTitle":"fix #266","messageBody":"","fileTypesAndContributionMap":{"docs":{"insertions":12,"deletions":12}}},{"hash":"092cdfe8db5b7c44ee7faf373dabeb3a8f38a7ab","isMergeCommit":false,"messageTitle":"fix #253","messageBody":"","fileTypesAndContributionMap":{"docs":{"insertions":5,"deletions":2}}},{"hash":"b59cb09a5573aeeedb939d7cbda1d41da597b32e","isMergeCommit":false,"messageTitle":"fix error message when find -an has empty parameters","messageBody":"","fileTypesAndContributionMap":{"functional-code":{"insertions":11,"deletions":10}}},{"hash":"53d4710b4c8d4b817f67e672121e4a80309391a8","isMergeCommit":false,"messageTitle":"update ug for find","messageBody":"","fileTypesAndContributionMap":{"docs":{"insertions":1,"deletions":0}}},{"hash":"290109f8e7b40c1cc4f82c367317e55c2829f860","isMergeCommit":true,"messageTitle":"Merge pull request #269 from SanguineChameleon/fix-messy-diagram","messageBody":"Fix messy UML diagrams","fileTypesAndContributionMap":{}}]}],"cameronlzy":[{"date":"2025-11-01T00:00:00","commitResults":[{"hash":"954a3bc1a9f677f87bc85f4aa6b253d6fab61f7d","isMergeCommit":true,"messageTitle":"Merge pull request #249 from kellytxn/bugs","messageBody":"fixing ug / dg bugs ","fileTypesAndContributionMap":{}}]}],"goh-joshua":[{"date":"2025-10-31T00:00:00","commitResults":[{"hash":"dcb2046ed61aae07449e613741ab66a9fe43ca8d","isMergeCommit":false,"messageTitle":"Update UG and DG","messageBody":"","fileTypesAndContributionMap":{"docs":{"insertions":12,"deletions":11}}}]}],"SanguineChameleon":[{"date":"2025-11-01T00:00:00","commitResults":[{"hash":"0cbf534e600509e273e0ea614032edeeb6c963c5","isMergeCommit":false,"messageTitle":"Update ModelClassDiagram.puml","messageBody":"","fileTypesAndContributionMap":{"docs":{"insertions":43,"deletions":49}}},{"hash":"76367082e39b75fc10c37f2c11084911a4c02b11","isMergeCommit":false,"messageTitle":"Update DeveloperGuide.md","messageBody":"","fileTypesAndContributionMap":{"docs":{"insertions":17,"deletions":9}}},{"hash":"5067b711491131ba6a665eb523b89964e87a959c","isMergeCommit":false,"messageTitle":"Update ModelClassDiagram.puml","messageBody":"","fileTypesAndContributionMap":{"docs":{"insertions":1,"deletions":1}}},{"hash":"fececd9d4c7f513046ab611bb655a6f0d018019b","isMergeCommit":false,"messageTitle":"Update AlternateAddAthleteSD.puml","messageBody":"","fileTypesAndContributionMap":{"docs":{"insertions":27,"deletions":19}}},{"hash":"888274d1c46945964053cf3cd643f2c8f2b353ec","isMergeCommit":false,"messageTitle":"Update AlternateDeleteAthleteSD.puml","messageBody":"","fileTypesAndContributionMap":{"docs":{"insertions":27,"deletions":12}}},{"hash":"94e3a07af1680e055f5838e1898b016ead855a1a","isMergeCommit":false,"messageTitle":"Update DeveloperGuide.md","messageBody":"","fileTypesAndContributionMap":{"docs":{"insertions":4,"deletions":4}}}]}]},"authorFileTypeContributionMap":{"simantak-dabhade":{"docs":0,"functional-code":0,"test-code":0},"kellytxn":{"docs":52,"functional-code":22,"test-code":4},"cameronlzy":{"docs":0,"functional-code":0,"test-code":0},"goh-joshua":{"docs":7,"functional-code":0,"test-code":0},"SanguineChameleon":{"docs":116,"functional-code":0,"test-code":0}},"authorContributionVariance":{"simantak-dabhade":0.0,"kellytxn":32761.0,"cameronlzy":0.0,"goh-joshua":529.0,"SanguineChameleon":45369.0},"authorDisplayNameMap":{"simantak-dabhade":"CS2103T-F13-3 SIMA..HADE","kellytxn":"CS2103T-F13-3 TAN ..ELLY","cameronlzy":"CS2103T-F13-3 LOH ..ERON","goh-joshua":"CS2103T-F13-3 GOH ..SHUA","SanguineChameleon":"CS2103T-F13-3 NGUY..KHOA"}}
