{"authorDailyContributionsMap":{"simantak-dabhade":[],"kellytxn":[],"cameronlzy":[],"goh-joshua":[],"SanguineChameleon":[]},"authorFileTypeContributionMap":{"simantak-dabhade":{"docs":0,"functional-code":0,"test-code":0},"kellytxn":{"docs":0,"functional-code":0,"test-code":0},"cameronlzy":{"docs":0,"functional-code":0,"test-code":0},"goh-joshua":{"docs":0,"functional-code":0,"test-code":0},"SanguineChameleon":{"docs":0,"functional-code":0,"test-code":0}},"authorContributionVariance":{"simantak-dabhade":0.0,"kellytxn":0.0,"cameronlzy":0.0,"goh-joshua":0.0,"SanguineChameleon":0.0},"authorDisplayNameMap":{"simantak-dabhade":"CS2103T-F13-3 SIMA..HADE","kellytxn":"CS2103T-F13-3 TAN ..ELLY","cameronlzy":"CS2103T-F13-3 LOH ..ERON","goh-joshua":"CS2103T-F13-3 GOH ..SHUA","SanguineChameleon":"CS2103T-F13-3 NGUY..KHOA"}}
