{"authorDailyContributionsMap":{"PhoebeY05":[],"thomas5564":[{"date":"2025-11-01T00:00:00","commitResults":[{"hash":"e84aeb1143985bed4d2444d8bd8ba20cf6b53a07","isMergeCommit":true,"messageTitle":"Merge pull request #430 from sahishnuk2/test/sort","messageBody":"Add test case in sort and create method to verify invalid prefix","fileTypesAndContributionMap":{}},{"hash":"bdcda4b80d62e1c9d8d3e75e3e8278e782d6a05f","isMergeCommit":true,"messageTitle":"Merge pull request #429 from junhao4/test","messageBody":"Add find predicate test cases","fileTypesAndContributionMap":{}},{"hash":"90dc88125787f5c1255a10118559a47bc5d7203d","isMergeCommit":true,"messageTitle":"Merge pull request #428 from sahishnuk2/test/set-week","messageBody":"Test/set week","fileTypesAndContributionMap":{}}]}],"xwl42":[],"junhao4":[{"date":"2025-11-01T00:00:00","commitResults":[{"hash":"48b51c51882eaae2573fe1dea278c57a8fc95ed5","isMergeCommit":false,"messageTitle":"Add find predicates test cases","messageBody":"","fileTypesAndContributionMap":{"other":{"insertions":42,"deletions":2},"test-code":{"insertions":757,"deletions":0}}},{"hash":"303e2776b90a6a9d686ace7400d25f99cf4fbeaf","isMergeCommit":false,"messageTitle":"Fix checkstyle errors","messageBody":"","fileTypesAndContributionMap":{"test-code":{"insertions":74,"deletions":64}}},{"hash":"ce795b40c07a2174f2308311dd34d7f2a8547fb4","isMergeCommit":false,"messageTitle":"Remove magic literals","messageBody":"","fileTypesAndContributionMap":{"test-code":{"insertions":430,"deletions":181}}}]}],"sahishnuk2":[{"date":"2025-10-31T00:00:00","commitResults":[{"hash":"bc51d414f8cce6fd9595191707b689191de6b29a","isMergeCommit":false,"messageTitle":"Add test cases for week","messageBody":"","fileTypesAndContributionMap":{"test-code":{"insertions":49,"deletions":0}}},{"hash":"7014242b2c4f0dc065d199bf9081d481ca57d1f3","isMergeCommit":false,"messageTitle":"Add test cases for set week command parser","messageBody":"","fileTypesAndContributionMap":{"test-code":{"insertions":43,"deletions":0}}}]},{"date":"2025-11-01T00:00:00","commitResults":[{"hash":"69d092ab4db6db2a1f178dc817c5a2853b7273af","isMergeCommit":false,"messageTitle":"Add test cases for set-week command","messageBody":"","fileTypesAndContributionMap":{"test-code":{"insertions":292,"deletions":146}}},{"hash":"515f4aa0b2caf2d3cbbdb9b36d00f06acce4718f","isMergeCommit":false,"messageTitle":"Ensure duplicate prefix not allowed for sort","messageBody":"","fileTypesAndContributionMap":{"functional-code":{"insertions":4,"deletions":0},"test-code":{"insertions":10,"deletions":0}}},{"hash":"441888268744d2bd0949d009b2407a9cf118940f","isMergeCommit":false,"messageTitle":"Add a method to verify that no invalid prefix","messageBody":"","fileTypesAndContributionMap":{"functional-code":{"insertions":37,"deletions":0},"test-code":{"insertions":2,"deletions":0}}},{"hash":"f7943bad7ede233d18e76f79f591f507f4d804dd","isMergeCommit":false,"messageTitle":"Update to follow checkstyle","messageBody":"","fileTypesAndContributionMap":{"functional-code":{"insertions":1,"deletions":5},"test-code":{"insertions":6,"deletions":3}}},{"hash":"2765d8593b1dc87da059274da0f8752a0ca19466","isMergeCommit":true,"messageTitle":"Merge pull request #431 from junhao4/test","messageBody":"Remove magic literals","fileTypesAndContributionMap":{}}]}]},"authorFileTypeContributionMap":{"PhoebeY05":{"docs":0,"functional-code":0,"test-code":0},"thomas5564":{"docs":0,"functional-code":0,"test-code":0},"xwl42":{"docs":0,"functional-code":0,"test-code":0},"junhao4":{"docs":0,"functional-code":0,"test-code":1070},"sahishnuk2":{"docs":0,"functional-code":37,"test-code":397}},"authorContributionVariance":{"PhoebeY05":0.0,"thomas5564":0.0,"xwl42":0.0,"junhao4":2402500.0,"sahishnuk2":357604.0},"authorDisplayNameMap":{"PhoebeY05":"CS2103T-T09-3 PHOE.. HUI","thomas5564":"CS2103T-T09-3 CHOO..OMAS","xwl42":"CS2103T-T09-3 XIAO..ENLI","junhao4":"CS2103T-T09-3 NG J.. HAO","sahishnuk2":"CS2103T-T09-3 OBUL..MAAR"}}
