{"authorDailyContributionsMap":{"ywijie":[],"reven0n":[],"rizrn":[],"asaiyume":[],"CZX123":[]},"authorFileTypeContributionMap":{"ywijie":{"docs":0,"functional-code":0,"test-code":0},"reven0n":{"docs":0,"functional-code":0,"test-code":0},"rizrn":{"docs":0,"functional-code":0,"test-code":0},"asaiyume":{"docs":0,"functional-code":0,"test-code":0},"CZX123":{"docs":0,"functional-code":0,"test-code":0}},"authorContributionVariance":{"ywijie":0.0,"reven0n":0.0,"rizrn":0.0,"asaiyume":0.0,"CZX123":0.0},"authorDisplayNameMap":{"ywijie":"CS2103T-F15b-2 LIM .. JIE","reven0n":"CS2103T-F15b-2 DARI.. HAO","rizrn":"CS2103T-F15b-2 JASO.. LIM","asaiyume":"CS2103T-F15b-2 LI Z..IBIN","CZX123":"CS2103T-F15b-2 CAI ..XUAN"}}
