{"authorDailyContributionsMap":{"inzk0518":[],"MNJPeng":[],"joojaja":[],"monnss69":[],"wengmu":[]},"authorFileTypeContributionMap":{"inzk0518":{"docs":0,"functional-code":0,"test-code":0},"MNJPeng":{"docs":0,"functional-code":0,"test-code":0},"joojaja":{"docs":0,"functional-code":0,"test-code":0},"monnss69":{"docs":0,"functional-code":0,"test-code":0},"wengmu":{"docs":0,"functional-code":0,"test-code":0}},"authorContributionVariance":{"inzk0518":0.0,"MNJPeng":0.0,"joojaja":0.0,"monnss69":0.0,"wengmu":0.0},"authorDisplayNameMap":{"inzk0518":"CS2103T-W10-2 IVAN..KIEN","MNJPeng":"CS2103T-W10-2 MAXI..PENG","joojaja":"CS2103T-W10-2 BRIA..N HU","monnss69":"CS2103T-W10-2 PHAM..MINH","wengmu":"CS2103T-W10-2 CHIA.. MUN"}}
