{"authorDailyContributionsMap":{"gunawanjoseph":[],"kianshenteoh":[],"zzdlklzz":[],"Lanturn567":[],"wangyuanchi":[]},"authorFileTypeContributionMap":{"gunawanjoseph":{"docs":0,"functional-code":0,"test-code":0},"kianshenteoh":{"docs":0,"functional-code":0,"test-code":0},"zzdlklzz":{"docs":0,"functional-code":0,"test-code":0},"Lanturn567":{"docs":0,"functional-code":0,"test-code":0},"wangyuanchi":{"docs":0,"functional-code":0,"test-code":0}},"authorContributionVariance":{"gunawanjoseph":0.0,"kianshenteoh":0.0,"zzdlklzz":0.0,"Lanturn567":0.0,"wangyuanchi":0.0},"authorDisplayNameMap":{"gunawanjoseph":"CS2103T-W08-3 JOSE..AWAN","kianshenteoh":"CS2103T-W08-3 TEOH..SHEN","zzdlklzz":"CS2103T-W08-3 DANI..G LE","Lanturn567":"CS2103T-W08-3 ANDR.. KEH","wangyuanchi":"CS2103T-W08-3 WANG..NCHI"}}
