{"authorDailyContributionsMap":{"Swei99":[],"OKaiXiang":[],"codewallie":[],"jj55j7":[{"date":"2025-10-31T00:00:00","commitResults":[{"hash":"61fd2e3487b6c4e0496ee2cf37d0d29c95bfb079","isMergeCommit":false,"messageTitle":"Make message more friendly","messageBody":"","fileTypesAndContributionMap":{"docs":{"insertions":18,"deletions":11}}},{"hash":"741a6712ad2ba6be80aefe94fa08c9637a9edb92","isMergeCommit":true,"messageTitle":"Merge pull request #180 from jj55j7/fix/edit-user-guide","messageBody":"Make message more friendly","fileTypesAndContributionMap":{}}]}],"h-virdi":[]},"authorFileTypeContributionMap":{"Swei99":{"docs":0,"functional-code":0,"test-code":0},"OKaiXiang":{"docs":0,"functional-code":0,"test-code":0},"codewallie":{"docs":0,"functional-code":0,"test-code":0},"jj55j7":{"docs":11,"functional-code":0,"test-code":0},"h-virdi":{"docs":0,"functional-code":0,"test-code":0}},"authorContributionVariance":{"Swei99":0.0,"OKaiXiang":0.0,"codewallie":0.0,"jj55j7":841.0,"h-virdi":0.0},"authorDisplayNameMap":{"Swei99":"CS2103T-T14-4 SOO .. LUN","OKaiXiang":"CS2103T-T14-4 ONG ..IANG","codewallie":"CS2103T-T14-4 LIM ..LACE","jj55j7":"CS2103T-T14-4 JHAN..SAHU","h-virdi":"CS2103T-T14-4 HARN..IRDI"}}
