{"authorDailyContributionsMap":{"Swei99":[],"OKaiXiang":[],"codewallie":[],"jj55j7":[],"h-virdi":[]},"authorFileTypeContributionMap":{"Swei99":{"docs":0,"functional-code":0,"test-code":0},"OKaiXiang":{"docs":0,"functional-code":0,"test-code":0},"codewallie":{"docs":0,"functional-code":0,"test-code":0},"jj55j7":{"docs":0,"functional-code":0,"test-code":0},"h-virdi":{"docs":0,"functional-code":0,"test-code":0}},"authorContributionVariance":{"Swei99":0.0,"OKaiXiang":0.0,"codewallie":0.0,"jj55j7":0.0,"h-virdi":0.0},"authorDisplayNameMap":{"Swei99":"CS2103T-T14-4 SOO .. LUN","OKaiXiang":"CS2103T-T14-4 ONG ..IANG","codewallie":"CS2103T-T14-4 LIM ..LACE","jj55j7":"CS2103T-T14-4 JHAN..SAHU","h-virdi":"CS2103T-T14-4 HARN..IRDI"}}
