{"authorDailyContributionsMap":{"Swei99":[{"date":"2025-11-01T00:00:00","commitResults":[{"hash":"c8ab8171e8e36a134b9e590cabf66fd90dfaa380","isMergeCommit":false,"messageTitle":"Change email verification","messageBody":"","fileTypesAndContributionMap":{"functional-code":{"insertions":6,"deletions":12},"test-code":{"insertions":172,"deletions":16}}},{"hash":"0297a2a4e6fc34429310a11a0a523f994e39e92f","isMergeCommit":false,"messageTitle":"Fix double spaces validation for name","messageBody":"","fileTypesAndContributionMap":{"functional-code":{"insertions":4,"deletions":6},"test-code":{"insertions":8,"deletions":4}}},{"hash":"f53842608f2e3059b4fd28e90cbe708afb4065de","isMergeCommit":true,"messageTitle":"Merge pull request #254 from Swei99/branch-1.6-emailsubdomain","messageBody":"Change email verification\n\nFixes #237 \nFixes #225 \nFixes #220 \nFixes #224","fileTypesAndContributionMap":{}},{"hash":"f8c424da6d2d316647b83320c502a291f16027fc","isMergeCommit":true,"messageTitle":"Merge branch \u0027master\u0027 of https://github.com/AY2526S1-CS2103T-T14-4/tp into branch-1.6-nameinputvalidation","messageBody":"","fileTypesAndContributionMap":{}},{"hash":"168882b8428cfb3391adff4b6e467b90e4e9db21","isMergeCommit":false,"messageTitle":"Fix build problem","messageBody":"","fileTypesAndContributionMap":{"test-code":{"insertions":3,"deletions":3}}},{"hash":"854b9fcc0d901589443bb219850b1956762c099f","isMergeCommit":true,"messageTitle":"Merge pull request #255 from Swei99/branch-1.6-nameinputvalidation","messageBody":"Fix double spaces validation for name\n\nFixes #197","fileTypesAndContributionMap":{}}]}],"OKaiXiang":[{"date":"2025-11-01T00:00:00","commitResults":[{"hash":"bb8d64e66fd1f398a02067eec03e6929299452e5","isMergeCommit":false,"messageTitle":"Update sort, remark, and ug pe-d bugs","messageBody":"","fileTypesAndContributionMap":{"functional-code":{"insertions":7,"deletions":5},"docs":{"insertions":17,"deletions":16}}},{"hash":"a0d06e29bbff4710133eed34864ee146f5ab21ff","isMergeCommit":true,"messageTitle":"Merge branch \u0027master\u0027 of https://github.com/AY2526S1-CS2103T-T14-4/tp into pe-d","messageBody":"# Conflicts:\n#\tdocs/UserGuide.md\n","fileTypesAndContributionMap":{}},{"hash":"49533521d79cdb6efeac2a5a1b1a1cee9dde1f93","isMergeCommit":false,"messageTitle":"Update sort, remark, and ug pe-d bugs","messageBody":"","fileTypesAndContributionMap":{"docs":{"insertions":14,"deletions":14}}},{"hash":"42b231bdfbd3259dc99858e6ab2cf44165800ee6","isMergeCommit":false,"messageTitle":"Update sort, remark, and ug pe-d bugs","messageBody":"","fileTypesAndContributionMap":{"test-code":{"insertions":0,"deletions":9}}},{"hash":"386562ca31ea61c4616b066a0b00082f58f99202","isMergeCommit":true,"messageTitle":"Merge pull request #253 from OKaiXiang/pe-d","messageBody":"Pe-d Bug fix 1","fileTypesAndContributionMap":{}}]}],"codewallie":[],"jj55j7":[{"date":"2025-10-31T00:00:00","commitResults":[{"hash":"61fd2e3487b6c4e0496ee2cf37d0d29c95bfb079","isMergeCommit":false,"messageTitle":"Make message more friendly","messageBody":"","fileTypesAndContributionMap":{"docs":{"insertions":18,"deletions":11}}},{"hash":"741a6712ad2ba6be80aefe94fa08c9637a9edb92","isMergeCommit":true,"messageTitle":"Merge pull request #180 from jj55j7/fix/edit-user-guide","messageBody":"Make message more friendly","fileTypesAndContributionMap":{}}]}],"h-virdi":[]},"authorFileTypeContributionMap":{"Swei99":{"docs":0,"functional-code":10,"test-code":181},"OKaiXiang":{"docs":22,"functional-code":7,"test-code":0},"codewallie":{"docs":0,"functional-code":0,"test-code":0},"jj55j7":{"docs":9,"functional-code":0,"test-code":0},"h-virdi":{"docs":0,"functional-code":0,"test-code":0}},"authorContributionVariance":{"Swei99":54756.0,"OKaiXiang":6724.0,"codewallie":0.0,"jj55j7":841.0,"h-virdi":0.0},"authorDisplayNameMap":{"Swei99":"CS2103T-T14-4 SOO .. LUN","OKaiXiang":"CS2103T-T14-4 ONG ..IANG","codewallie":"CS2103T-T14-4 LIM ..LACE","jj55j7":"CS2103T-T14-4 JHAN..SAHU","h-virdi":"CS2103T-T14-4 HARN..IRDI"}}
