{"authorDailyContributionsMap":{"Sengernest":[],"weijie-wang227":[],"neet-it":[],"Glenn-Chiang":[],"Whyudothiss":[]},"authorFileTypeContributionMap":{"Sengernest":{"docs":0,"functional-code":0,"test-code":0},"weijie-wang227":{"docs":0,"functional-code":0,"test-code":0},"neet-it":{"docs":0,"functional-code":0,"test-code":0},"Glenn-Chiang":{"docs":0,"functional-code":0,"test-code":0},"Whyudothiss":{"docs":0,"functional-code":0,"test-code":0}},"authorContributionVariance":{"Sengernest":0.0,"weijie-wang227":0.0,"neet-it":0.0,"Glenn-Chiang":0.0,"Whyudothiss":0.0},"authorDisplayNameMap":{"Sengernest":"CS2103T-T12-3 ERNE..QING","weijie-wang227":"CS2103T-T12-3 WANG..IJIE","neet-it":"CS2103T-T12-3 DESH..EETI","Glenn-Chiang":"CS2103T-T12-3 CHIA..LENN","Whyudothiss":"CS2103T-T12-3 HOW ..CHEN"}}
