{"authorDailyContributionsMap":{"Sengernest":[{"date":"2025-11-01T00:00:00","commitResults":[{"hash":"311df64a94e486df85cbf76939d496146e1c7acf","isMergeCommit":true,"messageTitle":"Merge pull request #315 from Glenn-Chiang/table-of-contents","messageBody":"Add table of contents","fileTypesAndContributionMap":{}}]}],"weijie-wang227":[{"date":"2025-11-01T00:00:00","commitResults":[{"hash":"cbbcc02a5d3910115ecd58f84fb246ae2587ce4a","isMergeCommit":false,"messageTitle":"Clarified usage of edit command on roles in UG","messageBody":"","fileTypesAndContributionMap":{"docs":{"insertions":1,"deletions":0}}},{"hash":"66ce8680b5aeb3ab693f23aaf556dbcad69fa6a4","isMergeCommit":false,"messageTitle":"Add PD to dg glossary","messageBody":"","fileTypesAndContributionMap":{"docs":{"insertions":1,"deletions":0}}}]}],"neet-it":[],"Glenn-Chiang":[{"date":"2025-11-01T00:00:00","commitResults":[{"hash":"d7ac71fc406ef0d67901cf593d97b8a7113e4268","isMergeCommit":true,"messageTitle":"Merge branch \u0027master\u0027 of github.com:AY2526S1-CS2103T-T12-3/tp","messageBody":"","fileTypesAndContributionMap":{}},{"hash":"fa1fb49669fc78888aed53899ebd3e6851bf6d5d","isMergeCommit":false,"messageTitle":"Fix instructions for manual testing","messageBody":"","fileTypesAndContributionMap":{"docs":{"insertions":13,"deletions":9}}},{"hash":"921ef9b88bf13ccc71cf94471cc9880e2ae4b111","isMergeCommit":false,"messageTitle":"Add clear command to UG","messageBody":"","fileTypesAndContributionMap":{"functional-code":{"insertions":1,"deletions":1},"docs":{"insertions":7,"deletions":0}}},{"hash":"f65eab7e302140e1cd23ff17c5668af49bdc76df","isMergeCommit":true,"messageTitle":"Merge pull request #302 from Glenn-Chiang/instructions-for-manual-testing","messageBody":"Instructions for manual testing","fileTypesAndContributionMap":{}},{"hash":"ff94a6afd6ffd01c5797cee812008954c8f03b73","isMergeCommit":false,"messageTitle":"Remove mentions of address book in DG","messageBody":"","fileTypesAndContributionMap":{"docs":{"insertions":15,"deletions":15}}},{"hash":"4e6c5779628fe016180bc782f5edf291fa88c4de","isMergeCommit":false,"messageTitle":"Fix links","messageBody":"","fileTypesAndContributionMap":{"docs":{"insertions":6,"deletions":6}}},{"hash":"ff7657e296510b028ffc67b085883b03b06b5263","isMergeCommit":true,"messageTitle":"Merge pull request #303 from Whyudothiss/Bug/Find-Command-Not-Documented","messageBody":"Add Find command in UG","fileTypesAndContributionMap":{}},{"hash":"f7000c5ffee60bacdd7b1cd339dd22a962894996","isMergeCommit":false,"messageTitle":"Add acknowledgements to DG","messageBody":"","fileTypesAndContributionMap":{"docs":{"insertions":5,"deletions":2}}},{"hash":"028e965eac5f959f7e0439e60ba6f51c0f6f4627","isMergeCommit":false,"messageTitle":"Remove \u0027before writing code\u0027 section","messageBody":"","fileTypesAndContributionMap":{"docs":{"insertions":0,"deletions":27}}},{"hash":"bc9dbcf8a110f278c0fafe87093787613198dc39","isMergeCommit":true,"messageTitle":"Merge branch \u0027master\u0027 of github.com:AY2526S1-CS2103T-T12-3/tp","messageBody":"","fileTypesAndContributionMap":{}},{"hash":"468b757bc5da67258c60ee0deafc385b13952fe9","isMergeCommit":false,"messageTitle":"Change person to member in docs","messageBody":"","fileTypesAndContributionMap":{"docs":{"insertions":10,"deletions":10}}},{"hash":"d4d7371065545547b1d32c419e24b6516d61546a","isMergeCommit":false,"messageTitle":"Fix command summary","messageBody":"","fileTypesAndContributionMap":{"docs":{"insertions":3,"deletions":3}}},{"hash":"8f7486f92d1bdcb8b31c3891de2634d44e2ec156","isMergeCommit":true,"messageTitle":"Merge pull request #306 from Whyudothiss/Bug/Preconditions-For-Commands-UG","messageBody":"Add precondition for having specific view for commands in UG","fileTypesAndContributionMap":{}},{"hash":"70232578164ad7e74feaf0c00065689ddb0eba80","isMergeCommit":true,"messageTitle":"Merge pull request #312 from Whyudothiss/Bug/UG-documentation-for-assign-delete-role","messageBody":"Update UG for assign + delete role","fileTypesAndContributionMap":{}},{"hash":"c8296d1bfe768a0d98830589b68c17a60e867ca9","isMergeCommit":true,"messageTitle":"Merge branch \u0027master\u0027 of github.com:AY2526S1-CS2103T-T12-3/tp","messageBody":"","fileTypesAndContributionMap":{}},{"hash":"361a0b472d07480d46729c473257477366a33fda","isMergeCommit":true,"messageTitle":"Merge branch \u0027master\u0027 into clear-command-docs","messageBody":"","fileTypesAndContributionMap":{}},{"hash":"52594c3e2e8878f5619b85eb9f85524ca072d789","isMergeCommit":true,"messageTitle":"Merge branch \u0027master\u0027 of github.com:AY2526S1-CS2103T-T12-3/tp","messageBody":"","fileTypesAndContributionMap":{}},{"hash":"f2722e7026691460549f367d97ef8b46d1f27fba","isMergeCommit":true,"messageTitle":"Merge branch \u0027master\u0027 into table-of-contents","messageBody":"","fileTypesAndContributionMap":{}},{"hash":"91eb4118fb3f346a25d9208f84c1f51ca7d3be3f","isMergeCommit":false,"messageTitle":"Update config.yml to show toc","messageBody":"","fileTypesAndContributionMap":{"other":{"insertions":3,"deletions":0}}},{"hash":"e94f77161b5f34b8c0ecf955e52d2c544ce09d3b","isMergeCommit":true,"messageTitle":"Merge pull request #317 from weijie-wang227/clarfiy-edit-ug","messageBody":"Clarified usage of edit command on roles in UG","fileTypesAndContributionMap":{}},{"hash":"69d6812bbe9850bd42676c7e519f4ade6915be55","isMergeCommit":true,"messageTitle":"Merge pull request #318 from weijie-wang227/clarify-PD-dg","messageBody":"Add PD to glossary in dg","fileTypesAndContributionMap":{}}]}],"Whyudothiss":[{"date":"2025-11-01T00:00:00","commitResults":[{"hash":"8d55b08cd5b27232c4e6531f6c6492fb90d115eb","isMergeCommit":false,"messageTitle":"Add Find command in UG","messageBody":"","fileTypesAndContributionMap":{"docs":{"insertions":16,"deletions":0}}},{"hash":"da88bddaef462ad73ded11328f0d67eccee75d55","isMergeCommit":false,"messageTitle":"Better find command UG","messageBody":"","fileTypesAndContributionMap":{"docs":{"insertions":11,"deletions":8}}},{"hash":"46929ae773d21fcd79c38574d00c8acdc78e560d","isMergeCommit":false,"messageTitle":"Add precondition for having specific view for commands in UG","messageBody":"","fileTypesAndContributionMap":{"docs":{"insertions":11,"deletions":0}}},{"hash":"3500b054c7fa919a9a758b2efcb3a271f94cc959","isMergeCommit":true,"messageTitle":"Merge pull request #305 from Glenn-Chiang/address-book-in-dg","messageBody":"Remove mentions of address book in DG","fileTypesAndContributionMap":{}},{"hash":"4dac9789cc3617a63200e936c12134465debbee4","isMergeCommit":true,"messageTitle":"Merge pull request #308 from Glenn-Chiang/fix-acknowledgements-in-dg","messageBody":"Add acknowledgements to DG","fileTypesAndContributionMap":{}},{"hash":"db1a5a846eb94c6fc3515b4058b707aa5f20ffab","isMergeCommit":false,"messageTitle":"Better clarity","messageBody":"","fileTypesAndContributionMap":{"docs":{"insertions":11,"deletions":3}}},{"hash":"9ef52546354f7a898838155ca3edcefc1577a701","isMergeCommit":false,"messageTitle":"Finish adding for rest of UG","messageBody":"","fileTypesAndContributionMap":{"docs":{"insertions":16,"deletions":4}}},{"hash":"4c494a1c6775092de56e53397901ffddf02464a7","isMergeCommit":false,"messageTitle":"Add explicit documentation for deleting subcom for issue 250","messageBody":"","fileTypesAndContributionMap":{"docs":{"insertions":1,"deletions":0}}},{"hash":"8cfe09ee8f0d7dd0b1d70da6cc44edcc851ef9d9","isMergeCommit":true,"messageTitle":"Merge pull request #309 from Glenn-Chiang/fix-setting-up-docs","messageBody":"Remove \u0027before writing code\u0027 section","fileTypesAndContributionMap":{}},{"hash":"6c1dd4bc8fbf94d0b4663cbe1fe7671f8459888f","isMergeCommit":true,"messageTitle":"Merge pull request #310 from Glenn-Chiang/person-member-naming-docs","messageBody":"Person member naming docs","fileTypesAndContributionMap":{}},{"hash":"597ddca5ca1cd31d85ddd8e47b602e3d76ebf287","isMergeCommit":true,"messageTitle":"Merge pull request #311 from Glenn-Chiang/fix-command-summary","messageBody":"Fix command summary","fileTypesAndContributionMap":{}},{"hash":"9120319f60df0ebc56ccdbe78c8477941e4ace17","isMergeCommit":false,"messageTitle":"Update UG for assign + delete role","messageBody":"","fileTypesAndContributionMap":{"docs":{"insertions":6,"deletions":0}}},{"hash":"9d2be0c062299e7910858269fd87b8a78fc1249e","isMergeCommit":true,"messageTitle":"Merge pull request #307 from Glenn-Chiang/broken-links-in-dg","messageBody":"Fix broken links in DG","fileTypesAndContributionMap":{}},{"hash":"3bafe1d7d79fe33fc6be0c424ca5dcd863a77785","isMergeCommit":true,"messageTitle":"Merge pull request #314 from Glenn-Chiang/fix-site-header","messageBody":"Fix site header to ExcoLink instead of AB-3","fileTypesAndContributionMap":{}},{"hash":"96fd66ea9c9d4eaffb856e400e8f6f18be623b59","isMergeCommit":true,"messageTitle":"Merge pull request #304 from Glenn-Chiang/clear-command-docs","messageBody":"Add Clear command to UG","fileTypesAndContributionMap":{}}]}]},"authorFileTypeContributionMap":{"Sengernest":{"docs":0,"functional-code":0,"test-code":0},"weijie-wang227":{"docs":2,"functional-code":0,"test-code":0},"neet-it":{"docs":0,"functional-code":0,"test-code":0},"Glenn-Chiang":{"docs":52,"functional-code":1,"test-code":0,"other":4},"Whyudothiss":{"docs":54,"functional-code":0,"test-code":0}},"authorContributionVariance":{"Sengernest":0.0,"weijie-wang227":4.0,"neet-it":0.0,"Glenn-Chiang":18496.0,"Whyudothiss":7569.0},"authorDisplayNameMap":{"Sengernest":"CS2103T-T12-3 ERNE..QING","weijie-wang227":"CS2103T-T12-3 WANG..IJIE","neet-it":"CS2103T-T12-3 DESH..EETI","Glenn-Chiang":"CS2103T-T12-3 CHIA..LENN","Whyudothiss":"CS2103T-T12-3 HOW ..CHEN"}}
