{"authorDailyContributionsMap":{"Sengernest":[],"weijie-wang227":[],"neet-it":[],"Glenn-Chiang":[{"date":"2025-11-01T00:00:00","commitResults":[{"hash":"d7ac71fc406ef0d67901cf593d97b8a7113e4268","isMergeCommit":true,"messageTitle":"Merge branch \u0027master\u0027 of github.com:AY2526S1-CS2103T-T12-3/tp","messageBody":"","fileTypesAndContributionMap":{}},{"hash":"fa1fb49669fc78888aed53899ebd3e6851bf6d5d","isMergeCommit":false,"messageTitle":"Fix instructions for manual testing","messageBody":"","fileTypesAndContributionMap":{"docs":{"insertions":13,"deletions":9}}},{"hash":"f65eab7e302140e1cd23ff17c5668af49bdc76df","isMergeCommit":true,"messageTitle":"Merge pull request #302 from Glenn-Chiang/instructions-for-manual-testing","messageBody":"Instructions for manual testing","fileTypesAndContributionMap":{}}]}],"Whyudothiss":[]},"authorFileTypeContributionMap":{"Sengernest":{"docs":0,"functional-code":0,"test-code":0},"weijie-wang227":{"docs":0,"functional-code":0,"test-code":0},"neet-it":{"docs":0,"functional-code":0,"test-code":0},"Glenn-Chiang":{"docs":13,"functional-code":0,"test-code":0},"Whyudothiss":{"docs":0,"functional-code":0,"test-code":0}},"authorContributionVariance":{"Sengernest":0.0,"weijie-wang227":0.0,"neet-it":0.0,"Glenn-Chiang":484.0,"Whyudothiss":0.0},"authorDisplayNameMap":{"Sengernest":"CS2103T-T12-3 ERNE..QING","weijie-wang227":"CS2103T-T12-3 WANG..IJIE","neet-it":"CS2103T-T12-3 DESH..EETI","Glenn-Chiang":"CS2103T-T12-3 CHIA..LENN","Whyudothiss":"CS2103T-T12-3 HOW ..CHEN"}}
