{"authorDailyContributionsMap":{"crimsonchaos02":[],"0rbita1":[],"Duyy0406":[],"tieutrongphuc":[],"Aryann-Sharma":[]},"authorFileTypeContributionMap":{"crimsonchaos02":{"docs":0,"functional-code":0,"test-code":0},"0rbita1":{"docs":0,"functional-code":0,"test-code":0},"Duyy0406":{"docs":0,"functional-code":0,"test-code":0},"tieutrongphuc":{"docs":0,"functional-code":0,"test-code":0},"Aryann-Sharma":{"docs":0,"functional-code":0,"test-code":0}},"authorContributionVariance":{"crimsonchaos02":0.0,"0rbita1":0.0,"Duyy0406":0.0,"tieutrongphuc":0.0,"Aryann-Sharma":0.0},"authorDisplayNameMap":{"crimsonchaos02":"CS2103T-W08-4 LOW ..YRUS","0rbita1":"CS2103T-W08-4 TAN ..IANG","Duyy0406":"CS2103T-W08-4 TRAN.. DUY","tieutrongphuc":"CS2103T-W08-4 TIEU..PHUC","Aryann-Sharma":"CS2103T-W08-4 SHAR..NDRA"}}
