{"authorDailyContributionsMap":{"samuelcg20":[],"Khantminn290":[],"saajid-ahamed":[],"sbillsujithkumaar":[],"Prateek2030s":[]},"authorFileTypeContributionMap":{"samuelcg20":{"docs":0,"functional-code":0,"test-code":0},"Khantminn290":{"docs":0,"functional-code":0,"test-code":0},"saajid-ahamed":{"docs":0,"functional-code":0,"test-code":0},"sbillsujithkumaar":{"docs":0,"functional-code":0,"test-code":0},"Prateek2030s":{"docs":0,"functional-code":0,"test-code":0}},"authorContributionVariance":{"samuelcg20":0.0,"Khantminn290":0.0,"saajid-ahamed":0.0,"sbillsujithkumaar":0.0,"Prateek2030s":0.0},"authorDisplayNameMap":{"samuelcg20":"CS2103T-T09-2 SAMU..ORGE","Khantminn290":"CS2103T-T09-2 KAUN..MINN","saajid-ahamed":"CS2103T-T09-2 SAAJ..AMED","sbillsujithkumaar":"CS2103T-T09-2 STAL..MAAR","Prateek2030s":"CS2103T-T09-2 MANI..TEEK"}}
