[{"path":"docs/UserGuide.md","fileType":"docs","lines":[{"lineNumber":1,"author":{"gitId":"-"},"content":"---","lastModifiedDate":"2020-05-23T01:10:16","isFullCredit":false},{"lineNumber":2,"author":{"gitId":"-"},"content":"layout: page","lastModifiedDate":"2020-05-23T01:10:16","isFullCredit":false},{"lineNumber":3,"author":{"gitId":"-"},"content":"title: User Guide","lastModifiedDate":"2020-05-23T01:10:16","isFullCredit":false},{"lineNumber":4,"author":{"gitId":"-"},"content":"---","lastModifiedDate":"2020-05-23T01:10:16","isFullCredit":false},{"lineNumber":5,"author":{"gitId":"-"},"content":"## Introduction","lastModifiedDate":"2025-10-23T16:54:18","isFullCredit":false},{"lineNumber":6,"author":{"gitId":"-"},"content":"","lastModifiedDate":"2020-05-23T01:10:16","isFullCredit":false},{"lineNumber":7,"author":{"gitId":"-"},"content":"**Cerebro** is built for CS students managing multiple internship applications efficiently through a CLI interface. Ideal for users who type fast, prefer structure, and value productivity over point-and-click workflows.","lastModifiedDate":"2025-10-23T16:54:18","isFullCredit":false},{"lineNumber":8,"author":{"gitId":"-"},"content":"","lastModifiedDate":"2025-10-23T16:54:18","isFullCredit":false},{"lineNumber":9,"author":{"gitId":"-"},"content":"**Prerequisites:** Basic CLI experience, Java 17+ installed, understanding of internship stages (OA, interviews)","lastModifiedDate":"2025-10-31T00:27:58","isFullCredit":false},{"lineNumber":10,"author":{"gitId":"-"},"content":"","lastModifiedDate":"2025-10-23T16:54:18","isFullCredit":false},{"lineNumber":11,"author":{"gitId":"-"},"content":"\u003cdiv markdown\u003d\"block\" class\u003d\"alert alert-info\"\u003e","lastModifiedDate":"2025-10-23T16:54:18","isFullCredit":false},{"lineNumber":12,"author":{"gitId":"-"},"content":"**:information_source: Quick Navigation:**\u003cbr\u003e","lastModifiedDate":"2025-10-23T16:54:18","isFullCredit":false},{"lineNumber":13,"author":{"gitId":"-"},"content":"**New users:** Start with [Quick Start](#quick-start)\u003cbr\u003e","lastModifiedDate":"2025-10-23T16:54:18","isFullCredit":false},{"lineNumber":14,"author":{"gitId":"-"},"content":"**Experienced users:** Jump to [Command Summary](#command-summary)\u003cbr\u003e","lastModifiedDate":"2025-10-23T16:54:18","isFullCredit":false},{"lineNumber":15,"author":{"gitId":"-"},"content":"**Search tip:** Use `Ctrl+F` / `Cmd+F` to find specific commands","lastModifiedDate":"2025-10-23T16:54:18","isFullCredit":false},{"lineNumber":16,"author":{"gitId":"-"},"content":"\u003c/div\u003e","lastModifiedDate":"2025-10-23T16:54:18","isFullCredit":false},{"lineNumber":17,"author":{"gitId":"-"},"content":"","lastModifiedDate":"2025-10-23T16:54:18","isFullCredit":false},{"lineNumber":18,"author":{"gitId":"-"},"content":"","lastModifiedDate":"2025-10-30T01:47:07","isFullCredit":false},{"lineNumber":19,"author":{"gitId":"-"},"content":"## Table of Contents","lastModifiedDate":"2025-10-30T01:47:07","isFullCredit":false},{"lineNumber":20,"author":{"gitId":"-"},"content":"","lastModifiedDate":"2025-10-30T01:47:07","isFullCredit":false},{"lineNumber":21,"author":{"gitId":"-"},"content":"Full table of contents for easy navigation through this guide.","lastModifiedDate":"2025-10-31T00:27:58","isFullCredit":false},{"lineNumber":22,"author":{"gitId":"-"},"content":"","lastModifiedDate":"2025-10-31T00:27:58","isFullCredit":false},{"lineNumber":23,"author":{"gitId":"-"},"content":"* Table of Contents","lastModifiedDate":"2020-05-23T01:10:16","isFullCredit":false},{"lineNumber":24,"author":{"gitId":"-"},"content":"{:toc}","lastModifiedDate":"2020-05-23T01:10:16","isFullCredit":false},{"lineNumber":25,"author":{"gitId":"-"},"content":"","lastModifiedDate":"2020-05-23T01:10:16","isFullCredit":false},{"lineNumber":26,"author":{"gitId":"-"},"content":"---","lastModifiedDate":"2025-10-23T16:54:18","isFullCredit":false},{"lineNumber":27,"author":{"gitId":"-"},"content":"","lastModifiedDate":"2020-05-23T01:10:16","isFullCredit":false},{"lineNumber":28,"author":{"gitId":"-"},"content":"## Quick Start","lastModifiedDate":"2025-10-23T16:54:18","isFullCredit":false},{"lineNumber":29,"author":{"gitId":"-"},"content":"","lastModifiedDate":"2020-05-23T01:10:16","isFullCredit":false},{"lineNumber":30,"author":{"gitId":"-"},"content":"Installation and first commands to get you started with Cerebro.","lastModifiedDate":"2025-10-31T00:27:58","isFullCredit":false},{"lineNumber":31,"author":{"gitId":"-"},"content":"","lastModifiedDate":"2025-10-31T00:27:58","isFullCredit":false},{"lineNumber":32,"author":{"gitId":"-"},"content":"### Installation","lastModifiedDate":"2025-10-23T16:54:18","isFullCredit":false},{"lineNumber":33,"author":{"gitId":"-"},"content":"","lastModifiedDate":"2020-05-23T01:10:16","isFullCredit":false},{"lineNumber":34,"author":{"gitId":"-"},"content":"1. **Check Java Version**","lastModifiedDate":"2025-10-23T16:54:18","isFullCredit":false},{"lineNumber":35,"author":{"gitId":"-"},"content":"","lastModifiedDate":"2020-05-23T01:10:16","isFullCredit":false},{"lineNumber":36,"author":{"gitId":"aufasodik"},"content":"    - Ensure you have Java `17` or above installed","lastModifiedDate":"2025-11-01T19:44:00","isFullCredit":false},{"lineNumber":37,"author":{"gitId":"aufasodik"},"content":"        - If not, [follow these guides](https://se-education.org/guides/tutorials/javaInstallation.html) to install Java 17 on your system","lastModifiedDate":"2025-11-01T19:44:00","isFullCredit":false},{"lineNumber":38,"author":{"gitId":"-"},"content":"        - **Mac users:** Use the specific JDK version from [here](https://se-education.org/guides/tutorials/javaInstallationMac.html)","lastModifiedDate":"2025-10-29T19:53:30","isFullCredit":false},{"lineNumber":39,"author":{"gitId":"-"},"content":"    - Verify installation: `java --version` in terminal","lastModifiedDate":"2025-10-23T16:54:18","isFullCredit":false},{"lineNumber":40,"author":{"gitId":"-"},"content":"2. **Download Cerebro**","lastModifiedDate":"2025-10-23T16:54:18","isFullCredit":false},{"lineNumber":41,"author":{"gitId":"-"},"content":"","lastModifiedDate":"2020-05-23T01:10:16","isFullCredit":false},{"lineNumber":42,"author":{"gitId":"-"},"content":"    - Download the latest `cerebro.jar` from [here](https://github.com/AY2526S1-CS2103T-F08a-1/tp/releases)","lastModifiedDate":"2025-10-23T16:54:18","isFullCredit":false},{"lineNumber":43,"author":{"gitId":"-"},"content":"    - Choose a folder as your _home folder_ for Cerebro (e.g. `~/Applications/Cerebro/`)","lastModifiedDate":"2025-10-31T00:27:58","isFullCredit":false},{"lineNumber":44,"author":{"gitId":"-"},"content":"3. **Launch Application**","lastModifiedDate":"2025-10-23T16:54:18","isFullCredit":false},{"lineNumber":45,"author":{"gitId":"-"},"content":"","lastModifiedDate":"2020-05-23T01:10:16","isFullCredit":false},{"lineNumber":46,"author":{"gitId":"-"},"content":"   ```bash","lastModifiedDate":"2025-10-23T16:54:18","isFullCredit":false},{"lineNumber":47,"author":{"gitId":"-"},"content":"   cd /path/to/your/cerebro/folder","lastModifiedDate":"2025-10-23T16:54:18","isFullCredit":false},{"lineNumber":48,"author":{"gitId":"-"},"content":"   java -jar cerebro.jar","lastModifiedDate":"2025-10-23T16:54:18","isFullCredit":false},{"lineNumber":49,"author":{"gitId":"-"},"content":"   ```","lastModifiedDate":"2025-10-23T16:54:18","isFullCredit":false},{"lineNumber":50,"author":{"gitId":"-"},"content":"","lastModifiedDate":"2020-05-23T01:10:16","isFullCredit":false},{"lineNumber":51,"author":{"gitId":"-"},"content":"After running `java -jar cerebro.jar`, you should see a window similar to below, preloaded with sample companies.","lastModifiedDate":"2025-10-31T00:27:58","isFullCredit":false},{"lineNumber":52,"author":{"gitId":"-"},"content":"","lastModifiedDate":"2020-05-23T01:10:16","isFullCredit":false},{"lineNumber":53,"author":{"gitId":"-"},"content":"\u003cimg src\u003d\"images/Ui.png\" alt\u003d\"Ui\" width\u003d\"450\"/\u003e","lastModifiedDate":"2025-10-31T00:38:33","isFullCredit":false},{"lineNumber":54,"author":{"gitId":"-"},"content":"","lastModifiedDate":"2020-05-23T01:10:16","isFullCredit":false},{"lineNumber":55,"author":{"gitId":"-"},"content":"### CLI Tutorial","lastModifiedDate":"2025-10-23T16:54:18","isFullCredit":false},{"lineNumber":56,"author":{"gitId":"-"},"content":"","lastModifiedDate":"2020-05-23T01:10:16","isFullCredit":false},{"lineNumber":57,"author":{"gitId":"-"},"content":"Command format and important information about using Cerebro\u0027s command line interface.","lastModifiedDate":"2025-10-31T00:27:58","isFullCredit":false},{"lineNumber":58,"author":{"gitId":"-"},"content":"","lastModifiedDate":"2025-10-31T00:27:58","isFullCredit":false},{"lineNumber":59,"author":{"gitId":"-"},"content":"\u003cdiv markdown\u003d\"block\" class\u003d\"alert alert-info\"\u003e","lastModifiedDate":"2025-10-30T02:21:50","isFullCredit":false},{"lineNumber":60,"author":{"gitId":"-"},"content":"","lastModifiedDate":"2020-05-23T01:10:16","isFullCredit":false},{"lineNumber":61,"author":{"gitId":"-"},"content":"**:information_source: Notes about the command format:**\u003cbr\u003e","lastModifiedDate":"2025-10-30T02:21:50","isFullCredit":false},{"lineNumber":62,"author":{"gitId":"-"},"content":"","lastModifiedDate":"2020-05-23T01:10:16","isFullCredit":false},{"lineNumber":63,"author":{"gitId":"-"},"content":"* Words in `UPPER_CASE` are the parameters to be supplied by the user.\u003cbr\u003e","lastModifiedDate":"2025-10-30T02:21:50","isFullCredit":false},{"lineNumber":64,"author":{"gitId":"-"},"content":"  * e.g. in `add n/NAME`, `NAME` is a parameter which can be used as `add n/John Doe`.","lastModifiedDate":"2025-10-31T03:18:49","isFullCredit":false},{"lineNumber":65,"author":{"gitId":"-"},"content":"* For items in angle brackets, and separated by a pipe `|`, exactly one of the items are required.\u003cbr\u003e","lastModifiedDate":"2025-10-31T03:18:49","isFullCredit":false},{"lineNumber":66,"author":{"gitId":"-"},"content":"  * e.g `\u003cINDEX|START-END\u003e` can be used as `1` or as `1-2`.","lastModifiedDate":"2025-10-31T03:18:49","isFullCredit":false},{"lineNumber":67,"author":{"gitId":"-"},"content":"  * e.g `\u003cs/STATUS|t/TAG\u003e` can be used as `s/applied` or as `t/good-pay`.","lastModifiedDate":"2025-10-31T03:18:49","isFullCredit":false},{"lineNumber":68,"author":{"gitId":"-"},"content":"* Items in square brackets are optional.\u003cbr\u003e","lastModifiedDate":"2025-10-30T02:21:50","isFullCredit":false},{"lineNumber":69,"author":{"gitId":"-"},"content":"  * e.g `n/NAME [t/TAG]` can be used as `n/John Doe t/friend` or as `n/John Doe`.","lastModifiedDate":"2025-10-31T03:18:49","isFullCredit":false},{"lineNumber":70,"author":{"gitId":"-"},"content":"* Items with `…` after them can be used multiple times including zero times.\u003cbr\u003e","lastModifiedDate":"2025-10-30T02:21:50","isFullCredit":false},{"lineNumber":71,"author":{"gitId":"-"},"content":"  * e.g. `[t/TAG]…` can be used as ` ` (i.e. 0 times), `t/friend`, `t/friend t/family` etc.","lastModifiedDate":"2025-10-31T03:18:49","isFullCredit":false},{"lineNumber":72,"author":{"gitId":"-"},"content":"* Parameters can be in any order.\u003cbr\u003e","lastModifiedDate":"2025-10-30T02:21:50","isFullCredit":false},{"lineNumber":73,"author":{"gitId":"-"},"content":"  * e.g. if the command specifies `n/NAME p/PHONE_NUMBER`, `p/PHONE_NUMBER n/NAME` is also acceptable.","lastModifiedDate":"2025-10-31T03:18:49","isFullCredit":false},{"lineNumber":74,"author":{"gitId":"-"},"content":"* Extraneous parameters for commands that do not take in parameters (such as `help`, `list`, `exit` and `clear`) will be ignored.\u003cbr\u003e","lastModifiedDate":"2025-10-30T02:21:50","isFullCredit":false},{"lineNumber":75,"author":{"gitId":"-"},"content":"  * e.g. if the command specifies `help 123`, it will be interpreted as `help`.","lastModifiedDate":"2025-10-31T03:18:49","isFullCredit":false},{"lineNumber":76,"author":{"gitId":"-"},"content":"* Use a backslash `\\` to escape command prefixes e.g. in your remark","lastModifiedDate":"2025-10-31T04:11:32","isFullCredit":false},{"lineNumber":77,"author":{"gitId":"-"},"content":"  * e.g. `add n/Company r/This is a remark with a \\r/ for some reason` -\u003e Remark: This is a remark with a r/ for some reason","lastModifiedDate":"2025-10-31T04:11:32","isFullCredit":false},{"lineNumber":78,"author":{"gitId":"-"},"content":"* If you are using a PDF version of this document, be careful when copying and pasting commands that span multiple lines as space characters surrounding line-breaks may be omitted when copied over to the application.","lastModifiedDate":"2025-10-30T02:21:50","isFullCredit":false},{"lineNumber":79,"author":{"gitId":"-"},"content":"","lastModifiedDate":"2025-10-30T02:21:50","isFullCredit":false},{"lineNumber":80,"author":{"gitId":"-"},"content":"\u003c/div\u003e","lastModifiedDate":"2025-10-30T02:21:50","isFullCredit":false},{"lineNumber":81,"author":{"gitId":"-"},"content":"","lastModifiedDate":"2025-10-30T02:21:50","isFullCredit":false},{"lineNumber":82,"author":{"gitId":"-"},"content":"**Command Structure:** `command [index] [parameters]` with prefixes like `n/NAME`, `s/STATUS`, `t/TAG`","lastModifiedDate":"2025-10-31T00:27:58","isFullCredit":false},{"lineNumber":83,"author":{"gitId":"-"},"content":"","lastModifiedDate":"2020-05-23T01:10:16","isFullCredit":false},{"lineNumber":84,"author":{"gitId":"-"},"content":"\u003cdiv markdown\u003d\"span\" class\u003d\"alert alert-danger\"\u003e:exclamation: **Warning:**","lastModifiedDate":"2025-10-23T16:54:18","isFullCredit":false},{"lineNumber":85,"author":{"gitId":"-"},"content":"All operations are permanent! No undo available.","lastModifiedDate":"2025-10-30T02:21:50","isFullCredit":false},{"lineNumber":86,"author":{"gitId":"-"},"content":"\u003c/div\u003e","lastModifiedDate":"2025-10-23T16:54:18","isFullCredit":false},{"lineNumber":87,"author":{"gitId":"-"},"content":"","lastModifiedDate":"2025-10-23T23:24:15","isFullCredit":false},{"lineNumber":88,"author":{"gitId":"-"},"content":"**Typical Workflow:**","lastModifiedDate":"2025-10-23T16:54:18","isFullCredit":false},{"lineNumber":89,"author":{"gitId":"-"},"content":"","lastModifiedDate":"2025-10-16T21:41:28","isFullCredit":false},{"lineNumber":90,"author":{"gitId":"-"},"content":"1. **Research:** `add n/CompanyName` (quick entry)","lastModifiedDate":"2025-10-23T16:54:18","isFullCredit":false},{"lineNumber":91,"author":{"gitId":"-"},"content":"2. **Add details:** `edit 1 e/contact_email@example.com a/Sample Address #00-00`","lastModifiedDate":"2025-10-30T02:21:50","isFullCredit":false},{"lineNumber":92,"author":{"gitId":"-"},"content":"3. **Apply:** `edit 1 s/applied r/Applied via website`","lastModifiedDate":"2025-10-30T02:21:50","isFullCredit":false},{"lineNumber":93,"author":{"gitId":"-"},"content":"4. **View info** `find CompanyName`","lastModifiedDate":"2025-10-30T02:21:50","isFullCredit":false},{"lineNumber":94,"author":{"gitId":"-"},"content":"5. **Interview:** `edit 1 s/tech-interview`","lastModifiedDate":"2025-10-30T02:21:50","isFullCredit":false},{"lineNumber":95,"author":{"gitId":"-"},"content":"6. **Overview:** `filter s/SUBSTRING` to filter by status, `list` to see all","lastModifiedDate":"2025-10-31T03:02:20","isFullCredit":false},{"lineNumber":96,"author":{"gitId":"-"},"content":"","lastModifiedDate":"2025-10-16T21:41:28","isFullCredit":false},{"lineNumber":97,"author":{"gitId":"-"},"content":"\u003cdiv markdown\u003d\"span\" class\u003d\"alert alert-primary\"\u003e:bulb: **Power Tips:**","lastModifiedDate":"2025-10-31T00:27:58","isFullCredit":false},{"lineNumber":98,"author":{"gitId":"-"},"content":"**Batch edit/delete:** `delete 1,2,5-7` (indices 1, 2, 5, 6, 7)\u003cbr\u003e","lastModifiedDate":"2025-10-31T00:27:58","isFullCredit":false},{"lineNumber":99,"author":{"gitId":"-"},"content":"**Flexible input:** Parameters work in any order","lastModifiedDate":"2025-10-31T00:27:58","isFullCredit":false},{"lineNumber":100,"author":{"gitId":"-"},"content":"\u003c/div\u003e","lastModifiedDate":"2025-10-31T00:27:58","isFullCredit":false},{"lineNumber":101,"author":{"gitId":"-"},"content":"","lastModifiedDate":"2020-05-23T01:10:16","isFullCredit":false},{"lineNumber":102,"author":{"gitId":"-"},"content":"---","lastModifiedDate":"2025-10-23T16:54:18","isFullCredit":false},{"lineNumber":103,"author":{"gitId":"-"},"content":"","lastModifiedDate":"2020-05-23T01:10:16","isFullCredit":false},{"lineNumber":104,"author":{"gitId":"-"},"content":"## Company Fields","lastModifiedDate":"2025-10-30T02:33:50","isFullCredit":false},{"lineNumber":105,"author":{"gitId":"-"},"content":"","lastModifiedDate":"2025-10-30T12:50:17","isFullCredit":false},{"lineNumber":106,"author":{"gitId":"-"},"content":"Summary of fields available for a Company and their valid values.","lastModifiedDate":"2025-10-31T00:27:58","isFullCredit":false},{"lineNumber":107,"author":{"gitId":"-"},"content":"","lastModifiedDate":"2025-10-31T00:27:58","isFullCredit":false},{"lineNumber":108,"author":{"gitId":"-"},"content":"| Field      | Requirements                                                                                                     | Valid Examples                      | Invalid Examples                                              |","lastModifiedDate":"2025-10-30T12:50:17","isFullCredit":false},{"lineNumber":109,"author":{"gitId":"-"},"content":"|------------|-----------------------------------------------------------------------------------------------------------------|-------------------------------------|---------------------------------------------------------------|","lastModifiedDate":"2025-10-31T00:27:58","isFullCredit":false},{"lineNumber":110,"author":{"gitId":"-"},"content":"| **Name**   | All ASCII characters allowed, cannot be blank. Case-insensitive: `Google` is treated the same as `google`      | `Google`, `J\u0026J`, `@Google`, `Meta!` | ` ` (blank)                                                   |","lastModifiedDate":"2025-10-31T00:27:58","isFullCredit":false},{"lineNumber":111,"author":{"gitId":"-"},"content":"| **Phone**  | At least 3 digits, may start with `+`, may contain single spaces between digits                                  | `98765432`, \u003cbr\u003e`+65 9123 4567`     | `12`, `+65 9123  4567` (double-spaced),\u003cbr\u003e`91+234567`        |","lastModifiedDate":"2025-10-31T00:27:58","isFullCredit":false},{"lineNumber":112,"author":{"gitId":"-"},"content":"| **Email**  | Format: local-part@domain. Local-part: alphanumeric + `+_.-`, no special chars at start/end. Domain: valid labels | `john.doe@example.com`              | `john..doe@example.com`, `@test`                              |","lastModifiedDate":"2025-10-30T12:50:17","isFullCredit":false},{"lineNumber":113,"author":{"gitId":"-"},"content":"| **Address**| Free text                                                                                                       | `123 Main St, #01-01`               | -                                                             |","lastModifiedDate":"2025-10-30T12:50:17","isFullCredit":false},{"lineNumber":114,"author":{"gitId":"-"},"content":"| **Status** | One of: `TO-APPLY`, `APPLIED`, `OA`, `TECH-INTERVIEW`, `HR-INTERVIEW`, `IN-PROCESS`, `OFFERED`, `ACCEPTED`, `REJECTED`. Case-insensitive: accepts `TO-APPLY`, `to-apply`, `To-Apply`, etc. | `APPLIED`, `offered`                | `pending`, `done`                                             |","lastModifiedDate":"2025-10-31T00:27:58","isFullCredit":false},{"lineNumber":115,"author":{"gitId":"-"},"content":"| **Tag**    | Max 30 characters, alphanumeric characters only, single hyphens to separate words. Case-insensitive: `BACKEND` is treated the same as `backend`. | `remote-work`, `BACKEND`, `backend` | `remote work`, `tech--role`, `this-is-way-too-long-for-a-tag` |","lastModifiedDate":"2025-10-31T00:27:58","isFullCredit":false},{"lineNumber":116,"author":{"gitId":"-"},"content":"| **Remark** | Free text                                                                                                       | `Met at career fair`                | -                                                             |","lastModifiedDate":"2025-10-30T12:50:17","isFullCredit":false},{"lineNumber":117,"author":{"gitId":"-"},"content":"","lastModifiedDate":"2025-10-30T02:33:50","isFullCredit":false},{"lineNumber":118,"author":{"gitId":"-"},"content":"## Commands","lastModifiedDate":"2025-10-30T02:33:50","isFullCredit":false},{"lineNumber":119,"author":{"gitId":"-"},"content":"","lastModifiedDate":"2020-05-23T01:10:16","isFullCredit":false},{"lineNumber":120,"author":{"gitId":"-"},"content":"Complete command reference for all Cerebro features.","lastModifiedDate":"2025-10-31T00:27:58","isFullCredit":false},{"lineNumber":121,"author":{"gitId":"-"},"content":"","lastModifiedDate":"2025-10-31T00:27:58","isFullCredit":false},{"lineNumber":122,"author":{"gitId":"-"},"content":"\u003cdiv markdown\u003d\"span\" class\u003d\"alert alert-warning\"\u003e⚠️ **Caution:**","lastModifiedDate":"2025-10-31T00:27:58","isFullCredit":false},{"lineNumber":123,"author":{"gitId":"-"},"content":"Make sure you familiarise yourself with the [command format](#cli-tutorial) used in this User Guide first!","lastModifiedDate":"2025-10-30T12:50:17","isFullCredit":false},{"lineNumber":124,"author":{"gitId":"-"},"content":"\u003c/div\u003e","lastModifiedDate":"2025-10-30T12:50:17","isFullCredit":false},{"lineNumber":125,"author":{"gitId":"-"},"content":"","lastModifiedDate":"2025-10-30T12:50:17","isFullCredit":false},{"lineNumber":126,"author":{"gitId":"-"},"content":"### Viewing help : `help`","lastModifiedDate":"2020-05-23T01:10:16","isFullCredit":false},{"lineNumber":127,"author":{"gitId":"-"},"content":"","lastModifiedDate":"2020-05-23T01:10:16","isFullCredit":false},{"lineNumber":128,"author":{"gitId":"-"},"content":"Shows a message explaining how to access the help page.","lastModifiedDate":"2025-07-24T02:42:02","isFullCredit":false},{"lineNumber":129,"author":{"gitId":"-"},"content":"","lastModifiedDate":"2020-05-23T01:10:16","isFullCredit":false},{"lineNumber":130,"author":{"gitId":"-"},"content":"\u003cimg src\u003d\"images/helpMessage.png\" alt\u003d\"help message\" width\u003d\"550\"/\u003e","lastModifiedDate":"2025-10-30T02:21:50","isFullCredit":false},{"lineNumber":131,"author":{"gitId":"-"},"content":"","lastModifiedDate":"2020-05-23T01:10:16","isFullCredit":false},{"lineNumber":132,"author":{"gitId":"-"},"content":"\u003cdiv markdown\u003d\"span\" class\u003d\"alert alert-primary\"\u003e:bulb: **Tip:**","lastModifiedDate":"2025-10-30T03:38:02","isFullCredit":false},{"lineNumber":133,"author":{"gitId":"-"},"content":"You can close the help window with the `ESC` key, `Ctrl/Cmd` + `W` or `alt` + `f4`","lastModifiedDate":"2025-10-30T03:38:02","isFullCredit":false},{"lineNumber":134,"author":{"gitId":"-"},"content":"\u003c/div\u003e","lastModifiedDate":"2025-10-30T03:38:02","isFullCredit":false},{"lineNumber":135,"author":{"gitId":"-"},"content":"","lastModifiedDate":"2025-10-30T03:38:02","isFullCredit":false},{"lineNumber":136,"author":{"gitId":"-"},"content":"[↑ Back to Top](#table-of-contents)","lastModifiedDate":"2025-10-31T00:27:58","isFullCredit":false},{"lineNumber":137,"author":{"gitId":"-"},"content":"","lastModifiedDate":"2025-10-31T00:27:58","isFullCredit":false},{"lineNumber":138,"author":{"gitId":"-"},"content":"---","lastModifiedDate":"2025-10-31T00:27:58","isFullCredit":false},{"lineNumber":139,"author":{"gitId":"-"},"content":"","lastModifiedDate":"2025-10-31T00:27:58","isFullCredit":false},{"lineNumber":140,"author":{"gitId":"-"},"content":"### Listing all companies : `list`","lastModifiedDate":"2025-10-30T02:43:46","isFullCredit":false},{"lineNumber":141,"author":{"gitId":"-"},"content":"","lastModifiedDate":"2025-10-30T02:43:46","isFullCredit":false},{"lineNumber":142,"author":{"gitId":"-"},"content":"Shows a list of all companies in Cerebro.","lastModifiedDate":"2025-10-30T02:43:46","isFullCredit":false},{"lineNumber":143,"author":{"gitId":"-"},"content":"","lastModifiedDate":"2025-10-30T02:43:46","isFullCredit":false},{"lineNumber":144,"author":{"gitId":"aufasodik"},"content":"* Shows all your tracked companies along with their saved details","lastModifiedDate":"2025-11-01T19:44:00","isFullCredit":false},{"lineNumber":145,"author":{"gitId":"-"},"content":"* Resets any active filters from previous `find` commands","lastModifiedDate":"2025-10-30T02:43:46","isFullCredit":false},{"lineNumber":146,"author":{"gitId":"-"},"content":"* Shows companies with their current index numbers","lastModifiedDate":"2025-10-30T02:43:46","isFullCredit":false},{"lineNumber":147,"author":{"gitId":"-"},"content":"","lastModifiedDate":"2025-10-30T02:43:46","isFullCredit":false},{"lineNumber":148,"author":{"gitId":"-"},"content":"[↑ Back to Top](#table-of-contents)","lastModifiedDate":"2025-10-31T00:27:58","isFullCredit":false},{"lineNumber":149,"author":{"gitId":"-"},"content":"","lastModifiedDate":"2025-10-30T02:43:46","isFullCredit":false},{"lineNumber":150,"author":{"gitId":"-"},"content":"---","lastModifiedDate":"2025-10-31T00:27:58","isFullCredit":false},{"lineNumber":151,"author":{"gitId":"-"},"content":"","lastModifiedDate":"2025-10-31T00:27:58","isFullCredit":false},{"lineNumber":152,"author":{"gitId":"-"},"content":"### Filtering companies by status and/or tag: `filter`","lastModifiedDate":"2025-10-31T03:02:20","isFullCredit":false},{"lineNumber":153,"author":{"gitId":"-"},"content":"","lastModifiedDate":"2025-10-30T02:43:46","isFullCredit":false},{"lineNumber":154,"author":{"gitId":"-"},"content":"Finds companies by status and/or tag values. Case-insensitive, lists all companies that **matches** the status AND **matches** **any** of the tags as substrings.","lastModifiedDate":"2025-10-31T03:16:12","isFullCredit":false},{"lineNumber":155,"author":{"gitId":"-"},"content":"","lastModifiedDate":"2025-10-30T02:43:46","isFullCredit":false},{"lineNumber":156,"author":{"gitId":"-"},"content":"**Format:** `filter \u003cs/STATUS|t/TAG\u003e [t/TAG]…`","lastModifiedDate":"2025-10-31T03:16:12","isFullCredit":false},{"lineNumber":157,"author":{"gitId":"-"},"content":"","lastModifiedDate":"2025-10-30T02:43:46","isFullCredit":false},{"lineNumber":158,"author":{"gitId":"-"},"content":"**Filter Types:**","lastModifiedDate":"2025-10-31T00:27:58","isFullCredit":false},{"lineNumber":159,"author":{"gitId":"-"},"content":"","lastModifiedDate":"2025-10-30T02:43:46","isFullCredit":false},{"lineNumber":160,"author":{"gitId":"-"},"content":"**Status Filter:** `filter s/STATUS`","lastModifiedDate":"2025-10-31T00:27:58","isFullCredit":false},{"lineNumber":161,"author":{"gitId":"-"},"content":"```","lastModifiedDate":"2025-10-31T00:27:58","isFullCredit":false},{"lineNumber":162,"author":{"gitId":"-"},"content":"filter s/applied","lastModifiedDate":"2025-10-31T00:27:58","isFullCredit":false},{"lineNumber":163,"author":{"gitId":"-"},"content":"→ Shows all companies with \"applied\" status","lastModifiedDate":"2025-10-31T00:27:58","isFullCredit":false},{"lineNumber":164,"author":{"gitId":"-"},"content":"```","lastModifiedDate":"2025-10-31T00:27:58","isFullCredit":false},{"lineNumber":165,"author":{"gitId":"-"},"content":"","lastModifiedDate":"2025-10-30T02:43:46","isFullCredit":false},{"lineNumber":166,"author":{"gitId":"-"},"content":"**Tag Filter:** `filter t/TAG [t/MORE_TAGS]...`","lastModifiedDate":"2025-10-31T00:27:58","isFullCredit":false},{"lineNumber":167,"author":{"gitId":"-"},"content":"```","lastModifiedDate":"2025-10-31T00:27:58","isFullCredit":false},{"lineNumber":168,"author":{"gitId":"-"},"content":"filter t/rem","lastModifiedDate":"2025-10-31T00:27:58","isFullCredit":false},{"lineNumber":169,"author":{"gitId":"-"},"content":"→ Shows companies with tags containing \"rem\" (e.g. \"remote-work\")","lastModifiedDate":"2025-10-31T00:27:58","isFullCredit":false},{"lineNumber":170,"author":{"gitId":"-"},"content":"","lastModifiedDate":"2025-10-30T02:43:46","isFullCredit":false},{"lineNumber":171,"author":{"gitId":"-"},"content":"filter t/rem t/good","lastModifiedDate":"2025-10-31T00:27:58","isFullCredit":false},{"lineNumber":172,"author":{"gitId":"-"},"content":"→ Shows companies with tags containing \"rem\" OR \"good\"","lastModifiedDate":"2025-10-31T00:27:58","isFullCredit":false},{"lineNumber":173,"author":{"gitId":"-"},"content":"```","lastModifiedDate":"2025-10-31T00:27:58","isFullCredit":false},{"lineNumber":174,"author":{"gitId":"-"},"content":"","lastModifiedDate":"2025-10-31T00:27:58","isFullCredit":false},{"lineNumber":175,"author":{"gitId":"-"},"content":"**Combined Filter:** `filter s/STATUS t/TAG [t/MORE_TAGS]...`","lastModifiedDate":"2025-10-31T00:27:58","isFullCredit":false},{"lineNumber":176,"author":{"gitId":"-"},"content":"```","lastModifiedDate":"2025-10-31T00:27:58","isFullCredit":false},{"lineNumber":177,"author":{"gitId":"-"},"content":"filter s/applied t/rem t/good","lastModifiedDate":"2025-10-31T00:27:58","isFullCredit":false},{"lineNumber":178,"author":{"gitId":"-"},"content":"→ Shows companies with \"applied\" status AND (tags containing \"rem\" OR \"good\")","lastModifiedDate":"2025-10-31T00:27:58","isFullCredit":false},{"lineNumber":179,"author":{"gitId":"-"},"content":"```","lastModifiedDate":"2025-10-31T00:27:58","isFullCredit":false},{"lineNumber":180,"author":{"gitId":"-"},"content":"","lastModifiedDate":"2025-10-31T00:27:58","isFullCredit":false},{"lineNumber":181,"author":{"gitId":"-"},"content":"\u003cdiv markdown\u003d\"block\" class\u003d\"alert alert-success\"\u003e","lastModifiedDate":"2025-10-31T03:16:12","isFullCredit":false},{"lineNumber":182,"author":{"gitId":"-"},"content":"**Filter Rules:**","lastModifiedDate":"2025-10-31T00:27:58","isFullCredit":false},{"lineNumber":183,"author":{"gitId":"-"},"content":"* **At least one field required** - Must specify either status or tag(s)","lastModifiedDate":"2025-10-31T00:27:58","isFullCredit":false},{"lineNumber":184,"author":{"gitId":"-"},"content":"* **Case-insensitive** - `APPLIED` matches `applied`, `FRONTEND` matches `frontend`","lastModifiedDate":"2025-10-31T00:27:58","isFullCredit":false},{"lineNumber":185,"author":{"gitId":"-"},"content":"* **Substring matching for tags** - `rem` matches `remote-work`, `premium`","lastModifiedDate":"2025-10-31T00:27:58","isFullCredit":false},{"lineNumber":186,"author":{"gitId":"-"},"content":"* **OR logic for multiple tags** - Any matching tag qualifies","lastModifiedDate":"2025-10-31T00:27:58","isFullCredit":false},{"lineNumber":187,"author":{"gitId":"-"},"content":"* **AND logic between status and tags** - Must match status AND at least one tag","lastModifiedDate":"2025-10-31T00:27:58","isFullCredit":false},{"lineNumber":188,"author":{"gitId":"-"},"content":"\u003c/div\u003e","lastModifiedDate":"2025-10-31T03:16:12","isFullCredit":false},{"lineNumber":189,"author":{"gitId":"-"},"content":"","lastModifiedDate":"2025-10-31T03:16:12","isFullCredit":false},{"lineNumber":190,"author":{"gitId":"-"},"content":"**Result for `filter s/applied t/cl t/og`:**","lastModifiedDate":"2025-10-31T09:33:22","isFullCredit":false},{"lineNumber":191,"author":{"gitId":"-"},"content":"","lastModifiedDate":"2025-10-31T03:16:12","isFullCredit":false},{"lineNumber":192,"author":{"gitId":"-"},"content":"\u003cimg src\u003d\"images/FilterAppliedResult.png\" alt\u003d\"result for \u0027filter applied\" width\u003d\"450\"/\u003e","lastModifiedDate":"2025-10-31T00:27:58","isFullCredit":false},{"lineNumber":193,"author":{"gitId":"-"},"content":"","lastModifiedDate":"2025-10-31T03:16:12","isFullCredit":false},{"lineNumber":194,"author":{"gitId":"-"},"content":"[↑ Back to Top](#table-of-contents)","lastModifiedDate":"2025-10-31T00:27:58","isFullCredit":false},{"lineNumber":195,"author":{"gitId":"-"},"content":"","lastModifiedDate":"2025-10-30T02:43:46","isFullCredit":false},{"lineNumber":196,"author":{"gitId":"-"},"content":"---","lastModifiedDate":"2025-10-31T00:27:58","isFullCredit":false},{"lineNumber":197,"author":{"gitId":"-"},"content":"","lastModifiedDate":"2025-10-30T02:43:46","isFullCredit":false},{"lineNumber":198,"author":{"gitId":"-"},"content":"### Locating companies by name: `find`","lastModifiedDate":"2025-10-30T02:43:46","isFullCredit":false},{"lineNumber":199,"author":{"gitId":"-"},"content":"","lastModifiedDate":"2025-10-30T02:43:46","isFullCredit":false},{"lineNumber":200,"author":{"gitId":"-"},"content":"Finds companies by matching name substring. Case-insensitive, lists all companies that **contains** the substring.","lastModifiedDate":"2025-10-31T03:02:20","isFullCredit":false},{"lineNumber":201,"author":{"gitId":"-"},"content":"","lastModifiedDate":"2025-10-30T02:43:46","isFullCredit":false},{"lineNumber":202,"author":{"gitId":"-"},"content":"**Format:** `find SUBSTRING [SUBSTRING]…`","lastModifiedDate":"2025-10-31T03:02:20","isFullCredit":false},{"lineNumber":203,"author":{"gitId":"-"},"content":"","lastModifiedDate":"2025-10-30T02:43:46","isFullCredit":false},{"lineNumber":204,"author":{"gitId":"-"},"content":"\u003cdiv markdown\u003d\"block\" class\u003d\"alert alert-success\"\u003e","lastModifiedDate":"2025-10-30T02:43:46","isFullCredit":false},{"lineNumber":205,"author":{"gitId":"-"},"content":"**Search Rules:**","lastModifiedDate":"2025-10-30T02:43:46","isFullCredit":false},{"lineNumber":206,"author":{"gitId":"-"},"content":"* **Case-insensitive** - `google` matches `Google`","lastModifiedDate":"2025-10-30T02:43:46","isFullCredit":false},{"lineNumber":207,"author":{"gitId":"-"},"content":"* **Substring order flexible** - `Google Meta` \u003d `Meta Google`","lastModifiedDate":"2025-10-31T03:02:20","isFullCredit":false},{"lineNumber":208,"author":{"gitId":"-"},"content":"* **Substrings allowed** - `Go` will show `Google`, and all other companies with \u0027go\u0027 in their name","lastModifiedDate":"2025-10-30T02:43:46","isFullCredit":false},{"lineNumber":209,"author":{"gitId":"-"},"content":"* **OR search** - `Google Meta` finds both `Google Inc` AND `Meta Platforms`","lastModifiedDate":"2025-10-30T02:43:46","isFullCredit":false},{"lineNumber":210,"author":{"gitId":"-"},"content":"\u003c/div\u003e","lastModifiedDate":"2025-10-30T02:43:46","isFullCredit":false},{"lineNumber":211,"author":{"gitId":"-"},"content":"","lastModifiedDate":"2025-10-30T02:43:46","isFullCredit":false},{"lineNumber":212,"author":{"gitId":"-"},"content":"**Examples:**","lastModifiedDate":"2025-10-30T02:43:46","isFullCredit":false},{"lineNumber":213,"author":{"gitId":"-"},"content":"","lastModifiedDate":"2025-10-30T02:43:46","isFullCredit":false},{"lineNumber":214,"author":{"gitId":"-"},"content":"* `find Google TikTok` → `Google Inc`, `Google Singapore`, `TikTok`","lastModifiedDate":"2025-10-30T12:30:52","isFullCredit":false},{"lineNumber":215,"author":{"gitId":"-"},"content":"* `find goOgl iktO` → `Google Inc`, `Google Singapore`, `TikTok`","lastModifiedDate":"2025-10-30T12:30:52","isFullCredit":false},{"lineNumber":216,"author":{"gitId":"-"},"content":"","lastModifiedDate":"2025-10-30T02:43:46","isFullCredit":false},{"lineNumber":217,"author":{"gitId":"-"},"content":"**Result for `find digital pacific`:**","lastModifiedDate":"2025-10-30T02:43:46","isFullCredit":false},{"lineNumber":218,"author":{"gitId":"-"},"content":"","lastModifiedDate":"2025-10-30T02:43:46","isFullCredit":false},{"lineNumber":219,"author":{"gitId":"-"},"content":"![result for \u0027find digital pacific\u0027](images/findDigitalPacificResult.png)","lastModifiedDate":"2025-10-30T02:43:46","isFullCredit":false},{"lineNumber":220,"author":{"gitId":"-"},"content":"","lastModifiedDate":"2025-10-30T02:43:46","isFullCredit":false},{"lineNumber":221,"author":{"gitId":"-"},"content":"[↑ Back to Top](#table-of-contents)","lastModifiedDate":"2025-10-31T00:27:58","isFullCredit":false},{"lineNumber":222,"author":{"gitId":"-"},"content":"","lastModifiedDate":"2025-10-31T00:27:58","isFullCredit":false},{"lineNumber":223,"author":{"gitId":"-"},"content":"---","lastModifiedDate":"2025-10-31T00:27:58","isFullCredit":false},{"lineNumber":224,"author":{"gitId":"-"},"content":"","lastModifiedDate":"2025-10-31T00:27:58","isFullCredit":false},{"lineNumber":225,"author":{"gitId":"-"},"content":"### Viewing companies metrics: `metrics`","lastModifiedDate":"2025-10-30T03:32:48","isFullCredit":false},{"lineNumber":226,"author":{"gitId":"-"},"content":"","lastModifiedDate":"2025-10-30T03:32:48","isFullCredit":false},{"lineNumber":227,"author":{"gitId":"-"},"content":"Displays a summary of how your internship applications are distributed across different statuses (e.g. Applied, Offered, Rejected) for all companies you’ve added.","lastModifiedDate":"2025-10-31T00:27:58","isFullCredit":false},{"lineNumber":228,"author":{"gitId":"-"},"content":"","lastModifiedDate":"2025-10-30T03:32:48","isFullCredit":false},{"lineNumber":229,"author":{"gitId":"-"},"content":"**Result for `metrics`:**","lastModifiedDate":"2025-10-30T03:32:48","isFullCredit":false},{"lineNumber":230,"author":{"gitId":"-"},"content":"","lastModifiedDate":"2025-10-30T03:32:48","isFullCredit":false},{"lineNumber":231,"author":{"gitId":"-"},"content":"\u003cimg src\u003d\"images/MetricsResult.png\" alt\u003d\"result for `metrics`\" width\u003d\"450\"/\u003e","lastModifiedDate":"2025-10-30T03:32:48","isFullCredit":false},{"lineNumber":232,"author":{"gitId":"-"},"content":"","lastModifiedDate":"2025-10-30T03:32:48","isFullCredit":false},{"lineNumber":233,"author":{"gitId":"-"},"content":"\u003cdiv markdown\u003d\"span\" class\u003d\"alert alert-primary\"\u003e:bulb: **Tip:**","lastModifiedDate":"2025-10-30T03:38:02","isFullCredit":false},{"lineNumber":234,"author":{"gitId":"-"},"content":"You can close the metrics window with the `ESC` key, `Ctrl/Cmd` + `W` or `alt` + `f4`","lastModifiedDate":"2025-10-30T03:38:02","isFullCredit":false},{"lineNumber":235,"author":{"gitId":"-"},"content":"\u003c/div\u003e","lastModifiedDate":"2025-10-30T03:38:02","isFullCredit":false},{"lineNumber":236,"author":{"gitId":"-"},"content":"","lastModifiedDate":"2025-10-30T03:32:48","isFullCredit":false},{"lineNumber":237,"author":{"gitId":"-"},"content":"[↑ Back to Top](#table-of-contents)","lastModifiedDate":"2025-10-31T00:27:58","isFullCredit":false},{"lineNumber":238,"author":{"gitId":"-"},"content":"","lastModifiedDate":"2025-10-31T00:27:58","isFullCredit":false},{"lineNumber":239,"author":{"gitId":"-"},"content":"---","lastModifiedDate":"2025-10-31T00:27:58","isFullCredit":false},{"lineNumber":240,"author":{"gitId":"-"},"content":"","lastModifiedDate":"2025-10-31T00:27:58","isFullCredit":false},{"lineNumber":241,"author":{"gitId":"-"},"content":"### Adding a company: `add`","lastModifiedDate":"2025-10-06T21:47:57","isFullCredit":false},{"lineNumber":242,"author":{"gitId":"-"},"content":"","lastModifiedDate":"2020-05-23T01:10:16","isFullCredit":false},{"lineNumber":243,"author":{"gitId":"-"},"content":"Adds a company to Cerebro.","lastModifiedDate":"2025-10-30T02:21:50","isFullCredit":false},{"lineNumber":244,"author":{"gitId":"-"},"content":"","lastModifiedDate":"2020-05-23T01:10:16","isFullCredit":false},{"lineNumber":245,"author":{"gitId":"-"},"content":"**Format:** `add n/NAME [p/PHONE] [e/EMAIL] [a/ADDRESS] [r/REMARK] [s/STATUS] [t/TAG]…`","lastModifiedDate":"2025-10-31T03:02:20","isFullCredit":false},{"lineNumber":246,"author":{"gitId":"-"},"content":"","lastModifiedDate":"2025-10-13T14:32:02","isFullCredit":false},{"lineNumber":247,"author":{"gitId":"-"},"content":"\u003cdiv markdown\u003d\"block\" class\u003d\"alert alert-success\"\u003e","lastModifiedDate":"2025-10-23T16:54:18","isFullCredit":false},{"lineNumber":248,"author":{"gitId":"-"},"content":"**Usage:**","lastModifiedDate":"2025-10-30T02:21:50","isFullCredit":false},{"lineNumber":249,"author":{"gitId":"-"},"content":"* **Required:** Company name only","lastModifiedDate":"2025-10-23T16:54:18","isFullCredit":false},{"lineNumber":250,"author":{"gitId":"-"},"content":"* **Optional:** All other fields","lastModifiedDate":"2025-10-30T12:30:52","isFullCredit":false},{"lineNumber":251,"author":{"gitId":"-"},"content":"* **Default status:** `to-apply`","lastModifiedDate":"2025-10-23T16:54:18","isFullCredit":false},{"lineNumber":252,"author":{"gitId":"-"},"content":"* **Tags:** Multiple allowed","lastModifiedDate":"2025-10-23T16:54:18","isFullCredit":false},{"lineNumber":253,"author":{"gitId":"-"},"content":"\u003c/div\u003e","lastModifiedDate":"2020-05-23T01:10:16","isFullCredit":false},{"lineNumber":254,"author":{"gitId":"-"},"content":"","lastModifiedDate":"2020-05-23T01:10:16","isFullCredit":false},{"lineNumber":255,"author":{"gitId":"-"},"content":"**Examples:**","lastModifiedDate":"2025-10-31T03:16:12","isFullCredit":false},{"lineNumber":256,"author":{"gitId":"-"},"content":"","lastModifiedDate":"2025-10-23T16:54:18","isFullCredit":false},{"lineNumber":257,"author":{"gitId":"-"},"content":"* `add n/Google Inc` - Creates entry with just the name and other fields empty","lastModifiedDate":"2025-10-31T00:27:58","isFullCredit":false},{"lineNumber":258,"author":{"gitId":"-"},"content":"* `add n/Meta e/careers@meta.com s/applied` - Adds name, email, and status only","lastModifiedDate":"2025-10-23T16:54:18","isFullCredit":false},{"lineNumber":259,"author":{"gitId":"-"},"content":"* `add n/ByteDance p/12345678 e/recruit@bytedance.com a/Singapore Science Park r/Fast-growing s/tech-interview t/tech t/remote-friendly` - Adds complete entry with all details","lastModifiedDate":"2025-10-16T21:41:28","isFullCredit":false},{"lineNumber":260,"author":{"gitId":"-"},"content":"","lastModifiedDate":"2020-05-23T01:10:16","isFullCredit":false},{"lineNumber":261,"author":{"gitId":"-"},"content":"\u003cdiv markdown\u003d\"span\" class\u003d\"alert alert-primary\"\u003e:bulb: **Tip:**","lastModifiedDate":"2025-10-30T02:21:50","isFullCredit":false},{"lineNumber":262,"author":{"gitId":"-"},"content":"Start with just the company name for quick entry when you\u0027re researching companies, then update details later with the `edit` command!","lastModifiedDate":"2025-10-30T02:21:50","isFullCredit":false},{"lineNumber":263,"author":{"gitId":"-"},"content":"\u003c/div\u003e","lastModifiedDate":"2025-10-30T02:21:50","isFullCredit":false},{"lineNumber":264,"author":{"gitId":"-"},"content":"","lastModifiedDate":"2025-10-30T02:21:50","isFullCredit":false},{"lineNumber":265,"author":{"gitId":"-"},"content":"[↑ Back to Top](#table-of-contents)","lastModifiedDate":"2025-10-31T00:27:58","isFullCredit":false},{"lineNumber":266,"author":{"gitId":"-"},"content":"","lastModifiedDate":"2025-10-31T00:27:58","isFullCredit":false},{"lineNumber":267,"author":{"gitId":"-"},"content":"---","lastModifiedDate":"2025-10-31T00:27:58","isFullCredit":false},{"lineNumber":268,"author":{"gitId":"-"},"content":"","lastModifiedDate":"2025-10-31T00:27:58","isFullCredit":false},{"lineNumber":269,"author":{"gitId":"-"},"content":"### Editing a company : `edit`","lastModifiedDate":"2025-10-06T21:47:57","isFullCredit":false},{"lineNumber":270,"author":{"gitId":"-"},"content":"","lastModifiedDate":"2020-05-23T01:10:16","isFullCredit":false},{"lineNumber":271,"author":{"gitId":"-"},"content":"Updates one or more companies in Cerebro.","lastModifiedDate":"2025-10-31T00:27:58","isFullCredit":false},{"lineNumber":272,"author":{"gitId":"-"},"content":"","lastModifiedDate":"2025-10-16T21:41:28","isFullCredit":false},{"lineNumber":273,"author":{"gitId":"-"},"content":"**Format:** `edit \u003cINDEX|START-END\u003e [INDEX]… [START-END]… [n/NAME] [p/PHONE] [e/EMAIL] [a/ADDRESS] [r/REMARK] [s/STATUS] [t/TAG]…​`","lastModifiedDate":"2025-10-31T03:02:20","isFullCredit":false},{"lineNumber":274,"author":{"gitId":"-"},"content":"","lastModifiedDate":"2025-10-16T21:41:28","isFullCredit":false},{"lineNumber":275,"author":{"gitId":"-"},"content":"**Edit Types:**","lastModifiedDate":"2025-10-31T00:27:58","isFullCredit":false},{"lineNumber":276,"author":{"gitId":"-"},"content":"","lastModifiedDate":"2025-10-16T21:41:28","isFullCredit":false},{"lineNumber":277,"author":{"gitId":"-"},"content":"**Single Edit:** `edit INDEX [fields]`","lastModifiedDate":"2025-10-31T00:27:58","isFullCredit":false},{"lineNumber":278,"author":{"gitId":"-"},"content":"```","lastModifiedDate":"2025-10-23T16:54:18","isFullCredit":false},{"lineNumber":279,"author":{"gitId":"-"},"content":"edit 1 p/91234567 e/careers@google.com","lastModifiedDate":"2025-10-31T00:27:58","isFullCredit":false},{"lineNumber":280,"author":{"gitId":"-"},"content":"→ Edited Company 1: Phone: 91234567; Email: careers@google.com; ...","lastModifiedDate":"2025-10-31T00:27:58","isFullCredit":false},{"lineNumber":281,"author":{"gitId":"-"},"content":"```","lastModifiedDate":"2025-10-23T16:54:18","isFullCredit":false},{"lineNumber":282,"author":{"gitId":"-"},"content":"","lastModifiedDate":"2025-10-16T21:41:28","isFullCredit":false},{"lineNumber":283,"author":{"gitId":"-"},"content":"**Batch Edit:** Edit multiple companies with the same changes","lastModifiedDate":"2025-10-31T00:27:58","isFullCredit":false},{"lineNumber":284,"author":{"gitId":"-"},"content":"","lastModifiedDate":"2020-05-23T01:10:16","isFullCredit":false},{"lineNumber":285,"author":{"gitId":"-"},"content":"| Method | Format | Requirements           | Example | Result |","lastModifiedDate":"2025-10-31T00:27:58","isFullCredit":false},{"lineNumber":286,"author":{"gitId":"-"},"content":"|--------|--------|------------------------|---------|--------|","lastModifiedDate":"2025-10-31T00:27:58","isFullCredit":false},{"lineNumber":287,"author":{"gitId":"-"},"content":"| **Comma-separated** | `edit INDEX,INDEX,INDEX [fields]` | No trailing commas     | `edit 1,3,5 s/rejected` | Edited 3 companies (indices 1, 3, 5) - Status updated to rejected |","lastModifiedDate":"2025-10-31T00:27:58","isFullCredit":false},{"lineNumber":288,"author":{"gitId":"-"},"content":"| **Range** | `edit START-END [fields]` | START ≤ END, inclusive | `edit 2-4 s/applied` | Edited 3 companies (indices 2, 3, 4) - Status updated to applied |","lastModifiedDate":"2025-10-31T00:27:58","isFullCredit":false},{"lineNumber":289,"author":{"gitId":"-"},"content":"","lastModifiedDate":"2025-10-13T14:32:02","isFullCredit":false},{"lineNumber":290,"author":{"gitId":"-"},"content":"\u003cdiv markdown\u003d\"span\" class\u003d\"alert alert-primary\"\u003e:bulb: **Tip:**","lastModifiedDate":"2025-10-31T00:27:58","isFullCredit":false},{"lineNumber":291,"author":{"gitId":"-"},"content":"You can combine both methods in one command! Use `edit 1,3,6-8,10 s/applied` to edit companies 1, 3, 6, 7, 8, and 10 all at once.","lastModifiedDate":"2025-10-31T00:27:58","isFullCredit":false},{"lineNumber":292,"author":{"gitId":"-"},"content":"\u003c/div\u003e","lastModifiedDate":"2025-10-31T03:16:12","isFullCredit":false},{"lineNumber":293,"author":{"gitId":"-"},"content":"","lastModifiedDate":"2020-05-23T01:10:16","isFullCredit":false},{"lineNumber":294,"author":{"gitId":"-"},"content":"**Clear any field:** Use empty value to clear","lastModifiedDate":"2025-10-31T00:27:58","isFullCredit":false},{"lineNumber":295,"author":{"gitId":"-"},"content":"```","lastModifiedDate":"2025-10-23T16:54:18","isFullCredit":false},{"lineNumber":296,"author":{"gitId":"-"},"content":"edit 3 t/           → All tags cleared","lastModifiedDate":"2025-10-31T00:27:58","isFullCredit":false},{"lineNumber":297,"author":{"gitId":"-"},"content":"edit 3 r/           → Remark cleared","lastModifiedDate":"2025-10-31T00:27:58","isFullCredit":false},{"lineNumber":298,"author":{"gitId":"-"},"content":"edit 3 t/ r/        → Both tags and remark cleared","lastModifiedDate":"2025-10-31T00:27:58","isFullCredit":false},{"lineNumber":299,"author":{"gitId":"-"},"content":"```","lastModifiedDate":"2025-10-23T16:54:18","isFullCredit":false},{"lineNumber":300,"author":{"gitId":"-"},"content":"","lastModifiedDate":"2020-05-23T01:10:16","isFullCredit":false},{"lineNumber":301,"author":{"gitId":"-"},"content":"\u003cdiv markdown\u003d\"span\" class\u003d\"alert alert-danger\"\u003e:exclamation: **Important - Field Replacement:**","lastModifiedDate":"2025-10-31T00:27:58","isFullCredit":false},{"lineNumber":302,"author":{"gitId":"-"},"content":"All fields are **REPLACED**, not added to existing values:","lastModifiedDate":"2025-10-31T00:27:58","isFullCredit":false},{"lineNumber":303,"author":{"gitId":"-"},"content":"- `edit 1 t/tech` → Removes all existing tags, sets only \"tech\"","lastModifiedDate":"2025-10-31T00:27:58","isFullCredit":false},{"lineNumber":304,"author":{"gitId":"-"},"content":"- `edit 1 r/New remark` → Completely replaces existing remark","lastModifiedDate":"2025-10-31T00:27:58","isFullCredit":false},{"lineNumber":305,"author":{"gitId":"-"},"content":"- `edit 1 t/` → Clears all tags","lastModifiedDate":"2025-10-31T00:27:58","isFullCredit":false},{"lineNumber":306,"author":{"gitId":"-"},"content":"\u003c/div\u003e","lastModifiedDate":"2025-10-31T00:27:58","isFullCredit":false},{"lineNumber":307,"author":{"gitId":"-"},"content":"","lastModifiedDate":"2025-10-23T16:54:18","isFullCredit":false},{"lineNumber":308,"author":{"gitId":"-"},"content":"**Rules:**","lastModifiedDate":"2025-10-31T00:27:58","isFullCredit":false},{"lineNumber":309,"author":{"gitId":"-"},"content":"- At least 1 field must be specified","lastModifiedDate":"2025-10-31T00:27:58","isFullCredit":false},{"lineNumber":310,"author":{"gitId":"-"},"content":"- Indices must be positive integers within the current list size (e.g. if 5 companies shown, use indices 1-5 only)","lastModifiedDate":"2025-10-31T00:27:58","isFullCredit":false},{"lineNumber":311,"author":{"gitId":"-"},"content":"- Duplicate indices are not allowed (e.g. `edit 1,1,2` or `edit 1,3,2-4` will throw an error)","lastModifiedDate":"2025-10-31T00:27:58","isFullCredit":false},{"lineNumber":312,"author":{"gitId":"-"},"content":"- Space between indices are not allowed (e.g. `edit 3555`, not `edit 3 555`)","lastModifiedDate":"2025-10-31T00:27:58","isFullCredit":false},{"lineNumber":313,"author":{"gitId":"-"},"content":"- Single editing: All fields allowed","lastModifiedDate":"2025-10-31T00:27:58","isFullCredit":false},{"lineNumber":314,"author":{"gitId":"-"},"content":"- Batch editing: All fields allowed except Name (prevents creating duplicate company names)","lastModifiedDate":"2025-10-31T00:27:58","isFullCredit":false},{"lineNumber":315,"author":{"gitId":"-"},"content":"","lastModifiedDate":"2025-10-23T16:54:18","isFullCredit":false},{"lineNumber":316,"author":{"gitId":"-"},"content":"\u003cdiv markdown\u003d\"block\" class\u003d\"alert alert-danger\"\u003e","lastModifiedDate":"2025-10-23T16:54:18","isFullCredit":false},{"lineNumber":317,"author":{"gitId":"-"},"content":"**:exclamation: Important - Index Reference:**\u003cbr\u003e","lastModifiedDate":"2025-10-23T16:54:18","isFullCredit":false},{"lineNumber":318,"author":{"gitId":"-"},"content":"Indices refer to the numbers shown in the **current displayed list**. After using `find` or `filter`, indices 1,2,3 refer to the 1st, 2nd, 3rd companies in the filtered results, not the original full list.","lastModifiedDate":"2025-10-31T00:27:58","isFullCredit":false},{"lineNumber":319,"author":{"gitId":"-"},"content":"\u003c/div\u003e","lastModifiedDate":"2025-10-23T16:54:18","isFullCredit":false},{"lineNumber":320,"author":{"gitId":"-"},"content":"","lastModifiedDate":"2025-10-23T16:54:18","isFullCredit":false},{"lineNumber":321,"author":{"gitId":"-"},"content":"**Context Examples:**","lastModifiedDate":"2025-10-31T00:27:58","isFullCredit":false},{"lineNumber":322,"author":{"gitId":"-"},"content":"- `list` → `edit 2` (edits 2nd company from full list)","lastModifiedDate":"2025-10-31T00:27:58","isFullCredit":false},{"lineNumber":323,"author":{"gitId":"-"},"content":"- `find Goog` → `edit 1` (edits 1st company from search results)","lastModifiedDate":"2025-10-31T00:27:58","isFullCredit":false},{"lineNumber":324,"author":{"gitId":"-"},"content":"- `filter applied` → `edit 1-3` (edits 1st company from filtered results)","lastModifiedDate":"2025-10-31T00:27:58","isFullCredit":false},{"lineNumber":325,"author":{"gitId":"-"},"content":"","lastModifiedDate":"2025-10-31T00:27:58","isFullCredit":false},{"lineNumber":326,"author":{"gitId":"-"},"content":"\u003cdiv markdown\u003d\"span\" class\u003d\"alert alert-primary\"\u003e:bulb: **Tip:**","lastModifiedDate":"2025-10-23T16:54:18","isFullCredit":false},{"lineNumber":327,"author":{"gitId":"-"},"content":"Use batch editing after applying: `edit 1-10 s/applied` updates all at once!","lastModifiedDate":"2025-10-31T00:27:58","isFullCredit":false},{"lineNumber":328,"author":{"gitId":"-"},"content":"\u003c/div\u003e","lastModifiedDate":"2025-10-23T16:54:18","isFullCredit":false},{"lineNumber":329,"author":{"gitId":"-"},"content":"","lastModifiedDate":"2025-10-23T16:54:18","isFullCredit":false},{"lineNumber":330,"author":{"gitId":"-"},"content":"[↑ Back to Top](#table-of-contents)","lastModifiedDate":"2025-10-31T00:27:58","isFullCredit":false},{"lineNumber":331,"author":{"gitId":"-"},"content":"","lastModifiedDate":"2025-10-31T00:27:58","isFullCredit":false},{"lineNumber":332,"author":{"gitId":"-"},"content":"---","lastModifiedDate":"2025-10-31T00:27:58","isFullCredit":false},{"lineNumber":333,"author":{"gitId":"-"},"content":"","lastModifiedDate":"2025-10-31T00:27:58","isFullCredit":false},{"lineNumber":334,"author":{"gitId":"-"},"content":"### Deleting a company : `delete`","lastModifiedDate":"2025-10-06T21:47:57","isFullCredit":false},{"lineNumber":335,"author":{"gitId":"-"},"content":"","lastModifiedDate":"2020-05-23T01:10:16","isFullCredit":false},{"lineNumber":336,"author":{"gitId":"-"},"content":"Removes one or more companies from Cerebro permanently.","lastModifiedDate":"2025-10-31T00:27:58","isFullCredit":false},{"lineNumber":337,"author":{"gitId":"-"},"content":"","lastModifiedDate":"2020-05-23T01:10:16","isFullCredit":false},{"lineNumber":338,"author":{"gitId":"-"},"content":"**Format:** `delete \u003cINDEX|START-END\u003e [INDEX]… [START-END]…`","lastModifiedDate":"2025-10-31T03:02:20","isFullCredit":false},{"lineNumber":339,"author":{"gitId":"-"},"content":"","lastModifiedDate":"2020-05-23T01:10:16","isFullCredit":false},{"lineNumber":340,"author":{"gitId":"-"},"content":"**Delete Types:**","lastModifiedDate":"2025-10-31T00:27:58","isFullCredit":false},{"lineNumber":341,"author":{"gitId":"-"},"content":"","lastModifiedDate":"2025-10-31T00:27:58","isFullCredit":false},{"lineNumber":342,"author":{"gitId":"-"},"content":"**Single Delete:** `delete INDEX`","lastModifiedDate":"2025-10-31T00:27:58","isFullCredit":false},{"lineNumber":343,"author":{"gitId":"-"},"content":"```","lastModifiedDate":"2025-10-31T00:27:58","isFullCredit":false},{"lineNumber":344,"author":{"gitId":"-"},"content":"delete 2","lastModifiedDate":"2025-10-31T00:27:58","isFullCredit":false},{"lineNumber":345,"author":{"gitId":"-"},"content":"→ Deleted Company 2: [company details]","lastModifiedDate":"2025-10-31T00:27:58","isFullCredit":false},{"lineNumber":346,"author":{"gitId":"-"},"content":"```","lastModifiedDate":"2025-10-31T00:27:58","isFullCredit":false},{"lineNumber":347,"author":{"gitId":"-"},"content":"","lastModifiedDate":"2025-10-31T00:27:58","isFullCredit":false},{"lineNumber":348,"author":{"gitId":"-"},"content":"**Batch Delete:** Remove multiple companies in one operation","lastModifiedDate":"2025-10-31T00:27:58","isFullCredit":false},{"lineNumber":349,"author":{"gitId":"-"},"content":"","lastModifiedDate":"2020-05-23T01:10:16","isFullCredit":false},{"lineNumber":350,"author":{"gitId":"-"},"content":"| Method | Format | Requirements                | Example | Result |","lastModifiedDate":"2025-10-31T00:27:58","isFullCredit":false},{"lineNumber":351,"author":{"gitId":"-"},"content":"|--------|--------|-----------------------------|---------|--------|","lastModifiedDate":"2025-10-31T00:27:58","isFullCredit":false},{"lineNumber":352,"author":{"gitId":"-"},"content":"| **Comma-separated** | `delete INDEX,INDEX,INDEX` | No spaces between indices   | `delete 1,3,5` | Deleted 3 companies (indices 1, 3, 5) |","lastModifiedDate":"2025-10-31T00:27:58","isFullCredit":false},{"lineNumber":353,"author":{"gitId":"-"},"content":"| **Range** | `delete START-END` | START ≤ END, inclusive | `delete 2-4` | Deleted 3 companies (indices 2, 3, 4) |","lastModifiedDate":"2025-10-31T00:27:58","isFullCredit":false},{"lineNumber":354,"author":{"gitId":"-"},"content":"","lastModifiedDate":"2020-05-23T01:10:16","isFullCredit":false},{"lineNumber":355,"author":{"gitId":"-"},"content":"\u003cdiv markdown\u003d\"span\" class\u003d\"alert alert-primary\"\u003e:bulb: **Tip:**","lastModifiedDate":"2025-10-31T00:27:58","isFullCredit":false},{"lineNumber":356,"author":{"gitId":"-"},"content":"You can combine both methods! Use `delete 1,3,6-8,10` to delete companies 1, 3, 6, 7, 8, and 10 all at once.","lastModifiedDate":"2025-10-31T00:27:58","isFullCredit":false},{"lineNumber":357,"author":{"gitId":"-"},"content":"\u003c/div\u003e","lastModifiedDate":"2025-10-31T00:27:58","isFullCredit":false},{"lineNumber":358,"author":{"gitId":"-"},"content":"","lastModifiedDate":"2020-05-23T01:10:16","isFullCredit":false},{"lineNumber":359,"author":{"gitId":"-"},"content":"**Rules:**","lastModifiedDate":"2025-10-31T00:27:58","isFullCredit":false},{"lineNumber":360,"author":{"gitId":"-"},"content":"- Indices must be positive integers within the current list size (e.g. if 5 companies shown, use indices 1-5 only)","lastModifiedDate":"2025-10-31T00:27:58","isFullCredit":false},{"lineNumber":361,"author":{"gitId":"-"},"content":"- Duplicate indices are not allowed (e.g. `delete 1,1,2` or `delete 1,3,2-4` will throw an error)","lastModifiedDate":"2025-10-31T00:27:58","isFullCredit":false},{"lineNumber":362,"author":{"gitId":"-"},"content":"- Space between indices are not allowed (e.g. `delete 3555`, not `delete 3 555`)","lastModifiedDate":"2025-10-31T00:27:58","isFullCredit":false},{"lineNumber":363,"author":{"gitId":"-"},"content":"","lastModifiedDate":"2025-10-31T00:27:58","isFullCredit":false},{"lineNumber":364,"author":{"gitId":"-"},"content":"","lastModifiedDate":"2025-10-31T00:27:58","isFullCredit":false},{"lineNumber":365,"author":{"gitId":"-"},"content":"\u003cdiv markdown\u003d\"block\" class\u003d\"alert alert-danger\"\u003e","lastModifiedDate":"2025-10-31T00:27:58","isFullCredit":false},{"lineNumber":366,"author":{"gitId":"-"},"content":"**:exclamation: Important - Index Reference:**\u003cbr\u003e","lastModifiedDate":"2025-10-31T00:27:58","isFullCredit":false},{"lineNumber":367,"author":{"gitId":"-"},"content":"Indices refer to the numbers shown in the **current displayed list**. After using `find` or `filter`, indices 1,2,3 refer to the 1st, 2nd, 3rd companies in the filtered results, not the original full list.","lastModifiedDate":"2025-10-31T00:27:58","isFullCredit":false},{"lineNumber":368,"author":{"gitId":"-"},"content":"\u003c/div\u003e","lastModifiedDate":"2025-10-31T03:16:12","isFullCredit":false},{"lineNumber":369,"author":{"gitId":"-"},"content":"","lastModifiedDate":"2020-05-23T01:10:16","isFullCredit":false},{"lineNumber":370,"author":{"gitId":"-"},"content":"**Context Examples:**","lastModifiedDate":"2025-10-31T00:27:58","isFullCredit":false},{"lineNumber":371,"author":{"gitId":"-"},"content":"- `list` → `delete 2` (deletes 2nd company from full list)","lastModifiedDate":"2025-10-31T00:27:58","isFullCredit":false},{"lineNumber":372,"author":{"gitId":"-"},"content":"- `find Goog` → `delete 1` (deletes 1st company from search results)","lastModifiedDate":"2025-10-31T00:27:58","isFullCredit":false},{"lineNumber":373,"author":{"gitId":"-"},"content":"- `filter applied` → `delete 1` (deletes 1st company from filtered results)","lastModifiedDate":"2025-10-31T00:27:58","isFullCredit":false},{"lineNumber":374,"author":{"gitId":"-"},"content":"","lastModifiedDate":"2025-10-31T00:27:58","isFullCredit":false},{"lineNumber":375,"author":{"gitId":"-"},"content":"\u003cdiv markdown\u003d\"span\" class\u003d\"alert alert-danger\"\u003e:exclamation: **Warning:**","lastModifiedDate":"2025-10-31T00:27:58","isFullCredit":false},{"lineNumber":376,"author":{"gitId":"-"},"content":"This action cannot be undone! Company data will be permanently deleted.","lastModifiedDate":"2025-10-30T03:14:26","isFullCredit":false},{"lineNumber":377,"author":{"gitId":"-"},"content":"\u003c/div\u003e","lastModifiedDate":"2025-10-30T03:14:26","isFullCredit":false},{"lineNumber":378,"author":{"gitId":"-"},"content":"","lastModifiedDate":"2025-10-30T03:14:26","isFullCredit":false},{"lineNumber":379,"author":{"gitId":"-"},"content":"[↑ Back to Top](#table-of-contents)","lastModifiedDate":"2025-10-31T00:27:58","isFullCredit":false},{"lineNumber":380,"author":{"gitId":"-"},"content":"","lastModifiedDate":"2025-10-23T16:54:18","isFullCredit":false},{"lineNumber":381,"author":{"gitId":"-"},"content":"---","lastModifiedDate":"2025-10-31T00:27:58","isFullCredit":false},{"lineNumber":382,"author":{"gitId":"-"},"content":"","lastModifiedDate":"2020-05-23T01:10:16","isFullCredit":false},{"lineNumber":383,"author":{"gitId":"-"},"content":"### Clearing all entries : `clear`","lastModifiedDate":"2020-05-23T01:10:16","isFullCredit":false},{"lineNumber":384,"author":{"gitId":"-"},"content":"","lastModifiedDate":"2020-05-23T01:10:16","isFullCredit":false},{"lineNumber":385,"author":{"gitId":"-"},"content":"Clears all companies from Cerebro.","lastModifiedDate":"2025-10-16T21:41:28","isFullCredit":false},{"lineNumber":386,"author":{"gitId":"-"},"content":"","lastModifiedDate":"2020-05-23T01:10:16","isFullCredit":false},{"lineNumber":387,"author":{"gitId":"-"},"content":"Format: `clear`","lastModifiedDate":"2020-05-23T01:10:16","isFullCredit":false},{"lineNumber":388,"author":{"gitId":"-"},"content":"","lastModifiedDate":"2020-05-23T01:10:16","isFullCredit":false},{"lineNumber":389,"author":{"gitId":"-"},"content":"\u003cdiv markdown\u003d\"span\" class\u003d\"alert alert-danger\"\u003e:exclamation: **Warning:**","lastModifiedDate":"2025-10-31T00:27:58","isFullCredit":false},{"lineNumber":390,"author":{"gitId":"-"},"content":"This action cannot be undone! All company data will be permanently deleted.","lastModifiedDate":"2025-10-16T21:41:28","isFullCredit":false},{"lineNumber":391,"author":{"gitId":"-"},"content":"\u003c/div\u003e","lastModifiedDate":"2025-10-16T21:41:28","isFullCredit":false},{"lineNumber":392,"author":{"gitId":"-"},"content":"","lastModifiedDate":"2025-10-16T21:41:28","isFullCredit":false},{"lineNumber":393,"author":{"gitId":"-"},"content":"[↑ Back to Top](#table-of-contents)","lastModifiedDate":"2025-10-31T00:27:58","isFullCredit":false},{"lineNumber":394,"author":{"gitId":"-"},"content":"","lastModifiedDate":"2025-10-31T00:27:58","isFullCredit":false},{"lineNumber":395,"author":{"gitId":"-"},"content":"---","lastModifiedDate":"2025-10-31T00:27:58","isFullCredit":false},{"lineNumber":396,"author":{"gitId":"-"},"content":"","lastModifiedDate":"2025-10-31T00:27:58","isFullCredit":false},{"lineNumber":397,"author":{"gitId":"-"},"content":"### Exiting the program : `exit`","lastModifiedDate":"2020-05-23T01:10:16","isFullCredit":false},{"lineNumber":398,"author":{"gitId":"-"},"content":"","lastModifiedDate":"2020-05-23T01:10:16","isFullCredit":false},{"lineNumber":399,"author":{"gitId":"-"},"content":"Exits the program.","lastModifiedDate":"2020-05-23T01:10:16","isFullCredit":false},{"lineNumber":400,"author":{"gitId":"-"},"content":"","lastModifiedDate":"2020-05-23T01:10:16","isFullCredit":false},{"lineNumber":401,"author":{"gitId":"-"},"content":"Format: `exit`","lastModifiedDate":"2020-05-23T01:10:16","isFullCredit":false},{"lineNumber":402,"author":{"gitId":"-"},"content":"","lastModifiedDate":"2020-05-23T01:10:16","isFullCredit":false},{"lineNumber":403,"author":{"gitId":"-"},"content":"[↑ Back to Top](#table-of-contents)","lastModifiedDate":"2025-10-31T00:27:58","isFullCredit":false},{"lineNumber":404,"author":{"gitId":"-"},"content":"","lastModifiedDate":"2025-10-31T00:27:58","isFullCredit":false},{"lineNumber":405,"author":{"gitId":"-"},"content":"### Saving the data","lastModifiedDate":"2020-05-23T01:10:16","isFullCredit":false},{"lineNumber":406,"author":{"gitId":"-"},"content":"","lastModifiedDate":"2020-05-23T01:10:16","isFullCredit":false},{"lineNumber":407,"author":{"gitId":"-"},"content":"Cerebro data is saved in the hard disk automatically after any command that changes the data. There is no need to save manually.","lastModifiedDate":"2025-10-16T21:41:28","isFullCredit":false},{"lineNumber":408,"author":{"gitId":"-"},"content":"","lastModifiedDate":"2020-05-23T01:10:16","isFullCredit":false},{"lineNumber":409,"author":{"gitId":"-"},"content":"### Editing the data file","lastModifiedDate":"2021-02-04T00:18:23","isFullCredit":false},{"lineNumber":410,"author":{"gitId":"-"},"content":"","lastModifiedDate":"2021-02-04T00:18:23","isFullCredit":false},{"lineNumber":411,"author":{"gitId":"-"},"content":"Cerebro data is saved automatically as a JSON file `[JAR file location]/data/Cerebro.json`. Advanced users are welcome to update data directly by editing that data file.","lastModifiedDate":"2025-10-30T23:53:10","isFullCredit":false},{"lineNumber":412,"author":{"gitId":"-"},"content":"","lastModifiedDate":"2021-02-04T00:18:23","isFullCredit":false},{"lineNumber":413,"author":{"gitId":"-"},"content":"\u003cdiv markdown\u003d\"span\" class\u003d\"alert alert-warning\"\u003e⚠️ **Caution:**","lastModifiedDate":"2025-10-31T00:27:58","isFullCredit":false},{"lineNumber":414,"author":{"gitId":"-"},"content":"If your changes to the data file make its format invalid, **Cerebro will discard all data and start with an empty data file at the next run. Hence, it is recommended to take a backup of the file before editing it.**","lastModifiedDate":"2025-10-30T12:30:52","isFullCredit":false},{"lineNumber":415,"author":{"gitId":"-"},"content":"\u003cbr\u003eFurthermore, certain edits can cause Cerebro to behave in unexpected ways (e.g. if a value entered is outside of the acceptable range). Therefore, edit the data file only if you are confident that you can update it correctly.","lastModifiedDate":"2025-10-31T00:27:58","isFullCredit":false},{"lineNumber":416,"author":{"gitId":"-"},"content":"\u003c/div\u003e","lastModifiedDate":"2021-02-04T00:18:23","isFullCredit":false},{"lineNumber":417,"author":{"gitId":"-"},"content":"","lastModifiedDate":"2021-02-04T00:18:23","isFullCredit":false},{"lineNumber":418,"author":{"gitId":"-"},"content":"### Upcoming Features","lastModifiedDate":"2025-10-29T15:28:03","isFullCredit":false},{"lineNumber":419,"author":{"gitId":"-"},"content":"- Archiving \u0026 backing up data files","lastModifiedDate":"2025-10-29T15:28:03","isFullCredit":false},{"lineNumber":420,"author":{"gitId":"-"},"content":"- Undo changes: Quickly revert mistaken edits or deletions","lastModifiedDate":"2025-10-31T00:27:58","isFullCredit":false},{"lineNumber":421,"author":{"gitId":"-"},"content":"- Reminders: Stay on top of application deadlines","lastModifiedDate":"2025-10-31T00:27:58","isFullCredit":false},{"lineNumber":422,"author":{"gitId":"-"},"content":"","lastModifiedDate":"2020-05-23T01:10:16","isFullCredit":false},{"lineNumber":423,"author":{"gitId":"-"},"content":"---","lastModifiedDate":"2025-10-23T16:54:18","isFullCredit":false},{"lineNumber":424,"author":{"gitId":"-"},"content":"","lastModifiedDate":"2020-05-23T01:10:16","isFullCredit":false},{"lineNumber":425,"author":{"gitId":"-"},"content":"## FAQ","lastModifiedDate":"2020-05-23T01:10:16","isFullCredit":false},{"lineNumber":426,"author":{"gitId":"-"},"content":"","lastModifiedDate":"2020-05-23T01:10:16","isFullCredit":false},{"lineNumber":427,"author":{"gitId":"-"},"content":"Common questions and troubleshooting for using Cerebro.","lastModifiedDate":"2025-10-31T00:27:58","isFullCredit":false},{"lineNumber":428,"author":{"gitId":"-"},"content":"","lastModifiedDate":"2025-10-31T00:27:58","isFullCredit":false},{"lineNumber":429,"author":{"gitId":"-"},"content":"**Q: What happens if I add a company with the same name?**","lastModifiedDate":"2025-10-30T12:30:52","isFullCredit":false},{"lineNumber":430,"author":{"gitId":"-"},"content":"**A**: Company names must be unique (case-insensitive). Cerebro rejects duplicates and shows an error message.","lastModifiedDate":"2025-10-23T16:54:18","isFullCredit":false},{"lineNumber":431,"author":{"gitId":"-"},"content":"","lastModifiedDate":"2025-10-16T21:41:28","isFullCredit":false},{"lineNumber":432,"author":{"gitId":"-"},"content":"**Q: How do I track multiple roles at the same company?**","lastModifiedDate":"2025-10-30T12:30:52","isFullCredit":false},{"lineNumber":433,"author":{"gitId":"-"},"content":"**A**: Use tags to differentiate positions (`add t/Google SWE` vs `add t/Google PM`) or/and add respective role details in remarks.","lastModifiedDate":"2025-10-31T00:27:58","isFullCredit":false},{"lineNumber":434,"author":{"gitId":"-"},"content":"","lastModifiedDate":"2025-10-16T21:41:28","isFullCredit":false},{"lineNumber":435,"author":{"gitId":"-"},"content":"**Q: Can I undo a delete or clear operation?**","lastModifiedDate":"2025-10-30T12:30:52","isFullCredit":false},{"lineNumber":436,"author":{"gitId":"-"},"content":"**A**: No, deletions are permanent and cannot be undone within the app. To recover deleted data:","lastModifiedDate":"2025-10-31T00:27:58","isFullCredit":false},{"lineNumber":437,"author":{"gitId":"-"},"content":"1. Close Cerebro","lastModifiedDate":"2025-10-31T00:27:58","isFullCredit":false},{"lineNumber":438,"author":{"gitId":"-"},"content":"2. Navigate to `[JAR location]/data/` folder","lastModifiedDate":"2025-10-31T00:27:58","isFullCredit":false},{"lineNumber":439,"author":{"gitId":"-"},"content":"3. Replace `Cerebro.json` with your backup file","lastModifiedDate":"2025-10-31T09:40:27","isFullCredit":false},{"lineNumber":440,"author":{"gitId":"-"},"content":"4. Restart Cerebro","lastModifiedDate":"2025-10-31T00:27:58","isFullCredit":false},{"lineNumber":441,"author":{"gitId":"-"},"content":"","lastModifiedDate":"2025-10-31T00:27:58","isFullCredit":false},{"lineNumber":442,"author":{"gitId":"-"},"content":"**Prevention tip:** Regularly backup your `Cerebro.json` file before making major changes.","lastModifiedDate":"2025-10-31T09:40:27","isFullCredit":false},{"lineNumber":443,"author":{"gitId":"-"},"content":"","lastModifiedDate":"2025-10-16T21:41:28","isFullCredit":false},{"lineNumber":444,"author":{"gitId":"-"},"content":"**Q: How do I transfer my data to another computer?**  ","lastModifiedDate":"2025-10-30T12:30:52","isFullCredit":false},{"lineNumber":445,"author":{"gitId":"-"},"content":"**A**: Install Cerebro on the new computer, then overwrite the empty data file with your existing `[JAR location]/data/Cerebro.json`.","lastModifiedDate":"2025-10-30T23:53:10","isFullCredit":false},{"lineNumber":446,"author":{"gitId":"-"},"content":"","lastModifiedDate":"2025-10-16T21:41:28","isFullCredit":false},{"lineNumber":447,"author":{"gitId":"-"},"content":"**Q: Can I edit the JSON file directly?**  ","lastModifiedDate":"2025-10-30T12:30:52","isFullCredit":false},{"lineNumber":448,"author":{"gitId":"-"},"content":"**A**: Yes, advanced users can edit `Cerebro.json` directly. **Always backup first** - invalid format will cause Cerebro to discard all data.","lastModifiedDate":"2025-10-30T23:53:10","isFullCredit":false},{"lineNumber":449,"author":{"gitId":"-"},"content":"","lastModifiedDate":"2025-10-16T21:41:28","isFullCredit":false},{"lineNumber":450,"author":{"gitId":"-"},"content":"**Q: How do I regenerate the dummy data?**","lastModifiedDate":"2025-10-30T12:30:52","isFullCredit":false},{"lineNumber":451,"author":{"gitId":"-"},"content":"**A**: Delete the `/data` folder, then run the app again. **Make sure to backup any important information first!**","lastModifiedDate":"2025-10-30T03:17:01","isFullCredit":false},{"lineNumber":452,"author":{"gitId":"-"},"content":"","lastModifiedDate":"2020-05-23T01:10:16","isFullCredit":false},{"lineNumber":453,"author":{"gitId":"-"},"content":"--------------------------------------------------------------------------------------------------------------------","lastModifiedDate":"2023-09-08T13:05:01","isFullCredit":false},{"lineNumber":454,"author":{"gitId":"-"},"content":"","lastModifiedDate":"2020-05-23T01:10:16","isFullCredit":false},{"lineNumber":455,"author":{"gitId":"-"},"content":"## Command Summary","lastModifiedDate":"2025-10-31T00:27:58","isFullCredit":false},{"lineNumber":456,"author":{"gitId":"-"},"content":"","lastModifiedDate":"2025-10-31T00:27:58","isFullCredit":false},{"lineNumber":457,"author":{"gitId":"-"},"content":"Quick reference table for all Cerebro commands.","lastModifiedDate":"2025-10-31T00:27:58","isFullCredit":false},{"lineNumber":458,"author":{"gitId":"-"},"content":"","lastModifiedDate":"2020-05-23T01:10:16","isFullCredit":false},{"lineNumber":459,"author":{"gitId":"-"},"content":"### Viewing Commands","lastModifiedDate":"2025-10-30T02:40:29","isFullCredit":false},{"lineNumber":460,"author":{"gitId":"-"},"content":"","lastModifiedDate":"2025-10-30T02:40:29","isFullCredit":false},{"lineNumber":461,"author":{"gitId":"-"},"content":"Action | Format | Examples","lastModifiedDate":"2025-10-16T21:41:28","isFullCredit":false},{"lineNumber":462,"author":{"gitId":"-"},"content":"--------|--------|----------","lastModifiedDate":"2025-10-16T21:41:28","isFullCredit":false},{"lineNumber":463,"author":{"gitId":"-"},"content":"**[List](#listing-all-companies--list)** | `list` | `list`","lastModifiedDate":"2025-10-30T02:54:14","isFullCredit":false},{"lineNumber":464,"author":{"gitId":"-"},"content":"**[Filter](#filtering-companies-by-status-andor-tag-filter)** | `filter \u003cs/STATUS|t/TAG\u003e [t/TAG]…` | `filter s/in-process`,\u003cbr\u003e`filter t/remote-friendly t/good-pay`,\u003cbr\u003e`filter s/applied t/tech`","lastModifiedDate":"2025-10-31T03:16:12","isFullCredit":false},{"lineNumber":465,"author":{"gitId":"-"},"content":"**[Find](#locating-companies-by-name-find)** | `find SUBSTRING [SUBSTRING]…` | `find Google Meta`","lastModifiedDate":"2025-10-31T03:02:20","isFullCredit":false},{"lineNumber":466,"author":{"gitId":"-"},"content":"","lastModifiedDate":"2025-10-30T02:40:29","isFullCredit":false},{"lineNumber":467,"author":{"gitId":"-"},"content":"### Action Commands","lastModifiedDate":"2025-10-30T02:40:29","isFullCredit":false},{"lineNumber":468,"author":{"gitId":"-"},"content":"","lastModifiedDate":"2025-10-30T02:40:29","isFullCredit":false},{"lineNumber":469,"author":{"gitId":"-"},"content":"Action | Format | Examples","lastModifiedDate":"2025-10-30T02:40:29","isFullCredit":false},{"lineNumber":470,"author":{"gitId":"-"},"content":"--------|--------|----------","lastModifiedDate":"2025-10-30T02:40:29","isFullCredit":false},{"lineNumber":471,"author":{"gitId":"-"},"content":"**[Add](#adding-a-company-add)** | `add n/NAME [p/PHONE] [e/EMAIL] [a/ADDRESS] [r/REMARK] [s/STATUS] [t/TAG]…​` | `add n/Google Inc`,\u003cbr\u003e`add n/Meta p/65432100 e/careers@meta.com`,\u003cbr\u003e`add n/Apple r/Great benefits s/applied`","lastModifiedDate":"2025-10-31T02:58:33","isFullCredit":false},{"lineNumber":472,"author":{"gitId":"-"},"content":"**[Edit](#editing-a-company--edit)** | `edit \u003cINDEX|START-END\u003e [INDEX]… [START-END]… [n/NAME] [p/PHONE] [e/EMAIL] [a/ADDRESS] [r/REMARK] [s/STATUS] [t/TAG]…​` | `edit 1 p/91234567 e/googlehr@gmail.com s/applied`, `edit 1,2,4-8 p/91234567 e/googlehr@gmail.com a/70 Pasir Panjang Rd, #03-71 Mapletree Business City II, Singapore 117371 s/applied t/FAANG`","lastModifiedDate":"2025-10-31T03:02:20","isFullCredit":false},{"lineNumber":473,"author":{"gitId":"-"},"content":"**[Delete](#deleting-a-company--delete)** | `delete  \u003cINDEX|START-END\u003e [INDEX]… [START-END]…` | `delete 3`, `delete 1,3,5-8`","lastModifiedDate":"2025-10-31T09:37:42","isFullCredit":false},{"lineNumber":474,"author":{"gitId":"-"},"content":"**[Clear](#clearing-all-entries--clear)** | `clear` | `clear`","lastModifiedDate":"2025-10-30T02:54:14","isFullCredit":false},{"lineNumber":475,"author":{"gitId":"-"},"content":"","lastModifiedDate":"2025-10-30T02:40:29","isFullCredit":false},{"lineNumber":476,"author":{"gitId":"-"},"content":"### Other Commands","lastModifiedDate":"2025-10-30T02:40:29","isFullCredit":false},{"lineNumber":477,"author":{"gitId":"-"},"content":"","lastModifiedDate":"2025-10-30T02:40:29","isFullCredit":false},{"lineNumber":478,"author":{"gitId":"-"},"content":"Action | Format | Examples","lastModifiedDate":"2025-10-30T02:40:29","isFullCredit":false},{"lineNumber":479,"author":{"gitId":"-"},"content":"--------|--------|----------","lastModifiedDate":"2025-10-30T02:40:29","isFullCredit":false},{"lineNumber":480,"author":{"gitId":"-"},"content":"**[Help](#viewing-help--help)** | `help` | `help`","lastModifiedDate":"2025-10-30T02:54:14","isFullCredit":false},{"lineNumber":481,"author":{"gitId":"-"},"content":"","lastModifiedDate":"2025-10-31T01:04:59","isFullCredit":false},{"lineNumber":482,"author":{"gitId":"-"},"content":"**[Metrics](#viewing-companies-metrics-metrics)** | `metrics` | `metrics`","lastModifiedDate":"2025-10-30T03:38:02","isFullCredit":false},{"lineNumber":483,"author":{"gitId":"-"},"content":"**[Exit](#exiting-the-program--exit)** | `exit` | `exit`","lastModifiedDate":"2025-10-30T02:54:14","isFullCredit":false}],"authorContributionMap":{"aufasodik":3,"-":480}}]
