{"authorDailyContributionsMap":{"soakedumplings":[{"date":"2025-11-01T00:00:00","commitResults":[{"hash":"d5003340bc0ff0599d125cdfd5e67b2037a8edc6","isMergeCommit":true,"messageTitle":"Merge pull request #338 from aufasodik/branch-Remove-Fullstops","messageBody":"Remove Fullstops From Bullet Points","fileTypesAndContributionMap":{}}]}],"kzfsg":[],"aufasodik":[{"date":"2025-11-01T00:00:00","commitResults":[{"hash":"06aa1cbf0c7123992404f63aa64b4859c28c398d","isMergeCommit":false,"messageTitle":"Remove fullstops from bullet points","messageBody":"","fileTypesAndContributionMap":{"docs":{"insertions":3,"deletions":3}}}]}],"nathantew14":[],"jeffreylim24":[]},"authorFileTypeContributionMap":{"soakedumplings":{"docs":0,"functional-code":0,"test-code":0},"kzfsg":{"docs":0,"functional-code":0,"test-code":0},"aufasodik":{"docs":3,"functional-code":0,"test-code":0},"nathantew14":{"docs":0,"functional-code":0,"test-code":0},"jeffreylim24":{"docs":0,"functional-code":0,"test-code":0}},"authorContributionVariance":{"soakedumplings":0.0,"kzfsg":0.0,"aufasodik":36.0,"nathantew14":0.0,"jeffreylim24":0.0},"authorDisplayNameMap":{"soakedumplings":"CS2103T-F08a-1 BRID..NING","kzfsg":"CS2103T-F08a-1 KWOK..FENG","aufasodik":"CS2103T-F08a-1 AUFA..AHIM","nathantew14":"CS2103T-F08a-1 TEW ..THAN","jeffreylim24":"CS2103T-F08a-1 JEFF..HEIN"}}
