{"authorDailyContributionsMap":{"soakedumplings":[],"kzfsg":[],"aufasodik":[],"nathantew14":[],"jeffreylim24":[]},"authorFileTypeContributionMap":{"soakedumplings":{"docs":0,"functional-code":0,"test-code":0},"kzfsg":{"docs":0,"functional-code":0,"test-code":0},"aufasodik":{"docs":0,"functional-code":0,"test-code":0},"nathantew14":{"docs":0,"functional-code":0,"test-code":0},"jeffreylim24":{"docs":0,"functional-code":0,"test-code":0}},"authorContributionVariance":{"soakedumplings":0.0,"kzfsg":0.0,"aufasodik":0.0,"nathantew14":0.0,"jeffreylim24":0.0},"authorDisplayNameMap":{"soakedumplings":"CS2103T-F08a-1 BRID..NING","kzfsg":"CS2103T-F08a-1 KWOK..FENG","aufasodik":"CS2103T-F08a-1 AUFA..AHIM","nathantew14":"CS2103T-F08a-1 TEW ..THAN","jeffreylim24":"CS2103T-F08a-1 JEFF..HEIN"}}
