{"authorDailyContributionsMap":{"gaozilin2005":[],"keezhenxian":[],"Chellu19":[],"tkaixinn":[],"nghnaomi":[]},"authorFileTypeContributionMap":{"gaozilin2005":{"docs":0,"functional-code":0,"test-code":0},"keezhenxian":{"docs":0,"functional-code":0,"test-code":0},"Chellu19":{"docs":0,"functional-code":0,"test-code":0},"tkaixinn":{"docs":0,"functional-code":0,"test-code":0},"nghnaomi":{"docs":0,"functional-code":0,"test-code":0}},"authorContributionVariance":{"gaozilin2005":0.0,"keezhenxian":0.0,"Chellu19":0.0,"tkaixinn":0.0,"nghnaomi":0.0},"authorDisplayNameMap":{"gaozilin2005":"CS2103T-F14b-4 GAO ..ILIN","keezhenxian":"CS2103T-F14b-4 KEE ..XIAN","Chellu19":"CS2103T-F14b-4 CHEL..MIAH","tkaixinn":"CS2103T-F14b-4 TEO .. XIN","nghnaomi":"CS2103T-F14b-4 NAOM.. HUI"}}
