{"authorDailyContributionsMap":{"gaozilin2005":[{"date":"2025-11-01T00:00:00","commitResults":[{"hash":"290e427d1ff6f3996c8486dfde9b36c58691b4b3","isMergeCommit":false,"messageTitle":"Sort on archivelist","messageBody":"","fileTypesAndContributionMap":{"functional-code":{"insertions":3,"deletions":1}}}]}],"keezhenxian":[{"date":"2025-11-01T00:00:00","commitResults":[{"hash":"def0004c7dccee43268a807af2e3f06451d3724b","isMergeCommit":false,"messageTitle":"Add note to edit command success message","messageBody":"","fileTypesAndContributionMap":{"functional-code":{"insertions":4,"deletions":0}}},{"hash":"5a20e7bb4ff12956038834855823b5e4504c2c90","isMergeCommit":false,"messageTitle":"Fix help window","messageBody":"","fileTypesAndContributionMap":{"functional-code":{"insertions":53,"deletions":0}}},{"hash":"b606351ee16ff27f5f214f83e69c874d244ea37a","isMergeCommit":false,"messageTitle":"Fix help window","messageBody":"","fileTypesAndContributionMap":{"functional-code":{"insertions":3,"deletions":304}}}]}],"Chellu19":[{"date":"2025-11-01T00:00:00","commitResults":[{"hash":"90e54c8c36d0d59f5d0b84bac20c654706762730","isMergeCommit":false,"messageTitle":"Validate Offsets with updated message for error","messageBody":"","fileTypesAndContributionMap":{"functional-code":{"insertions":12,"deletions":4}}},{"hash":"a0cfd5c5b633ac5e0a7af48a34c020e42a36f1e5","isMergeCommit":false,"messageTitle":"Checkstyle","messageBody":"","fileTypesAndContributionMap":{"functional-code":{"insertions":2,"deletions":4}}},{"hash":"059162f40f041d611f6bc39c03e55c78032e18a6","isMergeCommit":false,"messageTitle":"Checkstyle","messageBody":"","fileTypesAndContributionMap":{"functional-code":{"insertions":3,"deletions":3},"test-code":{"insertions":13,"deletions":13}}}]}],"tkaixinn":[{"date":"2025-11-01T00:00:00","commitResults":[{"hash":"9290cb7f4f05eb4f2dce49c1729e3baf5d4ad8db","isMergeCommit":false,"messageTitle":"Fix contact invalid","messageBody":"","fileTypesAndContributionMap":{"functional-code":{"insertions":6,"deletions":2}}},{"hash":"b61f3b2751e7b921c8388403be75431237dd36ca","isMergeCommit":false,"messageTitle":"Fix reboot issues","messageBody":"","fileTypesAndContributionMap":{"functional-code":{"insertions":8,"deletions":6}}},{"hash":"9ad1ee5d1d11d752df792981b98effa84a5de624","isMergeCommit":true,"messageTitle":"Merge pull request #351 from nghnaomi/archive-label","messageBody":"Fix archive label and country name","fileTypesAndContributionMap":{}},{"hash":"a696fd9d01346a2799188e7f97109decbf7aa6ae","isMergeCommit":true,"messageTitle":"Merge pull request #352 from Chellu19/Validate-Offsets","messageBody":"Validate Offsets with updated message for error","fileTypesAndContributionMap":{}},{"hash":"75022f0e3b852aa61512d60c25af33eca1deaac5","isMergeCommit":true,"messageTitle":"Merge pull request #356 from keezhenxian/fix_help_window","messageBody":"Fix help window","fileTypesAndContributionMap":{}},{"hash":"55b8b681c4406c1dbb16404ee18bb1098730feb2","isMergeCommit":true,"messageTitle":"Merge pull request #357 from nghnaomi/archive-label","messageBody":"UG fixes part one","fileTypesAndContributionMap":{}}]}],"nghnaomi":[{"date":"2025-11-01T00:00:00","commitResults":[{"hash":"bcccc72507cbcf378ac1ca7d8df80797a1bfb95c","isMergeCommit":false,"messageTitle":"Fix archive label and country name","messageBody":"","fileTypesAndContributionMap":{"functional-code":{"insertions":13,"deletions":0}}},{"hash":"f087593448d719cb442d2d13b57ab9a72c4e106e","isMergeCommit":true,"messageTitle":"Merge pull request #350 from gaozilin2005/archivelist","messageBody":"Sort on archivelist","fileTypesAndContributionMap":{}},{"hash":"562993ea19f23f580c18505c1103d98b150ceed1","isMergeCommit":true,"messageTitle":"Merge branch \u0027master\u0027 of https://github.com/nghnaomi/tp into archive-label","messageBody":"","fileTypesAndContributionMap":{}},{"hash":"320c5f7db8b72426a7cd15b7b6bb86700fd66959","isMergeCommit":false,"messageTitle":"Fix edit in archive list","messageBody":"","fileTypesAndContributionMap":{"functional-code":{"insertions":18,"deletions":2}}},{"hash":"c0f4955304de3c6caccd2463c9b8c43206d69560","isMergeCommit":false,"messageTitle":"Fix checkstyle","messageBody":"","fileTypesAndContributionMap":{"functional-code":{"insertions":0,"deletions":1},"test-code":{"insertions":5,"deletions":21}}},{"hash":"5aa2d72e7b6cecc7f93a45871d3a8935b3bb1053","isMergeCommit":true,"messageTitle":"Merge pull request #355 from keezhenxian/edit_output_message","messageBody":"Add note to edit command success message","fileTypesAndContributionMap":{}},{"hash":"e373e6e6c2f4db57237b264af0658379df0a3508","isMergeCommit":true,"messageTitle":"Merge pull request #354 from tkaixinn/reboot-issues","messageBody":"Fix reboot issues","fileTypesAndContributionMap":{}},{"hash":"60e21a2c92bd348d25c57457619298562ab72d18","isMergeCommit":true,"messageTitle":"Merge pull request #353 from tkaixinn/fixbugchanges","messageBody":"Fix contact invalid","fileTypesAndContributionMap":{}},{"hash":"fa04a8e6619d87a1a840e7e56faea815237189b3","isMergeCommit":false,"messageTitle":"UG update v1","messageBody":"","fileTypesAndContributionMap":{"docs":{"insertions":19,"deletions":25}}},{"hash":"ddf3c63085b2773bfe3e783ed25e6cbc98b9c333","isMergeCommit":false,"messageTitle":"Fix numbering","messageBody":"","fileTypesAndContributionMap":{"docs":{"insertions":0,"deletions":16}}}]}]},"authorFileTypeContributionMap":{"gaozilin2005":{"docs":0,"functional-code":3,"test-code":0},"keezhenxian":{"docs":0,"functional-code":60,"test-code":0},"Chellu19":{"docs":0,"functional-code":11,"test-code":13},"tkaixinn":{"docs":0,"functional-code":11,"test-code":0},"nghnaomi":{"docs":19,"functional-code":30,"test-code":5}},"authorContributionVariance":{"gaozilin2005":16.0,"keezhenxian":132496.0,"Chellu19":2916.0,"tkaixinn":484.0,"nghnaomi":14400.0},"authorDisplayNameMap":{"gaozilin2005":"CS2103T-F14b-4 GAO ..ILIN","keezhenxian":"CS2103T-F14b-4 KEE ..XIAN","Chellu19":"CS2103T-F14b-4 CHEL..MIAH","tkaixinn":"CS2103T-F14b-4 TEO .. XIN","nghnaomi":"CS2103T-F14b-4 NAOM.. HUI"}}
