{"authorDailyContributionsMap":{"wongyuzhen":[],"CATISNOTSODIUM":[],"Dumboiroy":[],"forestmu":[],"oilyfishball":[]},"authorFileTypeContributionMap":{"wongyuzhen":{"docs":0,"functional-code":0,"test-code":0},"CATISNOTSODIUM":{"docs":0,"functional-code":0,"test-code":0},"Dumboiroy":{"docs":0,"functional-code":0,"test-code":0},"forestmu":{"docs":0,"functional-code":0,"test-code":0},"oilyfishball":{"docs":0,"functional-code":0,"test-code":0}},"authorContributionVariance":{"wongyuzhen":0.0,"CATISNOTSODIUM":0.0,"Dumboiroy":0.0,"forestmu":0.0,"oilyfishball":0.0},"authorDisplayNameMap":{"wongyuzhen":"CS2103T-T09-1 WONG..ZHEN","CATISNOTSODIUM":"CS2103T-T09-1 KOSO..IWAT","Dumboiroy":"CS2103T-T09-1 ALRO..YANG","forestmu":"CS2103T-T09-1 LIM .. LIN","oilyfishball":"CS2103T-T09-1 LEE .. RUI"}}
