{"authorDailyContributionsMap":{"qiiiixuan":[],"isyraqyusof":[],"julius-gwee":[],"dominicddl":[],"allanrobert0203":[]},"authorFileTypeContributionMap":{"qiiiixuan":{"docs":0,"functional-code":0,"test-code":0},"isyraqyusof":{"docs":0,"functional-code":0,"test-code":0},"julius-gwee":{"docs":0,"functional-code":0,"test-code":0},"dominicddl":{"docs":0,"functional-code":0,"test-code":0},"allanrobert0203":{"docs":0,"functional-code":0,"test-code":0}},"authorContributionVariance":{"qiiiixuan":0.0,"isyraqyusof":0.0,"julius-gwee":0.0,"dominicddl":0.0,"allanrobert0203":0.0},"authorDisplayNameMap":{"qiiiixuan":"CS2103T-F14a-2 ZHU ..XUAN","isyraqyusof":"CS2103T-F14a-2 MOHA..USOF","julius-gwee":"CS2103T-F14a-2 JULI.. HAN","dominicddl":"CS2103T-F14a-2 CABA.. LOR","allanrobert0203":"CS2103T-F14a-2 JOHN..BERT"}}
