{"authorDailyContributionsMap":{"xinyi-lim-19":[],"xavychin":[],"siderealmaple":[],"JordanLow":[]},"authorFileTypeContributionMap":{"xinyi-lim-19":{"docs":0,"functional-code":0,"test-code":0},"xavychin":{"docs":0,"functional-code":0,"test-code":0},"siderealmaple":{"docs":0,"functional-code":0,"test-code":0},"JordanLow":{"docs":0,"functional-code":0,"test-code":0}},"authorContributionVariance":{"xinyi-lim-19":0.0,"xavychin":0.0,"siderealmaple":0.0,"JordanLow":0.0},"authorDisplayNameMap":{"xinyi-lim-19":"CS2103T-T08-3 LIM ..N YI","xavychin":"CS2103T-T08-3 XAVI.. WEI","siderealmaple":"CS2103T-T08-3 QUEK.. WEI","JordanLow":"CS2103T-T08-3 JORD..N YI"}}
