[{"path":"docs/UserGuide.md","fileType":"docs","lines":[{"lineNumber":1,"author":{"gitId":"-"},"content":"---","lastModifiedDate":"2020-05-23T01:10:16","isFullCredit":false},{"lineNumber":2,"author":{"gitId":"-"},"content":"layout: default.md","lastModifiedDate":"2023-09-12T01:20:47","isFullCredit":false},{"lineNumber":3,"author":{"gitId":"-"},"content":"title: \"User Guide\"","lastModifiedDate":"2023-09-12T01:20:47","isFullCredit":false},{"lineNumber":4,"author":{"gitId":"-"},"content":"pageNav: 3","lastModifiedDate":"2023-09-12T01:20:47","isFullCredit":false},{"lineNumber":5,"author":{"gitId":"-"},"content":"---","lastModifiedDate":"2020-05-23T01:10:16","isFullCredit":false},{"lineNumber":6,"author":{"gitId":"-"},"content":"","lastModifiedDate":"2020-05-23T01:10:16","isFullCredit":false},{"lineNumber":7,"author":{"gitId":"-"},"content":"# BloodNet User Guide","lastModifiedDate":"2025-10-02T09:56:31","isFullCredit":false},{"lineNumber":8,"author":{"gitId":"-"},"content":"","lastModifiedDate":"2020-05-23T01:10:16","isFullCredit":false},{"lineNumber":9,"author":{"gitId":"Eugene-Lek"},"content":"BloodNet is a **desktop app for tracking blood donors and their donations**. It helps data entry staff:","lastModifiedDate":"2025-10-31T21:30:17","isFullCredit":false},{"lineNumber":10,"author":{"gitId":"Eugene-Lek"},"content":"","lastModifiedDate":"2025-10-31T10:56:24","isFullCredit":false},{"lineNumber":11,"author":{"gitId":"Eugene-Lek"},"content":"1. Quickly search for the contact information of any donor","lastModifiedDate":"2025-10-31T21:30:17","isFullCredit":false},{"lineNumber":12,"author":{"gitId":"Eugene-Lek"},"content":"2. Easily view all donation records of any donor","lastModifiedDate":"2025-10-31T21:30:17","isFullCredit":false},{"lineNumber":13,"author":{"gitId":"Eugene-Lek"},"content":"3. Instantly collate a list of eligible donors of any specified blood group","lastModifiedDate":"2025-10-31T21:30:17","isFullCredit":false},{"lineNumber":14,"author":{"gitId":"Eugene-Lek"},"content":"","lastModifiedDate":"2025-10-31T10:56:24","isFullCredit":false},{"lineNumber":15,"author":{"gitId":"Eugene-Lek"},"content":"It is a standalone application which doesn\u0027t connect to the internet, making it perfect in parts of the world where","lastModifiedDate":"2025-10-31T21:30:17","isFullCredit":false},{"lineNumber":16,"author":{"gitId":"Eugene-Lek"},"content":"internet connectivity is unreliable.","lastModifiedDate":"2025-10-31T21:30:17","isFullCredit":false},{"lineNumber":17,"author":{"gitId":"Eugene-Lek"},"content":"","lastModifiedDate":"2025-10-31T10:56:24","isFullCredit":false},{"lineNumber":18,"author":{"gitId":"Eugene-Lek"},"content":"BloodNet\u0027s mode of input resembles that of a Command Line Interface (CLI), making it perfect for fast typists. On the","lastModifiedDate":"2025-10-31T21:30:17","isFullCredit":false},{"lineNumber":19,"author":{"gitId":"Eugene-Lek"},"content":"other hand, its Graphical User Interface (GUI) enables scrolling, making it easy to view large amounts of data at a","lastModifiedDate":"2025-10-31T21:30:17","isFullCredit":false},{"lineNumber":20,"author":{"gitId":"Eugene-Lek"},"content":"time.","lastModifiedDate":"2025-10-31T21:30:17","isFullCredit":false},{"lineNumber":21,"author":{"gitId":"-"},"content":"","lastModifiedDate":"2025-10-25T18:04:05","isFullCredit":false},{"lineNumber":22,"author":{"gitId":"-"},"content":"--------------------------------------------------------------------------------------------------------------------","lastModifiedDate":"2020-05-23T01:10:16","isFullCredit":false},{"lineNumber":23,"author":{"gitId":"-"},"content":"","lastModifiedDate":"2020-05-23T01:10:16","isFullCredit":false},{"lineNumber":24,"author":{"gitId":"Eugene-Lek"},"content":"## Quick Start","lastModifiedDate":"2025-10-31T21:30:17","isFullCredit":false},{"lineNumber":25,"author":{"gitId":"-"},"content":"","lastModifiedDate":"2020-05-23T01:10:16","isFullCredit":false},{"lineNumber":26,"author":{"gitId":"Eugene-Lek"},"content":"1. Install Java 17 if you computer doesn\u0027t already have it. The instructions for how to do so can be","lastModifiedDate":"2025-10-31T21:30:17","isFullCredit":false},{"lineNumber":27,"author":{"gitId":"Eugene-Lek"},"content":"   found [here](https://se-education.org/guides/tutorials/javaInstallation.html).","lastModifiedDate":"2025-10-31T21:30:17","isFullCredit":false},{"lineNumber":28,"author":{"gitId":"-"},"content":"","lastModifiedDate":"2020-05-23T01:10:16","isFullCredit":false},{"lineNumber":29,"author":{"gitId":"Eugene-Lek"},"content":"2. Download the `.jar` file from our latest [Github Release](https://github.com/AY2526S1-CS2103T-T16-4/tp/releases).","lastModifiedDate":"2025-10-31T21:30:17","isFullCredit":false},{"lineNumber":30,"author":{"gitId":"Eugene-Lek"},"content":"   The `.jar` file can be found in the `Assets` section.","lastModifiedDate":"2025-10-31T21:30:17","isFullCredit":false},{"lineNumber":31,"author":{"gitId":"-"},"content":"","lastModifiedDate":"2020-05-23T01:10:16","isFullCredit":false},{"lineNumber":32,"author":{"gitId":"-"},"content":"3. Copy the file to the folder you want to use as the _home folder_ for your BloodNet application.","lastModifiedDate":"2025-10-12T16:07:46","isFullCredit":false},{"lineNumber":33,"author":{"gitId":"-"},"content":"","lastModifiedDate":"2020-05-23T01:10:16","isFullCredit":false},{"lineNumber":34,"author":{"gitId":"Eugene-Lek"},"content":"4. Navigate to the folder. Then, right click in any empty area in the folder and select `Open in Terminal`.","lastModifiedDate":"2025-10-31T10:56:24","isFullCredit":false},{"lineNumber":35,"author":{"gitId":"Eugene-Lek"},"content":"   \u003cbr\u003e\u003cbr\u003e","lastModifiedDate":"2025-10-31T11:22:33","isFullCredit":false},{"lineNumber":36,"author":{"gitId":"-"},"content":"   ![RunInTerminal](images/runInTerminal.png)","lastModifiedDate":"2025-10-31T00:03:14","isFullCredit":false},{"lineNumber":37,"author":{"gitId":"Eugene-Lek"},"content":"   \u003cbr\u003e\u003cbr\u003e","lastModifiedDate":"2025-10-31T11:22:33","isFullCredit":false},{"lineNumber":38,"author":{"gitId":"Eugene-Lek"},"content":"   A black window will appear. Key in `java -jar bloodnet.jar` and press \u003ckbd\u003eEnter\u003c/kbd\u003e.","lastModifiedDate":"2025-10-31T11:22:33","isFullCredit":false},{"lineNumber":39,"author":{"gitId":"Eugene-Lek"},"content":"   \u003cbr\u003e\u003cbr\u003e","lastModifiedDate":"2025-10-31T11:22:33","isFullCredit":false},{"lineNumber":40,"author":{"gitId":"Eugene-Lek"},"content":"   ![Terminal.png](Terminal.png)","lastModifiedDate":"2025-10-31T10:56:24","isFullCredit":false},{"lineNumber":41,"author":{"gitId":"Eugene-Lek"},"content":"   \u003cbr\u003e\u003cbr\u003e","lastModifiedDate":"2025-10-31T11:22:33","isFullCredit":false},{"lineNumber":42,"author":{"gitId":"Eugene-Lek"},"content":"   A GUI similar to the below should appear in a few seconds. Note how the app contains some sample data.","lastModifiedDate":"2025-10-31T11:22:33","isFullCredit":false},{"lineNumber":43,"author":{"gitId":"Eugene-Lek"},"content":"   \u003cbr\u003e\u003cbr\u003e","lastModifiedDate":"2025-10-31T11:22:33","isFullCredit":false},{"lineNumber":44,"author":{"gitId":"-"},"content":"   ![Ui](images/Ui.png)","lastModifiedDate":"2020-05-23T01:10:16","isFullCredit":false},{"lineNumber":45,"author":{"gitId":"-"},"content":"","lastModifiedDate":"2020-05-23T01:10:16","isFullCredit":false},{"lineNumber":46,"author":{"gitId":"Eugene-Lek"},"content":"5. Type the command in the command box and press \u003ckbd\u003eEnter\u003c/kbd\u003e to execute it. e.g. typing **`help`** and","lastModifiedDate":"2025-10-31T10:56:24","isFullCredit":false},{"lineNumber":47,"author":{"gitId":"Eugene-Lek"},"content":"   pressing \u003ckbd\u003eEnter\u003c/kbd\u003e will","lastModifiedDate":"2025-10-31T10:56:24","isFullCredit":false},{"lineNumber":48,"author":{"gitId":"-"},"content":"   open the help window.\u003cbr\u003e","lastModifiedDate":"2025-10-23T00:42:18","isFullCredit":false},{"lineNumber":49,"author":{"gitId":"-"},"content":"   Some example commands you can try:","lastModifiedDate":"2020-05-23T01:10:16","isFullCredit":false},{"lineNumber":50,"author":{"gitId":"-"},"content":"","lastModifiedDate":"2020-05-23T01:10:16","isFullCredit":false},{"lineNumber":51,"author":{"gitId":"-"},"content":"    * `add n/John Doe p/98765432 e/johnd@example.com b/A+ d/21-06-2003` : Adds a donor named `John Doe` to BloodNet.","lastModifiedDate":"2025-10-23T00:42:18","isFullCredit":false},{"lineNumber":52,"author":{"gitId":"-"},"content":"","lastModifiedDate":"2020-05-23T01:10:16","isFullCredit":false},{"lineNumber":53,"author":{"gitId":"Eugene-Lek"},"content":"    * `list` : Lists all donors.","lastModifiedDate":"2025-10-31T21:30:17","isFullCredit":false},{"lineNumber":54,"author":{"gitId":"Eugene-Lek"},"content":"","lastModifiedDate":"2025-10-31T21:30:17","isFullCredit":false},{"lineNumber":55,"author":{"gitId":"-"},"content":"    * `delete 3` : Deletes the 3rd donor shown in the current donor list.","lastModifiedDate":"2025-10-23T00:42:18","isFullCredit":false},{"lineNumber":56,"author":{"gitId":"-"},"content":"","lastModifiedDate":"2020-05-23T01:10:16","isFullCredit":false},{"lineNumber":57,"author":{"gitId":"-"},"content":"    * `adddonation p/1 d/21-10-2025 v/500` : Adds a donation record for the 1st donor shown in the current donor","lastModifiedDate":"2025-10-23T00:42:18","isFullCredit":false},{"lineNumber":58,"author":{"gitId":"-"},"content":"      list.","lastModifiedDate":"2025-10-23T00:42:18","isFullCredit":false},{"lineNumber":59,"author":{"gitId":"-"},"content":"","lastModifiedDate":"2020-05-23T01:10:16","isFullCredit":false},{"lineNumber":60,"author":{"gitId":"-"},"content":"    * `findeligible O+ A+` : Finds all donors with the specified blood type(s) provided who are currently eligible to","lastModifiedDate":"2025-10-25T17:36:46","isFullCredit":false},{"lineNumber":61,"author":{"gitId":"-"},"content":"      donate based on their date of birth and number of days since last donation.","lastModifiedDate":"2025-10-25T17:36:46","isFullCredit":false},{"lineNumber":62,"author":{"gitId":"-"},"content":"","lastModifiedDate":"2025-10-25T17:36:46","isFullCredit":false},{"lineNumber":63,"author":{"gitId":"Eugene-Lek"},"content":"    * `clear`: Deletes all data from the app. This command can be used to delete all sample data from the app.","lastModifiedDate":"2025-10-31T21:30:17","isFullCredit":false},{"lineNumber":64,"author":{"gitId":"-"},"content":"","lastModifiedDate":"2025-10-31T21:30:17","isFullCredit":false},{"lineNumber":65,"author":{"gitId":"-"},"content":"    * `exit` : Exits the app.","lastModifiedDate":"2023-01-01T16:08:05","isFullCredit":false},{"lineNumber":66,"author":{"gitId":"-"},"content":"","lastModifiedDate":"2020-05-23T01:10:16","isFullCredit":false},{"lineNumber":67,"author":{"gitId":"Eugene-Lek"},"content":"6. Press \u003ckbd\u003eF1\u003c/kbd\u003e or type **`help`** in the command box and press \u003ckbd\u003eEnter\u003c/kbd\u003e to open","lastModifiedDate":"2025-10-31T10:56:24","isFullCredit":false},{"lineNumber":68,"author":{"gitId":"Eugene-Lek"},"content":"   the [help window](#viewing-help--help), which provides a summary of all command usages.","lastModifiedDate":"2025-10-31T10:56:24","isFullCredit":false},{"lineNumber":69,"author":{"gitId":"-"},"content":"","lastModifiedDate":"2025-10-27T18:32:55","isFullCredit":false},{"lineNumber":70,"author":{"gitId":"-"},"content":"7. Refer to the [Features](#features) below for details of each command.","lastModifiedDate":"2025-10-29T18:17:53","isFullCredit":false},{"lineNumber":71,"author":{"gitId":"-"},"content":"","lastModifiedDate":"2025-10-11T20:51:01","isFullCredit":false},{"lineNumber":72,"author":{"gitId":"-"},"content":"--------------------------------------------------------------------------------------------------------------------","lastModifiedDate":"2025-10-11T20:51:01","isFullCredit":false},{"lineNumber":73,"author":{"gitId":"-"},"content":"","lastModifiedDate":"2025-10-11T20:51:01","isFullCredit":false},{"lineNumber":74,"author":{"gitId":"-"},"content":"## Command summary","lastModifiedDate":"2025-10-11T20:51:01","isFullCredit":false},{"lineNumber":75,"author":{"gitId":"-"},"content":"","lastModifiedDate":"2025-10-11T20:51:01","isFullCredit":false},{"lineNumber":76,"author":{"gitId":"-"},"content":" Action                                                                                     | Format, Examples                                                                                                                                                                                 ","lastModifiedDate":"2025-10-11T20:51:01","isFullCredit":false},{"lineNumber":77,"author":{"gitId":"Eugene-Lek"},"content":"--------------------------------------------------------------------------------------------|--------------------------------------------------------------------------------------------------------------------------------------------------------------------------------------------------","lastModifiedDate":"2025-10-31T10:56:24","isFullCredit":false},{"lineNumber":78,"author":{"gitId":"Eugene-Lek"},"content":" [**Add Donor**](#adding-a-donor-add)                                                       | `add n/NAME p/PHONE e/EMAIL b/BLOOD_TYPE d/DATE_OF_BIRTH_(DD-MM-YYYY)` \u003cbr\u003e e.g., `add n/James Ho p/98765432 e/jamesho@example.com b/A+ d/22-11-2004`                                            ","lastModifiedDate":"2025-10-31T21:30:17","isFullCredit":false},{"lineNumber":79,"author":{"gitId":"-"},"content":" [**List All Donors**](#listing-all-donors-list)                                            | `list`                                                                                                                                                                                           ","lastModifiedDate":"2025-10-30T11:49:04","isFullCredit":false},{"lineNumber":80,"author":{"gitId":"-"},"content":" [**Find Donor**](#locating-donors-by-name-find)                                            | `find KEYWORD...`\u003cbr\u003e e.g., `find alice bob charlie`                                                                                                                                             ","lastModifiedDate":"2025-10-30T21:32:05","isFullCredit":false},{"lineNumber":81,"author":{"gitId":"-"},"content":" [**Edit Donor**](#editing-a-donor-edit)                                                    | `edit DONOR_LIST_INDEX_(MUST_BE_A_POSITIVE_WHOLE_NUMBER) [n/NAME] [p/PHONE_NUMBER] [e/EMAIL] [b/BLOOD_TYPE] [d/DATE_OF_BIRTH_(DD-MM-YYYY)]`\u003cbr\u003e e.g.,`edit 2 n/James Lee e/jameslee@example.com` ","lastModifiedDate":"2025-10-30T21:32:05","isFullCredit":false},{"lineNumber":82,"author":{"gitId":"Eugene-Lek"},"content":" [**Delete Donor**](#deleting-a-donor-delete)                                               | `delete DONOR_LIST_INDEX_(MUST_BE_A_POSITIVE_WHOLE_NUMBER) `\u003cbr\u003e e.g., `delete 3`                                                                                                                ","lastModifiedDate":"2025-10-31T21:30:17","isFullCredit":false},{"lineNumber":83,"author":{"gitId":"-"},"content":" [**Add Donation Records**](#adding-a-donation-record-adddonation)                          | `adddonation p/DONOR_LIST_INDEX_(MUST_BE_A_POSITIVE_WHOLE_NUMBER) d/DONATION_DATE v/BLOOD_VOLUME` \u003cbr\u003e e.g., `adddonation p/1 d/15-10-2025 v/200`                                                ","lastModifiedDate":"2025-10-30T21:32:05","isFullCredit":false},{"lineNumber":84,"author":{"gitId":"Eugene-Lek"},"content":" [**Find Donation Records of a Donor**](#finding-donation-records-of-a-donor-finddonations) | `finddonations DONOR_LIST_INDEX_(MUST_BE_A_POSITIVE_WHOLE_NUMBER)` \u003cbr\u003e e.g., `finddonations 3`                                                                                                  ","lastModifiedDate":"2025-10-31T21:30:17","isFullCredit":false},{"lineNumber":85,"author":{"gitId":"-"},"content":" [**Edit Donation Records**](#editing-a-donation-record-editdonation)                       | `editdonation DONATION_RECORD_LIST_INDEX_(MUST_BE_A_POSITIVE_WHOLE_NUMBER)`\u003cbr\u003e e.g., `editdonation 1 v/350 d/20-02-2025`                                                                        ","lastModifiedDate":"2025-10-30T21:32:05","isFullCredit":false},{"lineNumber":86,"author":{"gitId":"Eugene-Lek"},"content":" [**Delete Donation Records**](#deleting-a-donation-record-deletedonation)                  | `deletedonation DONATION_RECORD_LIST_INDEX_(MUST_BE_A_POSITIVE_WHOLE_NUMBER)`\u003cbr\u003e e.g., `deletedonation 1`                                                                                       ","lastModifiedDate":"2025-10-31T21:30:17","isFullCredit":false},{"lineNumber":87,"author":{"gitId":"-"},"content":" [**Find Eligible Donors**](#finding-eligible-donors-based-on-blood-type-findeligible)      | `findeligible BLOOD_TYPE...`\u003cbr\u003e e.g., `findeligible A+ O+ B+`                                                                                                                                   ","lastModifiedDate":"2025-10-30T21:32:05","isFullCredit":false},{"lineNumber":88,"author":{"gitId":"Eugene-Lek"},"content":" [**Delete All Data**](#clearing-all-entries-clear)                                         | `clear`                                                                                                                                                                                          ","lastModifiedDate":"2025-10-31T21:30:17","isFullCredit":false},{"lineNumber":89,"author":{"gitId":"-"},"content":" [**Help**](#viewing-help-help)                                                             | `help`                                                                                                                                                                                           ","lastModifiedDate":"2025-10-28T00:59:46","isFullCredit":false},{"lineNumber":90,"author":{"gitId":"-"},"content":" [**Exit**](#exiting-the-program-exit)                                                      | `exit`                                                                                                                                                                                           ","lastModifiedDate":"2025-10-28T01:02:39","isFullCredit":false},{"lineNumber":91,"author":{"gitId":"-"},"content":"","lastModifiedDate":"2025-10-28T01:02:39","isFullCredit":false},{"lineNumber":92,"author":{"gitId":"-"},"content":"--------------------------------------------------------------------------------------------------------------------","lastModifiedDate":"2020-05-23T01:10:16","isFullCredit":false},{"lineNumber":93,"author":{"gitId":"-"},"content":"","lastModifiedDate":"2020-05-23T01:10:16","isFullCredit":false},{"lineNumber":94,"author":{"gitId":"-"},"content":"## Features","lastModifiedDate":"2020-05-23T01:10:16","isFullCredit":false},{"lineNumber":95,"author":{"gitId":"-"},"content":"","lastModifiedDate":"2020-05-23T01:10:16","isFullCredit":false},{"lineNumber":96,"author":{"gitId":"-"},"content":"\u003cbox type\u003d\"info\" seamless\u003e","lastModifiedDate":"2023-09-12T01:20:47","isFullCredit":false},{"lineNumber":97,"author":{"gitId":"-"},"content":"","lastModifiedDate":"2020-05-23T01:10:16","isFullCredit":false},{"lineNumber":98,"author":{"gitId":"-"},"content":"**Notes about the command format:**\u003cbr\u003e","lastModifiedDate":"2023-09-12T01:20:47","isFullCredit":false},{"lineNumber":99,"author":{"gitId":"-"},"content":"","lastModifiedDate":"2020-05-23T01:10:16","isFullCredit":false},{"lineNumber":100,"author":{"gitId":"-"},"content":"* Words in `UPPER_CASE` are the parameters to be supplied by the user.\u003cbr\u003e","lastModifiedDate":"2020-05-23T01:10:16","isFullCredit":false},{"lineNumber":101,"author":{"gitId":"Eugene-Lek"},"content":"  e.g. in `add n/NAME p/PHONE e/EMAIL b/BLOOD_TYPE d/DATE_OF_BIRTH`, `NAME`, `PHONE`, `EMAIL`, `BLOOD_TYPE`","lastModifiedDate":"2025-10-31T10:56:24","isFullCredit":false},{"lineNumber":102,"author":{"gitId":"Eugene-Lek"},"content":"  and `DATE_OF_BIRTH` are parameters which can be used","lastModifiedDate":"2025-10-31T10:56:24","isFullCredit":false},{"lineNumber":103,"author":{"gitId":"Eugene-Lek"},"content":"  as `add n/John Doe p/98124309 e/john@gmail.com b/A+ d/22-11-2004`.","lastModifiedDate":"2025-10-31T10:56:24","isFullCredit":false},{"lineNumber":104,"author":{"gitId":"-"},"content":"","lastModifiedDate":"2020-05-23T01:10:16","isFullCredit":false},{"lineNumber":105,"author":{"gitId":"-"},"content":"* Parameters can be in any order.\u003cbr\u003e","lastModifiedDate":"2020-05-23T01:10:16","isFullCredit":false},{"lineNumber":106,"author":{"gitId":"-"},"content":"  e.g. if the command specifies `n/NAME b/BLOOD_TYPE`, `b/BLOOD_TYPE n/NAME` is also acceptable.","lastModifiedDate":"2025-10-25T17:36:46","isFullCredit":false},{"lineNumber":107,"author":{"gitId":"-"},"content":"","lastModifiedDate":"2020-05-23T01:10:16","isFullCredit":false},{"lineNumber":108,"author":{"gitId":"-"},"content":"* Extraneous parameters for commands that do not take in parameters (such as `help`, `list`, `exit` and `clear`) will be","lastModifiedDate":"2025-10-23T00:42:18","isFullCredit":false},{"lineNumber":109,"author":{"gitId":"-"},"content":"  ignored.\u003cbr\u003e","lastModifiedDate":"2025-10-23T00:42:18","isFullCredit":false},{"lineNumber":110,"author":{"gitId":"-"},"content":"  e.g. if the command specifies `help 123`, it will be interpreted as `help`.","lastModifiedDate":"2021-02-03T23:17:00","isFullCredit":false},{"lineNumber":111,"author":{"gitId":"-"},"content":"","lastModifiedDate":"2021-02-03T23:17:00","isFullCredit":false},{"lineNumber":112,"author":{"gitId":"-"},"content":"* Parameters enclosed in square brackets, `[]`, are optional.","lastModifiedDate":"2025-10-30T01:19:11","isFullCredit":false},{"lineNumber":113,"author":{"gitId":"Eugene-Lek"},"content":"  e.g., in `editdonation DONATION_RECORD_LIST_INDEX [d/DONATION_DATE] [v/BLOOD_VOLUME]`, `[d/DONATION_DATE]`","lastModifiedDate":"2025-10-31T10:56:24","isFullCredit":false},{"lineNumber":114,"author":{"gitId":"Eugene-Lek"},"content":"  and `[v/BLOOD_VOLUME]` may each be omitted.","lastModifiedDate":"2025-10-31T10:56:24","isFullCredit":false},{"lineNumber":115,"author":{"gitId":"Eugene-Lek"},"content":"    * **Note**: Although parameters may be marked as optional, there may be cases where at least one of the optional","lastModifiedDate":"2025-10-31T10:56:24","isFullCredit":false},{"lineNumber":116,"author":{"gitId":"Eugene-Lek"},"content":"      parameters must be provided (such as in `editdonation` and `edit`). When this applies, it will be explicitly","lastModifiedDate":"2025-10-31T10:56:24","isFullCredit":false},{"lineNumber":117,"author":{"gitId":"Eugene-Lek"},"content":"      stated both in this user guide and in the in-application help messages.","lastModifiedDate":"2025-10-31T10:56:24","isFullCredit":false},{"lineNumber":118,"author":{"gitId":"-"},"content":"","lastModifiedDate":"2025-10-30T01:19:11","isFullCredit":false},{"lineNumber":119,"author":{"gitId":"Eugene-Lek"},"content":"* Parameters followed by ellipsis (`...`) indicate that multiple **but at least one** value(s) must be supplied by the","lastModifiedDate":"2025-10-31T10:56:24","isFullCredit":false},{"lineNumber":120,"author":{"gitId":"Eugene-Lek"},"content":"  user.","lastModifiedDate":"2025-10-31T10:56:24","isFullCredit":false},{"lineNumber":121,"author":{"gitId":"Eugene-Lek"},"content":"  e.g., in `findeligible BLOOD_TYPE...`, `findeligible A+` and `findeligible A+ B+ O-` are all valid commands","lastModifiedDate":"2025-10-31T10:56:24","isFullCredit":false},{"lineNumber":122,"author":{"gitId":"Eugene-Lek"},"content":"  but `findeligible` with no parameters is an invalid command.","lastModifiedDate":"2025-10-31T10:56:24","isFullCredit":false},{"lineNumber":123,"author":{"gitId":"-"},"content":"","lastModifiedDate":"2025-10-30T01:19:11","isFullCredit":false},{"lineNumber":124,"author":{"gitId":"-"},"content":"* If you are using a PDF version of this document, be careful when copying and pasting commands that span multiple lines","lastModifiedDate":"2025-10-23T00:42:18","isFullCredit":false},{"lineNumber":125,"author":{"gitId":"-"},"content":"  as space characters surrounding line-breaks may be omitted when copied over to the application.","lastModifiedDate":"2025-10-23T00:42:18","isFullCredit":false},{"lineNumber":126,"author":{"gitId":"-"},"content":"","lastModifiedDate":"2020-05-23T01:10:16","isFullCredit":false},{"lineNumber":127,"author":{"gitId":"-"},"content":"  \u003c/box\u003e","lastModifiedDate":"2025-10-29T14:24:46","isFullCredit":false},{"lineNumber":128,"author":{"gitId":"-"},"content":"","lastModifiedDate":"2025-10-27T01:02:04","isFullCredit":false},{"lineNumber":129,"author":{"gitId":"Eugene-Lek"},"content":"### Adding a donor: `add`","lastModifiedDate":"2025-10-31T21:30:17","isFullCredit":false},{"lineNumber":130,"author":{"gitId":"Eugene-Lek"},"content":"","lastModifiedDate":"2025-10-31T21:30:17","isFullCredit":false},{"lineNumber":131,"author":{"gitId":"Eugene-Lek"},"content":"This command is used to add a donor to the BloodNet system.","lastModifiedDate":"2025-10-31T21:30:17","isFullCredit":false},{"lineNumber":132,"author":{"gitId":"Eugene-Lek"},"content":"","lastModifiedDate":"2025-10-31T21:30:17","isFullCredit":false},{"lineNumber":133,"author":{"gitId":"Eugene-Lek"},"content":"Format: `add n/NAME p/PHONE_NUMBER e/EMAIL b/BLOOD_TYPE d/DATE_OF_BIRTH`","lastModifiedDate":"2025-10-31T21:30:17","isFullCredit":false},{"lineNumber":134,"author":{"gitId":"Eugene-Lek"},"content":"","lastModifiedDate":"2025-10-31T21:30:17","isFullCredit":false},{"lineNumber":135,"author":{"gitId":"Eugene-Lek"},"content":"* BLOOD_TYPE must be either O+, O-, A+, A-, B+, B-, AB+ or AB-","lastModifiedDate":"2025-10-31T21:30:17","isFullCredit":false},{"lineNumber":136,"author":{"gitId":"Eugene-Lek"},"content":"* DATE_OF_BIRTH must be in the *dd-MM-yyyy* format","lastModifiedDate":"2025-10-31T21:30:17","isFullCredit":false},{"lineNumber":137,"author":{"gitId":"Eugene-Lek"},"content":"","lastModifiedDate":"2025-10-31T21:30:17","isFullCredit":false},{"lineNumber":138,"author":{"gitId":"Eugene-Lek"},"content":"Examples:","lastModifiedDate":"2025-10-31T21:30:17","isFullCredit":false},{"lineNumber":139,"author":{"gitId":"Eugene-Lek"},"content":"","lastModifiedDate":"2025-10-31T21:30:17","isFullCredit":false},{"lineNumber":140,"author":{"gitId":"Eugene-Lek"},"content":"* `add n/John Doe p/98765432 e/johnd@example.com b/B+ d/04-11-1999`","lastModifiedDate":"2025-10-31T21:30:17","isFullCredit":false},{"lineNumber":141,"author":{"gitId":"Eugene-Lek"},"content":"* `add n/Betsy Crowe e/betsycrowe@example.com b/O- d/20-05-2004`","lastModifiedDate":"2025-10-31T21:30:17","isFullCredit":false},{"lineNumber":142,"author":{"gitId":"Eugene-Lek"},"content":"","lastModifiedDate":"2025-10-31T21:30:17","isFullCredit":false},{"lineNumber":143,"author":{"gitId":"-"},"content":"### Listing all donors: `list`","lastModifiedDate":"2025-10-30T11:49:04","isFullCredit":false},{"lineNumber":144,"author":{"gitId":"-"},"content":"","lastModifiedDate":"2025-10-30T11:49:04","isFullCredit":false},{"lineNumber":145,"author":{"gitId":"-"},"content":"Shows a list of all donors in the BloodNet system.","lastModifiedDate":"2025-10-30T11:49:04","isFullCredit":false},{"lineNumber":146,"author":{"gitId":"-"},"content":"","lastModifiedDate":"2025-10-30T11:49:04","isFullCredit":false},{"lineNumber":147,"author":{"gitId":"-"},"content":"Format: `list`","lastModifiedDate":"2025-10-30T11:49:04","isFullCredit":false},{"lineNumber":148,"author":{"gitId":"-"},"content":"","lastModifiedDate":"2025-10-30T11:49:04","isFullCredit":false},{"lineNumber":149,"author":{"gitId":"-"},"content":"### Locating donors by name: `find`","lastModifiedDate":"2025-10-30T11:49:04","isFullCredit":false},{"lineNumber":150,"author":{"gitId":"-"},"content":"","lastModifiedDate":"2025-10-30T11:49:04","isFullCredit":false},{"lineNumber":151,"author":{"gitId":"-"},"content":"Finds donors whose names contain any of the given keywords.","lastModifiedDate":"2025-10-30T11:49:04","isFullCredit":false},{"lineNumber":152,"author":{"gitId":"-"},"content":"","lastModifiedDate":"2025-10-30T11:49:04","isFullCredit":false},{"lineNumber":153,"author":{"gitId":"-"},"content":"Format: `find KEYWORD...`","lastModifiedDate":"2025-10-30T01:19:11","isFullCredit":false},{"lineNumber":154,"author":{"gitId":"-"},"content":"","lastModifiedDate":"2025-10-30T11:49:04","isFullCredit":false},{"lineNumber":155,"author":{"gitId":"-"},"content":"* At least one keyword must be provided.","lastModifiedDate":"2025-10-30T15:10:07","isFullCredit":false},{"lineNumber":156,"author":{"gitId":"-"},"content":"* The search is case-insensitive. e.g. `hans` will match `Hans`","lastModifiedDate":"2025-10-30T11:49:04","isFullCredit":false},{"lineNumber":157,"author":{"gitId":"-"},"content":"* The order of the keywords does not matter. e.g. `Hans Bo` will match `Bo Hans`","lastModifiedDate":"2025-10-30T11:49:04","isFullCredit":false},{"lineNumber":158,"author":{"gitId":"-"},"content":"* Only the name is searched.","lastModifiedDate":"2025-10-30T11:49:04","isFullCredit":false},{"lineNumber":159,"author":{"gitId":"-"},"content":"* Persons matching at least one keyword will be returned (i.e. `OR` search).","lastModifiedDate":"2025-10-30T11:49:04","isFullCredit":false},{"lineNumber":160,"author":{"gitId":"-"},"content":"  e.g. `Hans Bo` will return `Hans Gruber`, `Bo Yang`","lastModifiedDate":"2025-10-30T11:49:04","isFullCredit":false},{"lineNumber":161,"author":{"gitId":"-"},"content":"","lastModifiedDate":"2025-10-30T11:49:04","isFullCredit":false},{"lineNumber":162,"author":{"gitId":"-"},"content":"Examples:","lastModifiedDate":"2025-10-30T11:49:04","isFullCredit":false},{"lineNumber":163,"author":{"gitId":"-"},"content":"","lastModifiedDate":"2025-10-30T11:49:04","isFullCredit":false},{"lineNumber":164,"author":{"gitId":"-"},"content":"* `find John` returns `john` and `John Doe`","lastModifiedDate":"2025-10-30T11:49:04","isFullCredit":false},{"lineNumber":165,"author":{"gitId":"-"},"content":"* `find alex david` returns `Alex Yeoh`, `David Li`\u003cbr\u003e","lastModifiedDate":"2025-10-30T11:49:04","isFullCredit":false},{"lineNumber":166,"author":{"gitId":"-"},"content":"","lastModifiedDate":"2025-10-31T05:05:42","isFullCredit":false},{"lineNumber":167,"author":{"gitId":"-"},"content":"  ![result for \u0027find alex david\u0027](images/findAlexDavidResult.png)","lastModifiedDate":"2025-10-30T11:49:04","isFullCredit":false},{"lineNumber":168,"author":{"gitId":"-"},"content":"","lastModifiedDate":"2025-10-30T11:49:04","isFullCredit":false},{"lineNumber":169,"author":{"gitId":"-"},"content":"### Editing a donor: `edit`","lastModifiedDate":"2025-10-23T00:42:18","isFullCredit":false},{"lineNumber":170,"author":{"gitId":"-"},"content":"","lastModifiedDate":"2025-10-23T00:42:18","isFullCredit":false},{"lineNumber":171,"author":{"gitId":"Eugene-Lek"},"content":"The command edits an existing donor in the BloodNet system.","lastModifiedDate":"2025-10-31T21:30:17","isFullCredit":false},{"lineNumber":172,"author":{"gitId":"-"},"content":"","lastModifiedDate":"2020-05-23T01:10:16","isFullCredit":false},{"lineNumber":173,"author":{"gitId":"-"},"content":"Format: `edit DONOR_LIST_INDEX [n/NAME] [p/PHONE] [e/EMAIL] [b/BLOOD_TYPE] [d/DATE_OF_BIRTH]`","lastModifiedDate":"2025-10-25T17:36:46","isFullCredit":false},{"lineNumber":174,"author":{"gitId":"-"},"content":"","lastModifiedDate":"2025-10-23T00:42:18","isFullCredit":false},{"lineNumber":175,"author":{"gitId":"-"},"content":"* Edits the person at the specified `DONOR_LIST_INDEX`. The index refers to the index number shown in the","lastModifiedDate":"2025-10-25T17:36:46","isFullCredit":false},{"lineNumber":176,"author":{"gitId":"-"},"content":"  displayed donor list. The specified index **must be a positive whole number** 1, 2, 3, …​","lastModifiedDate":"2025-10-30T02:17:46","isFullCredit":false},{"lineNumber":177,"author":{"gitId":"-"},"content":"* At least one of the optional fields must be provided.","lastModifiedDate":"2025-10-23T00:42:18","isFullCredit":false},{"lineNumber":178,"author":{"gitId":"-"},"content":"* Existing values will be updated to the input values.","lastModifiedDate":"2025-10-23T00:42:18","isFullCredit":false},{"lineNumber":179,"author":{"gitId":"-"},"content":"* New values of the fields must satisfy the validation rules as outlined for the `adddonation` command above.","lastModifiedDate":"2025-10-30T15:10:07","isFullCredit":false},{"lineNumber":180,"author":{"gitId":"-"},"content":"","lastModifiedDate":"2025-10-23T00:42:18","isFullCredit":false},{"lineNumber":181,"author":{"gitId":"-"},"content":"Examples:","lastModifiedDate":"2025-10-23T00:42:18","isFullCredit":false},{"lineNumber":182,"author":{"gitId":"-"},"content":"","lastModifiedDate":"2025-10-23T00:42:18","isFullCredit":false},{"lineNumber":183,"author":{"gitId":"-"},"content":"* `edit 1 p/91234567 e/johndoe@example.com` Edits the phone number and email address of the 1st person to be `91234567`","lastModifiedDate":"2025-10-23T00:42:18","isFullCredit":false},{"lineNumber":184,"author":{"gitId":"-"},"content":"  and `johndoe@example.com` respectively.","lastModifiedDate":"2025-10-23T00:42:18","isFullCredit":false},{"lineNumber":185,"author":{"gitId":"-"},"content":"* `edit 2 n/Betsy Crower ` Edits the name of the 2nd person to be `Betsy Crower`.","lastModifiedDate":"2025-10-23T00:42:18","isFullCredit":false},{"lineNumber":186,"author":{"gitId":"-"},"content":"* `find Betsy` followed by `edit 1 p/91234567` edits the phone number of the 1st donor in the result of the `find`","lastModifiedDate":"2025-10-23T00:42:18","isFullCredit":false},{"lineNumber":187,"author":{"gitId":"-"},"content":"  command.","lastModifiedDate":"2025-10-23T00:42:18","isFullCredit":false},{"lineNumber":188,"author":{"gitId":"-"},"content":"","lastModifiedDate":"2025-10-23T00:42:18","isFullCredit":false},{"lineNumber":189,"author":{"gitId":"Eugene-Lek"},"content":"### Deleting a donor: `delete`","lastModifiedDate":"2025-10-31T21:30:17","isFullCredit":false},{"lineNumber":190,"author":{"gitId":"-"},"content":"","lastModifiedDate":"2025-10-23T00:42:18","isFullCredit":false},{"lineNumber":191,"author":{"gitId":"Eugene-Lek"},"content":"This command deletes a specified donor from the BloodNet system.","lastModifiedDate":"2025-10-31T21:30:17","isFullCredit":false},{"lineNumber":192,"author":{"gitId":"-"},"content":"","lastModifiedDate":"2020-05-23T01:10:16","isFullCredit":false},{"lineNumber":193,"author":{"gitId":"-"},"content":"Format: `delete DONOR_LIST_INDEX`","lastModifiedDate":"2025-10-25T17:36:46","isFullCredit":false},{"lineNumber":194,"author":{"gitId":"-"},"content":"","lastModifiedDate":"2020-05-23T01:10:16","isFullCredit":false},{"lineNumber":195,"author":{"gitId":"-"},"content":"* Deletes the donor at the specified `DONOR_LIST_INDEX`.","lastModifiedDate":"2025-10-25T17:36:46","isFullCredit":false},{"lineNumber":196,"author":{"gitId":"-"},"content":"* The index refers to the index number shown in the displayed donor list.","lastModifiedDate":"2025-10-23T00:42:18","isFullCredit":false},{"lineNumber":197,"author":{"gitId":"-"},"content":"* The index **must be a positive whole number** 1, 2, 3, …​","lastModifiedDate":"2025-10-30T02:17:46","isFullCredit":false},{"lineNumber":198,"author":{"gitId":"-"},"content":"* If the specified donor has donation records, those donation records will have to be deleted first using the","lastModifiedDate":"2025-10-29T17:19:02","isFullCredit":false},{"lineNumber":199,"author":{"gitId":"-"},"content":"  `deletedonation` command before the donor can be deleted.","lastModifiedDate":"2025-10-29T17:19:02","isFullCredit":false},{"lineNumber":200,"author":{"gitId":"-"},"content":"","lastModifiedDate":"2020-05-23T01:10:16","isFullCredit":false},{"lineNumber":201,"author":{"gitId":"Eugene-Lek"},"content":"\u003cbox type\u003d\"warning\" seamless\u003e","lastModifiedDate":"2025-10-31T21:30:17","isFullCredit":false},{"lineNumber":202,"author":{"gitId":"Eugene-Lek"},"content":"","lastModifiedDate":"2025-10-31T21:30:17","isFullCredit":false},{"lineNumber":203,"author":{"gitId":"Eugene-Lek"},"content":"**Caution:**","lastModifiedDate":"2025-10-31T21:30:17","isFullCredit":false},{"lineNumber":204,"author":{"gitId":"Eugene-Lek"},"content":"This operation is irreversible! As such, the system will prompt you for confirmation before proceeding with the","lastModifiedDate":"2025-10-31T21:30:17","isFullCredit":false},{"lineNumber":205,"author":{"gitId":"Eugene-Lek"},"content":"deletion.","lastModifiedDate":"2025-10-31T21:30:17","isFullCredit":false},{"lineNumber":206,"author":{"gitId":"Eugene-Lek"},"content":"\u003c/box\u003e","lastModifiedDate":"2025-10-31T21:30:17","isFullCredit":false},{"lineNumber":207,"author":{"gitId":"Eugene-Lek"},"content":"","lastModifiedDate":"2025-10-31T21:30:17","isFullCredit":false},{"lineNumber":208,"author":{"gitId":"-"},"content":"Examples:","lastModifiedDate":"2020-05-23T01:10:16","isFullCredit":false},{"lineNumber":209,"author":{"gitId":"-"},"content":"","lastModifiedDate":"2025-10-23T00:42:18","isFullCredit":false},{"lineNumber":210,"author":{"gitId":"-"},"content":"* `list` followed by `delete 2` deletes the 2nd donor in the BloodNet system.","lastModifiedDate":"2025-10-23T00:42:18","isFullCredit":false},{"lineNumber":211,"author":{"gitId":"-"},"content":"* `find Betsy` followed by `delete 1` deletes the 1st donor in the result of the `find` command.","lastModifiedDate":"2025-10-23T00:42:18","isFullCredit":false},{"lineNumber":212,"author":{"gitId":"-"},"content":"","lastModifiedDate":"2020-05-23T01:10:16","isFullCredit":false},{"lineNumber":213,"author":{"gitId":"-"},"content":"### Adding a donation record: `adddonation`","lastModifiedDate":"2025-10-30T14:21:38","isFullCredit":false},{"lineNumber":214,"author":{"gitId":"-"},"content":"","lastModifiedDate":"2025-10-30T14:21:38","isFullCredit":false},{"lineNumber":215,"author":{"gitId":"-"},"content":"This command can be used to add a donation record for a donor.","lastModifiedDate":"2025-10-30T14:21:38","isFullCredit":false},{"lineNumber":216,"author":{"gitId":"-"},"content":"","lastModifiedDate":"2025-10-30T14:21:38","isFullCredit":false},{"lineNumber":217,"author":{"gitId":"-"},"content":"Format: `adddonation p/DONOR_LIST_INDEX d/DONATION_DATE v/BLOOD_VOLUME`","lastModifiedDate":"2025-10-30T14:21:38","isFullCredit":false},{"lineNumber":218,"author":{"gitId":"-"},"content":"","lastModifiedDate":"2025-10-30T14:21:38","isFullCredit":false},{"lineNumber":219,"author":{"gitId":"-"},"content":"* Adds a donation record for the donor corresponding to the specified `DONOR_LIST_INDEX`.","lastModifiedDate":"2025-10-30T14:21:38","isFullCredit":false},{"lineNumber":220,"author":{"gitId":"-"},"content":"* The index refers to the index number shown in the displayed donor list.","lastModifiedDate":"2025-10-30T14:21:38","isFullCredit":false},{"lineNumber":221,"author":{"gitId":"-"},"content":"* The index **must be a positive whole number** 1, 2, 3, …​","lastModifiedDate":"2025-10-30T15:10:07","isFullCredit":false},{"lineNumber":222,"author":{"gitId":"-"},"content":"* DONATION_DATE must be in the *dd-MM-yyyy* format.","lastModifiedDate":"2025-10-30T15:10:07","isFullCredit":false},{"lineNumber":223,"author":{"gitId":"-"},"content":"* BLOOD_VOLUME **must be a positive whole number** strictly **less than 500** (in milliliters).","lastModifiedDate":"2025-10-30T15:10:07","isFullCredit":false},{"lineNumber":224,"author":{"gitId":"-"},"content":"","lastModifiedDate":"2025-10-30T14:21:38","isFullCredit":false},{"lineNumber":225,"author":{"gitId":"-"},"content":"Examples:","lastModifiedDate":"2025-10-30T14:21:38","isFullCredit":false},{"lineNumber":226,"author":{"gitId":"Eugene-Lek"},"content":"","lastModifiedDate":"2025-10-31T10:56:24","isFullCredit":false},{"lineNumber":227,"author":{"gitId":"Eugene-Lek"},"content":"* `adddonation p/1 d/15-10-2025 v/200` adds a donation record for the 1st donor, with a blood volume of 200ml donated on","lastModifiedDate":"2025-10-31T10:56:24","isFullCredit":false},{"lineNumber":228,"author":{"gitId":"Eugene-Lek"},"content":"  15-10-2025.","lastModifiedDate":"2025-10-31T10:56:24","isFullCredit":false},{"lineNumber":229,"author":{"gitId":"Eugene-Lek"},"content":"* `adddonation p/3 d/20-09-2024 v/450` adds a donation record for the 3rd donor, with a blood volume of 450ml donated on","lastModifiedDate":"2025-10-31T10:56:24","isFullCredit":false},{"lineNumber":230,"author":{"gitId":"Eugene-Lek"},"content":"  20-09-2024.","lastModifiedDate":"2025-10-31T10:56:24","isFullCredit":false},{"lineNumber":231,"author":{"gitId":"-"},"content":"","lastModifiedDate":"2025-10-30T14:21:38","isFullCredit":false},{"lineNumber":232,"author":{"gitId":"Eugene-Lek"},"content":"## Finding donation records of a donor: `finddonations`","lastModifiedDate":"2025-10-31T21:30:17","isFullCredit":false},{"lineNumber":233,"author":{"gitId":"Eugene-Lek"},"content":"","lastModifiedDate":"2025-10-31T21:30:17","isFullCredit":false},{"lineNumber":234,"author":{"gitId":"Eugene-Lek"},"content":"This command finds donation records of a donor.","lastModifiedDate":"2025-10-31T21:30:17","isFullCredit":false},{"lineNumber":235,"author":{"gitId":"Eugene-Lek"},"content":"","lastModifiedDate":"2025-10-31T21:30:17","isFullCredit":false},{"lineNumber":236,"author":{"gitId":"Eugene-Lek"},"content":"Format: `finddonations DONOR_LIST_INDEX`","lastModifiedDate":"2025-10-31T21:30:17","isFullCredit":false},{"lineNumber":237,"author":{"gitId":"Eugene-Lek"},"content":"","lastModifiedDate":"2025-10-31T21:30:17","isFullCredit":false},{"lineNumber":238,"author":{"gitId":"Eugene-Lek"},"content":"* List all donation records of the donor at the specified `DONOR_LIST_INDEX`.","lastModifiedDate":"2025-10-31T21:30:17","isFullCredit":false},{"lineNumber":239,"author":{"gitId":"Eugene-Lek"},"content":"* The index refers to the index number shown in the displayed donor list.","lastModifiedDate":"2025-10-31T21:30:17","isFullCredit":false},{"lineNumber":240,"author":{"gitId":"Eugene-Lek"},"content":"* The specified index **must be a positive whole number** 1, 2, 3, ...","lastModifiedDate":"2025-10-31T21:30:17","isFullCredit":false},{"lineNumber":241,"author":{"gitId":"Eugene-Lek"},"content":"","lastModifiedDate":"2025-10-31T21:30:17","isFullCredit":false},{"lineNumber":242,"author":{"gitId":"Eugene-Lek"},"content":"Example:","lastModifiedDate":"2025-10-31T21:30:17","isFullCredit":false},{"lineNumber":243,"author":{"gitId":"Eugene-Lek"},"content":"","lastModifiedDate":"2025-10-31T21:30:17","isFullCredit":false},{"lineNumber":244,"author":{"gitId":"Eugene-Lek"},"content":"* `finddonations 3`: List all donation records of the 3rd donor in the donor list.","lastModifiedDate":"2025-10-31T21:30:17","isFullCredit":false},{"lineNumber":245,"author":{"gitId":"Eugene-Lek"},"content":"","lastModifiedDate":"2025-10-31T21:30:17","isFullCredit":false},{"lineNumber":246,"author":{"gitId":"Eugene-Lek"},"content":"  ![result for \u0027finddonations 3\u0027](images/finddonations3.png)","lastModifiedDate":"2025-10-31T21:30:17","isFullCredit":false},{"lineNumber":247,"author":{"gitId":"-"},"content":"","lastModifiedDate":"2025-10-31T21:30:17","isFullCredit":false},{"lineNumber":248,"author":{"gitId":"-"},"content":"### Editing a donation record: `editdonation`","lastModifiedDate":"2025-10-25T18:04:05","isFullCredit":false},{"lineNumber":249,"author":{"gitId":"-"},"content":"","lastModifiedDate":"2025-10-25T17:36:46","isFullCredit":false},{"lineNumber":250,"author":{"gitId":"Eugene-Lek"},"content":"This command edits an existing donation record in the BloodNet system.","lastModifiedDate":"2025-10-31T21:30:17","isFullCredit":false},{"lineNumber":251,"author":{"gitId":"-"},"content":"","lastModifiedDate":"2025-10-25T17:36:46","isFullCredit":false},{"lineNumber":252,"author":{"gitId":"-"},"content":"Format: `editdonation DONATION_RECORD_LIST_INDEX [d/DONATION_DATE] [v/BLOOD_VOLUME]`","lastModifiedDate":"2025-10-30T01:57:57","isFullCredit":false},{"lineNumber":253,"author":{"gitId":"-"},"content":"","lastModifiedDate":"2025-10-25T17:36:46","isFullCredit":false},{"lineNumber":254,"author":{"gitId":"Eugene-Lek"},"content":"* Edits the donation record at the specified `DONATION_RECORD_LIST_INDEX`. The index refers to the index number shown in","lastModifiedDate":"2025-10-31T10:56:24","isFullCredit":false},{"lineNumber":255,"author":{"gitId":"Eugene-Lek"},"content":"  the","lastModifiedDate":"2025-10-31T10:56:24","isFullCredit":false},{"lineNumber":256,"author":{"gitId":"-"},"content":"  displayed donation record list. The specified index **must be a positive whole number** 1, 2, 3, …​","lastModifiedDate":"2025-10-30T02:17:46","isFullCredit":false},{"lineNumber":257,"author":{"gitId":"-"},"content":"* At least one of the optional fields must be provided.","lastModifiedDate":"2025-10-25T17:36:46","isFullCredit":false},{"lineNumber":258,"author":{"gitId":"-"},"content":"* Existing values will be updated to the input values.","lastModifiedDate":"2025-10-25T17:36:46","isFullCredit":false},{"lineNumber":259,"author":{"gitId":"-"},"content":"* DONATION_DATE must be in the *dd-MM-yyyy* format.","lastModifiedDate":"2025-10-30T15:10:07","isFullCredit":false},{"lineNumber":260,"author":{"gitId":"-"},"content":"* BLOOD_VOLUME **must be a whole number** strictly **less than 500** (in milliliters).","lastModifiedDate":"2025-10-30T15:10:07","isFullCredit":false},{"lineNumber":261,"author":{"gitId":"-"},"content":"","lastModifiedDate":"2025-10-25T17:36:46","isFullCredit":false},{"lineNumber":262,"author":{"gitId":"-"},"content":"Examples:","lastModifiedDate":"2025-10-25T17:36:46","isFullCredit":false},{"lineNumber":263,"author":{"gitId":"-"},"content":"","lastModifiedDate":"2025-10-25T17:36:46","isFullCredit":false},{"lineNumber":264,"author":{"gitId":"-"},"content":"* `editdonation 1 v/200` Edits the blood volume of the 1st donation record in the entire donation record list.","lastModifiedDate":"2025-10-30T07:28:07","isFullCredit":false},{"lineNumber":265,"author":{"gitId":"-"},"content":"* `editdonation 3 d/13-10-2024` Edits the donation date of the 3rd donation record to 13-10-2024.","lastModifiedDate":"2025-10-30T21:32:05","isFullCredit":false},{"lineNumber":266,"author":{"gitId":"-"},"content":"* `editdonation 2 d/01-01-2025 v/350` Edits both the donation date and blood volume of the 2nd donation record.","lastModifiedDate":"2025-10-30T21:32:05","isFullCredit":false},{"lineNumber":267,"author":{"gitId":"-"},"content":"","lastModifiedDate":"2025-10-30T21:32:05","isFullCredit":false},{"lineNumber":268,"author":{"gitId":"Eugene-Lek"},"content":"### Deleting a donation record: `deletedonation`","lastModifiedDate":"2025-10-31T21:30:17","isFullCredit":false},{"lineNumber":269,"author":{"gitId":"-"},"content":"","lastModifiedDate":"2025-10-30T07:28:07","isFullCredit":false},{"lineNumber":270,"author":{"gitId":"Eugene-Lek"},"content":"This command deletes a specified donation record from the BloodNet system.","lastModifiedDate":"2025-10-31T21:30:17","isFullCredit":false},{"lineNumber":271,"author":{"gitId":"-"},"content":"","lastModifiedDate":"2025-10-30T07:28:07","isFullCredit":false},{"lineNumber":272,"author":{"gitId":"-"},"content":"Format: `deletedonation DONATION_RECORD_LIST_INDEX`","lastModifiedDate":"2025-10-30T07:28:07","isFullCredit":false},{"lineNumber":273,"author":{"gitId":"-"},"content":"","lastModifiedDate":"2025-10-30T07:28:07","isFullCredit":false},{"lineNumber":274,"author":{"gitId":"-"},"content":"* Deletes the donation record at the specified `DONATION_RECORD_LIST_INDEX`.","lastModifiedDate":"2025-10-30T21:32:05","isFullCredit":false},{"lineNumber":275,"author":{"gitId":"-"},"content":"* The index refers to the index number shown in the displayed donation record list.","lastModifiedDate":"2025-10-30T07:28:07","isFullCredit":false},{"lineNumber":276,"author":{"gitId":"-"},"content":"* The index **must be a positive whole number** 1, 2, 3, …​","lastModifiedDate":"2025-10-30T21:32:05","isFullCredit":false},{"lineNumber":277,"author":{"gitId":"-"},"content":"","lastModifiedDate":"2025-10-29T18:38:05","isFullCredit":false},{"lineNumber":278,"author":{"gitId":"Eugene-Lek"},"content":"\u003cbox type\u003d\"warning\" seamless\u003e","lastModifiedDate":"2025-10-31T21:30:17","isFullCredit":false},{"lineNumber":279,"author":{"gitId":"Eugene-Lek"},"content":"","lastModifiedDate":"2025-10-31T21:30:17","isFullCredit":false},{"lineNumber":280,"author":{"gitId":"Eugene-Lek"},"content":"**Caution:**","lastModifiedDate":"2025-10-31T21:30:17","isFullCredit":false},{"lineNumber":281,"author":{"gitId":"Eugene-Lek"},"content":"This operation is irreversible! As such, the system will prompt you for confirmation before proceeding with the","lastModifiedDate":"2025-10-31T21:30:17","isFullCredit":false},{"lineNumber":282,"author":{"gitId":"Eugene-Lek"},"content":"deletion.","lastModifiedDate":"2025-10-31T21:30:17","isFullCredit":false},{"lineNumber":283,"author":{"gitId":"Eugene-Lek"},"content":"\u003c/box\u003e","lastModifiedDate":"2025-10-31T21:30:17","isFullCredit":false},{"lineNumber":284,"author":{"gitId":"Eugene-Lek"},"content":"","lastModifiedDate":"2025-10-31T21:30:17","isFullCredit":false},{"lineNumber":285,"author":{"gitId":"-"},"content":"Examples:","lastModifiedDate":"2025-10-30T21:32:05","isFullCredit":false},{"lineNumber":286,"author":{"gitId":"Eugene-Lek"},"content":"","lastModifiedDate":"2025-10-31T10:56:24","isFullCredit":false},{"lineNumber":287,"author":{"gitId":"-"},"content":"* `deletedonations 1` deletes the 1st donation record in the donation record list.","lastModifiedDate":"2025-10-30T21:32:05","isFullCredit":false},{"lineNumber":288,"author":{"gitId":"Eugene-Lek"},"content":"* `finddonations 1` followed by `deletedonation 2` deletes the 2nd donation record of the 1st donor in the shown donor","lastModifiedDate":"2025-10-31T10:56:24","isFullCredit":false},{"lineNumber":289,"author":{"gitId":"Eugene-Lek"},"content":"  list.","lastModifiedDate":"2025-10-31T10:56:24","isFullCredit":false},{"lineNumber":290,"author":{"gitId":"-"},"content":"","lastModifiedDate":"2025-10-29T18:38:05","isFullCredit":false},{"lineNumber":291,"author":{"gitId":"-"},"content":"### Finding eligible donors based on blood type: `findeligible`","lastModifiedDate":"2025-10-30T07:28:07","isFullCredit":false},{"lineNumber":292,"author":{"gitId":"-"},"content":"","lastModifiedDate":"2020-05-23T01:10:16","isFullCredit":false},{"lineNumber":293,"author":{"gitId":"Eugene-Lek"},"content":"This command finds all people who are eligible to donate blood for the specified blood type(s) on the current day.","lastModifiedDate":"2025-10-31T21:30:17","isFullCredit":false},{"lineNumber":294,"author":{"gitId":"-"},"content":"","lastModifiedDate":"2025-10-23T00:42:18","isFullCredit":false},{"lineNumber":295,"author":{"gitId":"-"},"content":"Format: `findeligible BLOOD_TYPE...`","lastModifiedDate":"2025-10-30T07:28:07","isFullCredit":false},{"lineNumber":296,"author":{"gitId":"-"},"content":"","lastModifiedDate":"2025-10-23T00:42:18","isFullCredit":false},{"lineNumber":297,"author":{"gitId":"-"},"content":"* The search is case-insensitive. e.g. `O+` and `o+` will match the blood type of someone with blood type O+.","lastModifiedDate":"2025-10-30T07:28:07","isFullCredit":false},{"lineNumber":298,"author":{"gitId":"-"},"content":"* Eligibility criteria are based on official guidelines. The donor’s date of birth and","lastModifiedDate":"2025-10-30T07:28:07","isFullCredit":false},{"lineNumber":299,"author":{"gitId":"-"},"content":"  how long it has been since their last blood donation are both considered when determining eligibility.","lastModifiedDate":"2025-10-30T07:28:07","isFullCredit":false},{"lineNumber":300,"author":{"gitId":"-"},"content":"","lastModifiedDate":"2020-05-23T01:10:16","isFullCredit":false},{"lineNumber":301,"author":{"gitId":"-"},"content":"Example:","lastModifiedDate":"2025-10-30T07:28:07","isFullCredit":false},{"lineNumber":302,"author":{"gitId":"-"},"content":"","lastModifiedDate":"2025-10-31T11:22:33","isFullCredit":false},{"lineNumber":303,"author":{"gitId":"Eugene-Lek"},"content":"* `findeligible A+ B+`: Lists all donors who have blood type A+ or B+ and are found eligible to donate based on the","lastModifiedDate":"2025-10-31T11:22:33","isFullCredit":false},{"lineNumber":304,"author":{"gitId":"Eugene-Lek"},"content":"  official guidelines.","lastModifiedDate":"2025-10-31T11:22:33","isFullCredit":false},{"lineNumber":305,"author":{"gitId":"Eugene-Lek"},"content":"","lastModifiedDate":"2025-10-31T10:56:24","isFullCredit":false},{"lineNumber":306,"author":{"gitId":"-"},"content":"  ![result for \u0027findeligible A+ AB-\u0027](images/findeligibleResults.png)","lastModifiedDate":"2025-10-30T21:54:48","isFullCredit":false},{"lineNumber":307,"author":{"gitId":"-"},"content":"","lastModifiedDate":"2020-05-23T01:10:16","isFullCredit":false},{"lineNumber":308,"author":{"gitId":"Eugene-Lek"},"content":"### Clearing all entries: `clear`","lastModifiedDate":"2025-10-31T21:30:17","isFullCredit":false},{"lineNumber":309,"author":{"gitId":"-"},"content":"","lastModifiedDate":"2025-10-30T11:49:04","isFullCredit":false},{"lineNumber":310,"author":{"gitId":"-"},"content":"Clears all entries from the BloodNet system.","lastModifiedDate":"2025-10-30T11:49:04","isFullCredit":false},{"lineNumber":311,"author":{"gitId":"-"},"content":"","lastModifiedDate":"2025-10-30T11:49:04","isFullCredit":false},{"lineNumber":312,"author":{"gitId":"-"},"content":"Format: `clear`","lastModifiedDate":"2025-10-30T11:49:04","isFullCredit":false},{"lineNumber":313,"author":{"gitId":"-"},"content":"","lastModifiedDate":"2025-10-30T11:49:04","isFullCredit":false},{"lineNumber":314,"author":{"gitId":"-"},"content":"\u003cbox type\u003d\"warning\" seamless\u003e","lastModifiedDate":"2025-10-30T11:49:04","isFullCredit":false},{"lineNumber":315,"author":{"gitId":"-"},"content":"","lastModifiedDate":"2025-10-30T11:49:04","isFullCredit":false},{"lineNumber":316,"author":{"gitId":"-"},"content":"**Caution:**","lastModifiedDate":"2025-10-30T11:49:04","isFullCredit":false},{"lineNumber":317,"author":{"gitId":"Eugene-Lek"},"content":"This operation is irreversible and will lead to significant data loss if unintended! Therefore, the system","lastModifiedDate":"2025-10-31T21:30:17","isFullCredit":false},{"lineNumber":318,"author":{"gitId":"Eugene-Lek"},"content":"will prompt you for confirmation before deleting all data. Even if deleting all data is the desired course of action, it","lastModifiedDate":"2025-10-31T21:30:17","isFullCredit":false},{"lineNumber":319,"author":{"gitId":"Eugene-Lek"},"content":"is recommended to create a backup of the data file before running this command as you may change your mind later on.","lastModifiedDate":"2025-10-31T21:30:17","isFullCredit":false},{"lineNumber":320,"author":{"gitId":"-"},"content":"\u003c/box\u003e","lastModifiedDate":"2025-10-30T11:49:04","isFullCredit":false},{"lineNumber":321,"author":{"gitId":"-"},"content":"","lastModifiedDate":"2025-10-30T11:49:04","isFullCredit":false},{"lineNumber":322,"author":{"gitId":"-"},"content":"### Viewing help: `help`","lastModifiedDate":"2025-10-25T18:04:05","isFullCredit":false},{"lineNumber":323,"author":{"gitId":"-"},"content":"","lastModifiedDate":"2025-10-25T18:04:05","isFullCredit":false},{"lineNumber":324,"author":{"gitId":"-"},"content":"If you need a refresher on the formats of the various commands, use this command! It will provide a summary of the","lastModifiedDate":"2025-10-25T18:04:05","isFullCredit":false},{"lineNumber":325,"author":{"gitId":"-"},"content":"formats of each command, as well as the link to this user guide.","lastModifiedDate":"2025-10-25T18:04:05","isFullCredit":false},{"lineNumber":326,"author":{"gitId":"-"},"content":"","lastModifiedDate":"2025-10-25T18:04:05","isFullCredit":false},{"lineNumber":327,"author":{"gitId":"-"},"content":"Format: `help`","lastModifiedDate":"2025-10-25T18:04:05","isFullCredit":false},{"lineNumber":328,"author":{"gitId":"-"},"content":"","lastModifiedDate":"2025-10-25T18:04:05","isFullCredit":false},{"lineNumber":329,"author":{"gitId":"-"},"content":"### Exiting the program: `exit`","lastModifiedDate":"2025-10-30T07:28:07","isFullCredit":false},{"lineNumber":330,"author":{"gitId":"-"},"content":"","lastModifiedDate":"2025-10-30T07:28:07","isFullCredit":false},{"lineNumber":331,"author":{"gitId":"-"},"content":"Exits the program.","lastModifiedDate":"2025-10-30T07:28:07","isFullCredit":false},{"lineNumber":332,"author":{"gitId":"-"},"content":"","lastModifiedDate":"2025-10-30T07:28:07","isFullCredit":false},{"lineNumber":333,"author":{"gitId":"-"},"content":"Format: `exit`","lastModifiedDate":"2025-10-30T07:28:07","isFullCredit":false},{"lineNumber":334,"author":{"gitId":"-"},"content":"","lastModifiedDate":"2025-10-30T07:28:07","isFullCredit":false},{"lineNumber":335,"author":{"gitId":"-"},"content":"### Saving the data","lastModifiedDate":"2020-05-23T01:10:16","isFullCredit":false},{"lineNumber":336,"author":{"gitId":"-"},"content":"","lastModifiedDate":"2020-05-23T01:10:16","isFullCredit":false},{"lineNumber":337,"author":{"gitId":"-"},"content":"BloodNet data are saved in the hard disk automatically after any command that changes the data. There is no need to save","lastModifiedDate":"2025-10-23T00:42:18","isFullCredit":false},{"lineNumber":338,"author":{"gitId":"-"},"content":"manually.","lastModifiedDate":"2025-10-23T00:42:18","isFullCredit":false},{"lineNumber":339,"author":{"gitId":"-"},"content":"","lastModifiedDate":"2020-05-23T01:10:16","isFullCredit":false},{"lineNumber":340,"author":{"gitId":"-"},"content":"### Editing the data file","lastModifiedDate":"2021-02-04T00:18:23","isFullCredit":false},{"lineNumber":341,"author":{"gitId":"-"},"content":"","lastModifiedDate":"2021-02-04T00:18:23","isFullCredit":false},{"lineNumber":342,"author":{"gitId":"-"},"content":"BloodNet data are saved automatically as a JSON file `[JAR file location]/data/bloodnet.json`. Advanced users are","lastModifiedDate":"2025-10-23T00:42:18","isFullCredit":false},{"lineNumber":343,"author":{"gitId":"-"},"content":"welcome to update data directly by editing that data file.","lastModifiedDate":"2025-10-23T00:42:18","isFullCredit":false},{"lineNumber":344,"author":{"gitId":"-"},"content":"","lastModifiedDate":"2021-02-04T00:18:23","isFullCredit":false},{"lineNumber":345,"author":{"gitId":"-"},"content":"\u003cbox type\u003d\"warning\" seamless\u003e","lastModifiedDate":"2023-09-12T01:20:47","isFullCredit":false},{"lineNumber":346,"author":{"gitId":"-"},"content":"","lastModifiedDate":"2023-09-12T01:20:47","isFullCredit":false},{"lineNumber":347,"author":{"gitId":"-"},"content":"**Caution:**","lastModifiedDate":"2023-09-12T01:20:47","isFullCredit":false},{"lineNumber":348,"author":{"gitId":"-"},"content":"If your changes to the data file makes its format invalid, BloodNet will discard all data and start with an empty data","lastModifiedDate":"2025-10-23T00:42:18","isFullCredit":false},{"lineNumber":349,"author":{"gitId":"-"},"content":"file at the next run. Hence, it is recommended to take a backup of the file before editing it.\u003cbr\u003e","lastModifiedDate":"2025-10-23T00:42:18","isFullCredit":false},{"lineNumber":350,"author":{"gitId":"-"},"content":"Furthermore, certain edits can cause the BloodNet to behave in unexpected ways (e.g., if a value entered is outside the","lastModifiedDate":"2025-10-23T00:42:18","isFullCredit":false},{"lineNumber":351,"author":{"gitId":"-"},"content":"acceptable range). Therefore, edit the data file only if you are confident that you are able to update it correctly.","lastModifiedDate":"2025-10-30T05:12:34","isFullCredit":false},{"lineNumber":352,"author":{"gitId":"-"},"content":"\u003c/box\u003e","lastModifiedDate":"2023-09-12T01:20:47","isFullCredit":false},{"lineNumber":353,"author":{"gitId":"-"},"content":"","lastModifiedDate":"2021-02-04T00:18:23","isFullCredit":false},{"lineNumber":354,"author":{"gitId":"-"},"content":"--------------------------------------------------------------------------------------------------------------------","lastModifiedDate":"2020-05-23T01:10:16","isFullCredit":false},{"lineNumber":355,"author":{"gitId":"-"},"content":"","lastModifiedDate":"2020-05-23T01:10:16","isFullCredit":false},{"lineNumber":356,"author":{"gitId":"-"},"content":"## FAQ","lastModifiedDate":"2020-05-23T01:10:16","isFullCredit":false},{"lineNumber":357,"author":{"gitId":"-"},"content":"","lastModifiedDate":"2020-05-23T01:10:16","isFullCredit":false},{"lineNumber":358,"author":{"gitId":"-"},"content":"**Q**: How do I transfer my data to another Computer?\u003cbr\u003e","lastModifiedDate":"2020-05-23T01:10:16","isFullCredit":false},{"lineNumber":359,"author":{"gitId":"-"},"content":"**A**: Install the app in the other computer and overwrite the empty data file it creates with the file that contains","lastModifiedDate":"2025-10-23T00:42:18","isFullCredit":false},{"lineNumber":360,"author":{"gitId":"-"},"content":"the data of your previous BloodNet home folder.\u003cbr\u003e","lastModifiedDate":"2025-10-31T05:05:42","isFullCredit":false},{"lineNumber":361,"author":{"gitId":"-"},"content":"**Q**: Are the donor list and donation records list synchronised?","lastModifiedDate":"2025-10-29T18:17:53","isFullCredit":false},{"lineNumber":362,"author":{"gitId":"Eugene-Lek"},"content":"**A**: **No.** The two lists should be treated as largely independent. The only time they interact is for","lastModifiedDate":"2025-10-31T21:30:17","isFullCredit":false},{"lineNumber":363,"author":{"gitId":"Eugene-Lek"},"content":"donation-related commands that require a donor to be specified (e.g., `finddonations`, `adddonation`). In these cases,","lastModifiedDate":"2025-10-31T10:56:24","isFullCredit":false},{"lineNumber":364,"author":{"gitId":"Eugene-Lek"},"content":"the donor index used as a parameter is derived from the shown donor list.","lastModifiedDate":"2025-10-31T10:56:24","isFullCredit":false},{"lineNumber":365,"author":{"gitId":"-"},"content":"","lastModifiedDate":"2020-05-23T01:10:16","isFullCredit":false},{"lineNumber":366,"author":{"gitId":"-"},"content":"--------------------------------------------------------------------------------------------------------------------","lastModifiedDate":"2020-05-23T01:10:16","isFullCredit":false},{"lineNumber":367,"author":{"gitId":"-"},"content":"","lastModifiedDate":"2020-05-23T01:10:16","isFullCredit":false},{"lineNumber":368,"author":{"gitId":"-"},"content":"## Known issues","lastModifiedDate":"2023-09-08T13:05:01","isFullCredit":false},{"lineNumber":369,"author":{"gitId":"-"},"content":"","lastModifiedDate":"2023-09-08T13:05:01","isFullCredit":false},{"lineNumber":370,"author":{"gitId":"-"},"content":"1. **When using multiple screens**, if you move the application to a secondary screen, and later switch to using only","lastModifiedDate":"2025-10-23T00:42:18","isFullCredit":false},{"lineNumber":371,"author":{"gitId":"-"},"content":"   the primary screen, the GUI will open off-screen. The remedy is to delete the `preferences.json` file created by the","lastModifiedDate":"2025-10-23T00:42:18","isFullCredit":false},{"lineNumber":372,"author":{"gitId":"-"},"content":"   application before running the application again.","lastModifiedDate":"2025-10-23T00:42:18","isFullCredit":false},{"lineNumber":373,"author":{"gitId":"-"},"content":"2. **If you minimize the Help Window** and then run the `help` command (or use the `Help` menu, or the keyboard","lastModifiedDate":"2025-10-23T00:42:18","isFullCredit":false},{"lineNumber":374,"author":{"gitId":"-"},"content":"   shortcut `F1`) again, the original Help Window will remain minimized, and no new Help Window will appear. The remedy","lastModifiedDate":"2025-10-23T00:42:18","isFullCredit":false},{"lineNumber":375,"author":{"gitId":"-"},"content":"   is to manually restore the minimized Help Window.","lastModifiedDate":"2025-10-23T00:42:18","isFullCredit":false}],"authorContributionMap":{"Eugene-Lek":121,"-":254}}]
