{"authorDailyContributionsMap":{"Eugene-Lek":[],"TastyVeggy":[],"fsythw":[],"adityagk753":[],"flyingcat9":[]},"authorFileTypeContributionMap":{"Eugene-Lek":{"docs":0,"functional-code":0,"test-code":0},"TastyVeggy":{"docs":0,"functional-code":0,"test-code":0},"fsythw":{"docs":0,"functional-code":0,"test-code":0},"adityagk753":{"docs":0,"functional-code":0,"test-code":0},"flyingcat9":{"docs":0,"functional-code":0,"test-code":0}},"authorContributionVariance":{"Eugene-Lek":0.0,"TastyVeggy":0.0,"fsythw":0.0,"adityagk753":0.0,"flyingcat9":0.0},"authorDisplayNameMap":{"Eugene-Lek":"CS2103T-T16-4 LEK ..GENE","TastyVeggy":"CS2103T-T16-4 LIM ..XIUS","fsythw":"CS2103T-T16-4 WAN ..BETH","adityagk753":"CS2103T-T16-4 ADIT..LWAL","flyingcat9":"CS2103T-T16-4 ONG .. MIN"}}
