{"authorDailyContributionsMap":{"Eugene-Lek":[{"date":"2025-10-31T00:00:00","commitResults":[{"hash":"416530d1a800883f25573b9c19b2e5bab54e7478","isMergeCommit":false,"messageTitle":"enhance user guide","messageBody":"","fileTypesAndContributionMap":{"docs":{"insertions":66,"deletions":41}}},{"hash":"f59ed99ec9d1b0064d95388c95e9607583738acf","isMergeCommit":true,"messageTitle":"Merge branch \u0027master\u0027 into eugene/improve-ug","messageBody":"","fileTypesAndContributionMap":{}},{"hash":"f2f31121cfd35d3672fbe03170eb4facbb9ba9a9","isMergeCommit":true,"messageTitle":"Merge pull request #227 from Eugene-Lek/eugene/improve-ug","messageBody":"Eugene/improve ug","fileTypesAndContributionMap":{}},{"hash":"e1813f32d45525281c928dcaafd89737f35067de","isMergeCommit":false,"messageTitle":"enhance user guide","messageBody":"","fileTypesAndContributionMap":{"docs":{"insertions":12,"deletions":5}}},{"hash":"1cc69c53116c7bbb57acdebac2255bd671f698ad","isMergeCommit":true,"messageTitle":"Merge pull request #228 from Eugene-Lek/eugene/improve-ug","messageBody":"enhance user guide","fileTypesAndContributionMap":{}}]}],"TastyVeggy":[],"fsythw":[],"adityagk753":[],"flyingcat9":[]},"authorFileTypeContributionMap":{"Eugene-Lek":{"docs":55,"functional-code":0,"test-code":0},"TastyVeggy":{"docs":0,"functional-code":0,"test-code":0},"fsythw":{"docs":0,"functional-code":0,"test-code":0},"adityagk753":{"docs":0,"functional-code":0,"test-code":0},"flyingcat9":{"docs":0,"functional-code":0,"test-code":0}},"authorContributionVariance":{"Eugene-Lek":15376.0,"TastyVeggy":0.0,"fsythw":0.0,"adityagk753":0.0,"flyingcat9":0.0},"authorDisplayNameMap":{"Eugene-Lek":"CS2103T-T16-4 LEK ..GENE","TastyVeggy":"CS2103T-T16-4 LIM ..XIUS","fsythw":"CS2103T-T16-4 WAN ..BETH","adityagk753":"CS2103T-T16-4 ADIT..LWAL","flyingcat9":"CS2103T-T16-4 ONG .. MIN"}}
