{"authorDailyContributionsMap":{"Eugene-Lek":[{"date":"2025-10-31T00:00:00","commitResults":[{"hash":"416530d1a800883f25573b9c19b2e5bab54e7478","isMergeCommit":false,"messageTitle":"enhance user guide","messageBody":"","fileTypesAndContributionMap":{"docs":{"insertions":66,"deletions":41}}},{"hash":"f59ed99ec9d1b0064d95388c95e9607583738acf","isMergeCommit":true,"messageTitle":"Merge branch \u0027master\u0027 into eugene/improve-ug","messageBody":"","fileTypesAndContributionMap":{}},{"hash":"f2f31121cfd35d3672fbe03170eb4facbb9ba9a9","isMergeCommit":true,"messageTitle":"Merge pull request #227 from Eugene-Lek/eugene/improve-ug","messageBody":"Eugene/improve ug","fileTypesAndContributionMap":{}},{"hash":"e1813f32d45525281c928dcaafd89737f35067de","isMergeCommit":false,"messageTitle":"enhance user guide","messageBody":"","fileTypesAndContributionMap":{"docs":{"insertions":12,"deletions":5}}},{"hash":"1cc69c53116c7bbb57acdebac2255bd671f698ad","isMergeCommit":true,"messageTitle":"Merge pull request #228 from Eugene-Lek/eugene/improve-ug","messageBody":"enhance user guide","fileTypesAndContributionMap":{}},{"hash":"80ee0be9ccf62c981f947a3c209987f9c89ee2a0","isMergeCommit":false,"messageTitle":"fix","messageBody":"","fileTypesAndContributionMap":{"docs":{"insertions":79,"deletions":67}}}]},{"date":"2025-11-01T00:00:00","commitResults":[{"hash":"263d810538552dc2e01e989432d45857d4e8c003","isMergeCommit":true,"messageTitle":"Merge pull request #229 from Eugene-Lek/eugene/further-improve-ug","messageBody":"fix","fileTypesAndContributionMap":{}}]}],"TastyVeggy":[],"fsythw":[],"adityagk753":[],"flyingcat9":[{"date":"2025-11-01T00:00:00","commitResults":[{"hash":"1d99ded70fa3663bf62c76541e3b16651f8aa1e1","isMergeCommit":false,"messageTitle":"Fix blood type definition","messageBody":"","fileTypesAndContributionMap":{"docs":{"insertions":1,"deletions":1}}},{"hash":"93a66d470420d5833770b1619621cd47baf626ef","isMergeCommit":false,"messageTitle":"Fix spacing for the add command","messageBody":"","fileTypesAndContributionMap":{"docs":{"insertions":5,"deletions":5}}},{"hash":"e17d62e748b841855cb88957947d5cb9d34d6382","isMergeCommit":false,"messageTitle":"Provide a better explanation for dd-MM-yyyy","messageBody":"","fileTypesAndContributionMap":{"docs":{"insertions":1,"deletions":1}}},{"hash":"74b183d142d8c3071527d79d461cec9a0e19fd32","isMergeCommit":true,"messageTitle":"Merge pull request #314 from flyingcat9/fix-blood-type-definition","messageBody":"Fix blood type definition","fileTypesAndContributionMap":{}}]}]},"authorFileTypeContributionMap":{"Eugene-Lek":{"docs":119,"functional-code":0,"test-code":0},"TastyVeggy":{"docs":0,"functional-code":0,"test-code":0},"fsythw":{"docs":0,"functional-code":0,"test-code":0},"adityagk753":{"docs":0,"functional-code":0,"test-code":0},"flyingcat9":{"docs":6,"functional-code":0,"test-code":0}},"authorContributionVariance":{"Eugene-Lek":72900.0,"TastyVeggy":0.0,"fsythw":0.0,"adityagk753":0.0,"flyingcat9":196.0},"authorDisplayNameMap":{"Eugene-Lek":"CS2103T-T16-4 LEK ..GENE","TastyVeggy":"CS2103T-T16-4 LIM ..XIUS","fsythw":"CS2103T-T16-4 WAN ..BETH","adityagk753":"CS2103T-T16-4 ADIT..LWAL","flyingcat9":"CS2103T-T16-4 ONG .. MIN"}}
