{"authorDailyContributionsMap":{"bentandj":[],"c-j-lh":[{"date":"2025-11-01T00:00:00","commitResults":[{"hash":"9b6cd66a4062e6bd7a9fc64804415a1564ab7e37","isMergeCommit":false,"messageTitle":"Address comments","messageBody":"","fileTypesAndContributionMap":{"functional-code":{"insertions":1,"deletions":1},"docs":{"insertions":10,"deletions":10}}},{"hash":"19fd1b8976a5de9664a9d3cc3f47c522b7843f35","isMergeCommit":true,"messageTitle":"Merge branch \u0027master\u0027 into address-b","messageBody":"","fileTypesAndContributionMap":{}},{"hash":"19984fd5c202683e6b7bce133d500d1101b21677","isMergeCommit":true,"messageTitle":"Merge pull request #246 from c-j-lh/address-b","messageBody":"Address comments","fileTypesAndContributionMap":{}}]}],"LABDHH":[],"mihirshah2005":[],"recursive-rc":[]},"authorFileTypeContributionMap":{"bentandj":{"docs":0,"functional-code":0,"test-code":0},"c-j-lh":{"docs":5,"functional-code":1,"test-code":0},"LABDHH":{"docs":0,"functional-code":0,"test-code":0},"mihirshah2005":{"docs":0,"functional-code":0,"test-code":0},"recursive-rc":{"docs":0,"functional-code":0,"test-code":0}},"authorContributionVariance":{"bentandj":0.0,"c-j-lh":484.0,"LABDHH":0.0,"mihirshah2005":0.0,"recursive-rc":0.0},"authorDisplayNameMap":{"bentandj":"CS2103T-F10-1 BENE.. JIN","c-j-lh":"CS2103T-F10-1 CHIE..HENG","LABDHH":"CS2103T-F10-1 SHAR..ABDH","mihirshah2005":"CS2103T-F10-1 SHAH..UNIL","recursive-rc":"CS2103T-F10-1 RANE..CHOW"}}
