{"authorDailyContributionsMap":{"ziheng119":[],"lihloway":[],"Cavannn":[],"bacenl":[],"ctrf03":[]},"authorFileTypeContributionMap":{"ziheng119":{"docs":0,"functional-code":0,"test-code":0},"lihloway":{"docs":0,"functional-code":0,"test-code":0},"Cavannn":{"docs":0,"functional-code":0,"test-code":0},"bacenl":{"docs":0,"functional-code":0,"test-code":0},"ctrf03":{"docs":0,"functional-code":0,"test-code":0}},"authorContributionVariance":{"ziheng119":0.0,"lihloway":0.0,"Cavannn":0.0,"bacenl":0.0,"ctrf03":0.0},"authorDisplayNameMap":{"ziheng119":"CS2103T-F12-3 GAN ..HENG","lihloway":"CS2103T-F12-3 TAY .. LIN","Cavannn":"CS2103T-F12-3 CAVA.. XUN","bacenl":"CS2103T-F12-3 YAP ..THAN","ctrf03":"CS2103T-F12-3 TAY ..NTON"}}
