[{"path":"build.gradle","fileType":"other","lines":[{"lineNumber":1,"author":{"gitId":"-"},"content":"plugins {","lastModifiedDate":"2016-08-29T16:48:19","isFullCredit":false},{"lineNumber":2,"author":{"gitId":"-"},"content":"    id \u0027java\u0027","lastModifiedDate":"2017-12-05T13:30:01","isFullCredit":false},{"lineNumber":3,"author":{"gitId":"-"},"content":"    id \u0027checkstyle\u0027","lastModifiedDate":"2017-12-05T13:30:01","isFullCredit":false},{"lineNumber":4,"author":{"gitId":"-"},"content":"    id \u0027com.github.johnrengelman.shadow\u0027 version \u00277.1.2\u0027","lastModifiedDate":"2022-06-17T23:10:35","isFullCredit":false},{"lineNumber":5,"author":{"gitId":"-"},"content":"    id \u0027application\u0027","lastModifiedDate":"2016-12-08T19:10:38","isFullCredit":false},{"lineNumber":6,"author":{"gitId":"-"},"content":"    id \u0027jacoco\u0027","lastModifiedDate":"2020-08-07T19:03:05","isFullCredit":false},{"lineNumber":7,"author":{"gitId":"-"},"content":"}","lastModifiedDate":"2016-08-29T16:48:19","isFullCredit":false},{"lineNumber":8,"author":{"gitId":"-"},"content":"","lastModifiedDate":"2016-08-29T16:48:19","isFullCredit":false},{"lineNumber":9,"author":{"gitId":"-"},"content":"mainClassName \u003d \u0027tutortrack.Main\u0027","lastModifiedDate":"2025-10-09T22:35:10","isFullCredit":false},{"lineNumber":10,"author":{"gitId":"-"},"content":"","lastModifiedDate":"2016-12-08T19:10:38","isFullCredit":false},{"lineNumber":11,"author":{"gitId":"-"},"content":"sourceCompatibility \u003d JavaVersion.VERSION_17","lastModifiedDate":"2024-07-11T14:00:08","isFullCredit":false},{"lineNumber":12,"author":{"gitId":"-"},"content":"targetCompatibility \u003d JavaVersion.VERSION_17","lastModifiedDate":"2024-07-11T14:00:08","isFullCredit":false},{"lineNumber":13,"author":{"gitId":"-"},"content":"","lastModifiedDate":"2016-08-08T17:32:17","isFullCredit":false},{"lineNumber":14,"author":{"gitId":"-"},"content":"repositories {","lastModifiedDate":"2016-08-08T17:32:17","isFullCredit":false},{"lineNumber":15,"author":{"gitId":"-"},"content":"    mavenCentral()","lastModifiedDate":"2016-08-08T17:32:17","isFullCredit":false},{"lineNumber":16,"author":{"gitId":"-"},"content":"    maven { url \u0027https://oss.sonatype.org/content/repositories/snapshots/\u0027 }","lastModifiedDate":"2018-04-11T13:15:12","isFullCredit":false},{"lineNumber":17,"author":{"gitId":"-"},"content":"}","lastModifiedDate":"2016-08-08T17:32:17","isFullCredit":false},{"lineNumber":18,"author":{"gitId":"-"},"content":"","lastModifiedDate":"2016-08-08T17:32:17","isFullCredit":false},{"lineNumber":19,"author":{"gitId":"-"},"content":"checkstyle {","lastModifiedDate":"2016-10-12T23:57:24","isFullCredit":false},{"lineNumber":20,"author":{"gitId":"-"},"content":"    toolVersion \u003d \u002711.0.0\u0027","lastModifiedDate":"2025-09-07T12:39:28","isFullCredit":false},{"lineNumber":21,"author":{"gitId":"-"},"content":"}","lastModifiedDate":"2016-10-12T23:57:24","isFullCredit":false},{"lineNumber":22,"author":{"gitId":"-"},"content":"","lastModifiedDate":"2016-10-12T23:57:24","isFullCredit":false},{"lineNumber":23,"author":{"gitId":"-"},"content":"test {","lastModifiedDate":"2018-03-23T16:51:24","isFullCredit":false},{"lineNumber":24,"author":{"gitId":"-"},"content":"    useJUnitPlatform()","lastModifiedDate":"2018-03-23T16:51:24","isFullCredit":false},{"lineNumber":25,"author":{"gitId":"-"},"content":"    finalizedBy jacocoTestReport","lastModifiedDate":"2020-08-07T19:03:05","isFullCredit":false},{"lineNumber":26,"author":{"gitId":"-"},"content":"}","lastModifiedDate":"2020-08-07T19:03:05","isFullCredit":false},{"lineNumber":27,"author":{"gitId":"-"},"content":"","lastModifiedDate":"2020-08-07T19:03:05","isFullCredit":false},{"lineNumber":28,"author":{"gitId":"Sophie-lmy"},"content":"tasks.named(\u0027run\u0027) {","lastModifiedDate":"2025-10-31T21:06:10","isFullCredit":false},{"lineNumber":29,"author":{"gitId":"Sophie-lmy"},"content":"    jvmArgs \u0027-ea\u0027","lastModifiedDate":"2025-10-31T21:06:10","isFullCredit":false},{"lineNumber":30,"author":{"gitId":"Sophie-lmy"},"content":"}","lastModifiedDate":"2025-10-31T21:06:10","isFullCredit":false},{"lineNumber":31,"author":{"gitId":"Sophie-lmy"},"content":"","lastModifiedDate":"2025-10-31T21:06:10","isFullCredit":false},{"lineNumber":32,"author":{"gitId":"-"},"content":"task coverage(type: JacocoReport) {","lastModifiedDate":"2020-08-07T19:03:05","isFullCredit":false},{"lineNumber":33,"author":{"gitId":"-"},"content":"    sourceDirectories.from files(sourceSets.main.allSource.srcDirs)","lastModifiedDate":"2020-08-07T19:03:05","isFullCredit":false},{"lineNumber":34,"author":{"gitId":"-"},"content":"    classDirectories.from files(sourceSets.main.output)","lastModifiedDate":"2020-08-07T19:03:05","isFullCredit":false},{"lineNumber":35,"author":{"gitId":"-"},"content":"    executionData.from files(jacocoTestReport.executionData)","lastModifiedDate":"2020-08-07T19:03:05","isFullCredit":false},{"lineNumber":36,"author":{"gitId":"-"},"content":"    afterEvaluate {","lastModifiedDate":"2020-08-07T19:03:05","isFullCredit":false},{"lineNumber":37,"author":{"gitId":"-"},"content":"        classDirectories.from files(classDirectories.files.collect {","lastModifiedDate":"2020-08-07T19:03:05","isFullCredit":false},{"lineNumber":38,"author":{"gitId":"-"},"content":"            fileTree(dir: it, exclude: [\u0027**/*.jar\u0027])","lastModifiedDate":"2020-08-07T19:03:05","isFullCredit":false},{"lineNumber":39,"author":{"gitId":"-"},"content":"        })","lastModifiedDate":"2020-08-07T19:03:05","isFullCredit":false},{"lineNumber":40,"author":{"gitId":"-"},"content":"    }","lastModifiedDate":"2020-08-07T19:03:05","isFullCredit":false},{"lineNumber":41,"author":{"gitId":"-"},"content":"    reports {","lastModifiedDate":"2020-08-07T19:03:05","isFullCredit":false},{"lineNumber":42,"author":{"gitId":"-"},"content":"        html.required \u003d true","lastModifiedDate":"2022-06-17T23:10:35","isFullCredit":false},{"lineNumber":43,"author":{"gitId":"-"},"content":"        xml.required \u003d true","lastModifiedDate":"2022-06-17T23:10:35","isFullCredit":false},{"lineNumber":44,"author":{"gitId":"-"},"content":"    }","lastModifiedDate":"2020-08-07T19:03:05","isFullCredit":false},{"lineNumber":45,"author":{"gitId":"-"},"content":"}","lastModifiedDate":"2018-03-23T16:51:24","isFullCredit":false},{"lineNumber":46,"author":{"gitId":"-"},"content":"","lastModifiedDate":"2018-03-23T16:51:24","isFullCredit":false},{"lineNumber":47,"author":{"gitId":"-"},"content":"dependencies {","lastModifiedDate":"2016-08-08T17:32:17","isFullCredit":false},{"lineNumber":48,"author":{"gitId":"-"},"content":"    String jUnitVersion \u003d \u00275.4.0\u0027","lastModifiedDate":"2019-02-10T15:18:56","isFullCredit":false},{"lineNumber":49,"author":{"gitId":"-"},"content":"    String javaFxVersion \u003d \u002717.0.7\u0027","lastModifiedDate":"2023-07-27T07:45:49","isFullCredit":false},{"lineNumber":50,"author":{"gitId":"-"},"content":"","lastModifiedDate":"2019-02-08T21:51:21","isFullCredit":false},{"lineNumber":51,"author":{"gitId":"-"},"content":"    implementation group: \u0027org.openjfx\u0027, name: \u0027javafx-base\u0027, version: javaFxVersion, classifier: \u0027win\u0027","lastModifiedDate":"2019-02-19T23:48:38","isFullCredit":false},{"lineNumber":52,"author":{"gitId":"-"},"content":"    implementation group: \u0027org.openjfx\u0027, name: \u0027javafx-base\u0027, version: javaFxVersion, classifier: \u0027mac\u0027","lastModifiedDate":"2019-02-19T23:48:38","isFullCredit":false},{"lineNumber":53,"author":{"gitId":"-"},"content":"    implementation group: \u0027org.openjfx\u0027, name: \u0027javafx-base\u0027, version: javaFxVersion, classifier: \u0027linux\u0027","lastModifiedDate":"2019-02-19T23:48:38","isFullCredit":false},{"lineNumber":54,"author":{"gitId":"-"},"content":"    implementation group: \u0027org.openjfx\u0027, name: \u0027javafx-controls\u0027, version: javaFxVersion, classifier: \u0027win\u0027","lastModifiedDate":"2019-02-19T23:48:38","isFullCredit":false},{"lineNumber":55,"author":{"gitId":"-"},"content":"    implementation group: \u0027org.openjfx\u0027, name: \u0027javafx-controls\u0027, version: javaFxVersion, classifier: \u0027mac\u0027","lastModifiedDate":"2019-02-19T23:48:38","isFullCredit":false},{"lineNumber":56,"author":{"gitId":"-"},"content":"    implementation group: \u0027org.openjfx\u0027, name: \u0027javafx-controls\u0027, version: javaFxVersion, classifier: \u0027linux\u0027","lastModifiedDate":"2019-02-19T23:48:38","isFullCredit":false},{"lineNumber":57,"author":{"gitId":"-"},"content":"    implementation group: \u0027org.openjfx\u0027, name: \u0027javafx-fxml\u0027, version: javaFxVersion, classifier: \u0027win\u0027","lastModifiedDate":"2019-02-19T23:48:38","isFullCredit":false},{"lineNumber":58,"author":{"gitId":"-"},"content":"    implementation group: \u0027org.openjfx\u0027, name: \u0027javafx-fxml\u0027, version: javaFxVersion, classifier: \u0027mac\u0027","lastModifiedDate":"2019-02-19T23:48:38","isFullCredit":false},{"lineNumber":59,"author":{"gitId":"-"},"content":"    implementation group: \u0027org.openjfx\u0027, name: \u0027javafx-fxml\u0027, version: javaFxVersion, classifier: \u0027linux\u0027","lastModifiedDate":"2019-02-19T23:48:38","isFullCredit":false},{"lineNumber":60,"author":{"gitId":"-"},"content":"    implementation group: \u0027org.openjfx\u0027, name: \u0027javafx-graphics\u0027, version: javaFxVersion, classifier: \u0027win\u0027","lastModifiedDate":"2019-02-19T23:48:38","isFullCredit":false},{"lineNumber":61,"author":{"gitId":"-"},"content":"    implementation group: \u0027org.openjfx\u0027, name: \u0027javafx-graphics\u0027, version: javaFxVersion, classifier: \u0027mac\u0027","lastModifiedDate":"2019-02-19T23:48:38","isFullCredit":false},{"lineNumber":62,"author":{"gitId":"-"},"content":"    implementation group: \u0027org.openjfx\u0027, name: \u0027javafx-graphics\u0027, version: javaFxVersion, classifier: \u0027linux\u0027","lastModifiedDate":"2019-02-19T23:48:38","isFullCredit":false},{"lineNumber":63,"author":{"gitId":"-"},"content":"","lastModifiedDate":"2017-12-05T13:35:26","isFullCredit":false},{"lineNumber":64,"author":{"gitId":"-"},"content":"    implementation group: \u0027com.fasterxml.jackson.core\u0027, name: \u0027jackson-databind\u0027, version: \u00272.7.0\u0027","lastModifiedDate":"2018-03-29T09:46:28","isFullCredit":false},{"lineNumber":65,"author":{"gitId":"-"},"content":"    implementation group: \u0027com.fasterxml.jackson.datatype\u0027, name: \u0027jackson-datatype-jsr310\u0027, version: \u00272.7.4\u0027","lastModifiedDate":"2018-03-29T09:46:28","isFullCredit":false},{"lineNumber":66,"author":{"gitId":"-"},"content":"","lastModifiedDate":"2017-12-05T13:35:26","isFullCredit":false},{"lineNumber":67,"author":{"gitId":"-"},"content":"    testImplementation group: \u0027org.junit.jupiter\u0027, name: \u0027junit-jupiter-api\u0027, version: jUnitVersion","lastModifiedDate":"2018-03-23T16:51:24","isFullCredit":false},{"lineNumber":68,"author":{"gitId":"-"},"content":"","lastModifiedDate":"2018-03-23T16:51:24","isFullCredit":false},{"lineNumber":69,"author":{"gitId":"-"},"content":"    testRuntimeOnly group: \u0027org.junit.jupiter\u0027, name: \u0027junit-jupiter-engine\u0027, version: jUnitVersion","lastModifiedDate":"2018-03-23T16:51:24","isFullCredit":false},{"lineNumber":70,"author":{"gitId":"-"},"content":"}","lastModifiedDate":"2016-08-08T17:32:17","isFullCredit":false},{"lineNumber":71,"author":{"gitId":"-"},"content":"","lastModifiedDate":"2016-08-29T18:15:51","isFullCredit":false},{"lineNumber":72,"author":{"gitId":"-"},"content":"shadowJar {","lastModifiedDate":"2016-08-29T18:15:51","isFullCredit":false},{"lineNumber":73,"author":{"gitId":"-"},"content":"    archiveFileName \u003d \u0027tutortrack.jar\u0027","lastModifiedDate":"2025-10-16T22:55:41","isFullCredit":false},{"lineNumber":74,"author":{"gitId":"-"},"content":"}","lastModifiedDate":"2016-08-29T18:15:51","isFullCredit":false},{"lineNumber":75,"author":{"gitId":"-"},"content":"","lastModifiedDate":"2016-08-08T17:32:17","isFullCredit":false},{"lineNumber":76,"author":{"gitId":"-"},"content":"defaultTasks \u0027clean\u0027, \u0027test\u0027","lastModifiedDate":"2020-05-23T01:10:16","isFullCredit":false}],"authorContributionMap":{"Sophie-lmy":4,"-":72}}]
