{"authorDailyContributionsMap":{"Cheeden":[],"Sophie-lmy":[{"date":"2025-10-31T00:00:00","commitResults":[{"hash":"bbce1056b721bf66bd4ee7af6b719d4460065912","isMergeCommit":false,"messageTitle":"enable assert","messageBody":"","fileTypesAndContributionMap":{"other":{"insertions":4,"deletions":0}}},{"hash":"e498ae9b65bf8c63f9fba742fe108125f3a8cd60","isMergeCommit":true,"messageTitle":"Merge branch \u0027master\u0027 of https://github.com/AY2526S1-CS2103T-W11-4/tp into enable-assert","messageBody":"","fileTypesAndContributionMap":{}}]}],"nicksonho":[],"yatihe01":[{"date":"2025-10-31T00:00:00","commitResults":[{"hash":"39d19131e74db243c5b47c9cca75d218e6a47a2f","isMergeCommit":true,"messageTitle":"Merge pull request #233 from Sophie-lmy/enable-assert","messageBody":"Enable assert","fileTypesAndContributionMap":{}}]}],"waynetanjh":[]},"authorFileTypeContributionMap":{"Cheeden":{"docs":0,"functional-code":0,"test-code":0},"Sophie-lmy":{"docs":0,"functional-code":0,"test-code":0,"other":4},"nicksonho":{"docs":0,"functional-code":0,"test-code":0},"yatihe01":{"docs":0,"functional-code":0,"test-code":0},"waynetanjh":{"docs":0,"functional-code":0,"test-code":0}},"authorContributionVariance":{"Cheeden":0.0,"Sophie-lmy":16.0,"nicksonho":0.0,"yatihe01":0.0,"waynetanjh":0.0},"authorDisplayNameMap":{"Cheeden":"CS2103T-W11-4 LIM ..OONG","Sophie-lmy":"CS2103T-W11-4 LI M..NGYU","nicksonho":"CS2103T-W11-4 NICK..HENG","yatihe01":"CS2103T-W11-4 HE Y..YATI","waynetanjh":"CS2103T-W11-4 WAYN..HENG"}}
