{"authorDailyContributionsMap":{"Cheeden":[],"Sophie-lmy":[],"nicksonho":[],"yatihe01":[],"waynetanjh":[]},"authorFileTypeContributionMap":{"Cheeden":{"docs":0,"functional-code":0,"test-code":0},"Sophie-lmy":{"docs":0,"functional-code":0,"test-code":0},"nicksonho":{"docs":0,"functional-code":0,"test-code":0},"yatihe01":{"docs":0,"functional-code":0,"test-code":0},"waynetanjh":{"docs":0,"functional-code":0,"test-code":0}},"authorContributionVariance":{"Cheeden":0.0,"Sophie-lmy":0.0,"nicksonho":0.0,"yatihe01":0.0,"waynetanjh":0.0},"authorDisplayNameMap":{"Cheeden":"CS2103T-W11-4 LIM ..OONG","Sophie-lmy":"CS2103T-W11-4 LI M..NGYU","nicksonho":"CS2103T-W11-4 NICK..HENG","yatihe01":"CS2103T-W11-4 HE Y..YATI","waynetanjh":"CS2103T-W11-4 WAYN..HENG"}}
