{"authorDailyContributionsMap":{"gabrieltang515":[],"ChekaLowQiJun":[{"date":"2025-11-01T00:00:00","commitResults":[{"hash":"9b3051ac374b68cf145f1e7fa1fc9a99a3f8cc13","isMergeCommit":false,"messageTitle":"Edit DG with PED improvements","messageBody":"","fileTypesAndContributionMap":{"docs":{"insertions":9,"deletions":7}}},{"hash":"bc19b0a9b62717eb11cfc0140ba24052d43a54c6","isMergeCommit":false,"messageTitle":"Fix phrasing","messageBody":"","fileTypesAndContributionMap":{"docs":{"insertions":1,"deletions":1}}},{"hash":"c614ffd622fe08650e221841ebcea78862615bd6","isMergeCommit":false,"messageTitle":"Edit UG with PED improvements","messageBody":"","fileTypesAndContributionMap":{"docs":{"insertions":11,"deletions":4}}},{"hash":"4f148ac12dc49f9b502e3b1f3210bb52f92a18f9","isMergeCommit":true,"messageTitle":"Merge branch \u0027master\u0027 into edit-ug-ped-improvements","messageBody":"","fileTypesAndContributionMap":{}},{"hash":"90f7993fd9048334a270524ffcfeb34e81a6ba75","isMergeCommit":true,"messageTitle":"Merge pull request #336 from ChekaLowQiJun/edit-dg-ped-improvements","messageBody":"fix: Edit DG with PED improvements","fileTypesAndContributionMap":{}},{"hash":"cdaccb803b921e89886a982d07a35fff3f2d671c","isMergeCommit":true,"messageTitle":"Merge pull request #339 from ChekaLowQiJun/edit-ug-ped-improvements","messageBody":"fix: Edit UG with PED improvements","fileTypesAndContributionMap":{}},{"hash":"cad2bd175e6bf21f1278905759a9322ddb632875","isMergeCommit":false,"messageTitle":"Fix links","messageBody":"","fileTypesAndContributionMap":{"docs":{"insertions":5,"deletions":6}}},{"hash":"71da027faf692010ad464a2443d283aef7334a6a","isMergeCommit":true,"messageTitle":"Merge pull request #341 from ChekaLowQiJun/edit-dg-ped-improvements","messageBody":"fix: Fix links","fileTypesAndContributionMap":{}}]}],"Juink4i":[],"yuanz03":[],"jovnc":[{"date":"2025-11-01T00:00:00","commitResults":[{"hash":"91bb434c0843d695ac623af660934f11c660d3ec","isMergeCommit":false,"messageTitle":"docs: Update TOC and update quick start","messageBody":"","fileTypesAndContributionMap":{"docs":{"insertions":15,"deletions":12}}},{"hash":"ed7a9c31905e547bcc8ca49057afd3f22aeb15bd","isMergeCommit":false,"messageTitle":"docs: Fix example formatting","messageBody":"","fileTypesAndContributionMap":{"docs":{"insertions":1,"deletions":1}}},{"hash":"00152ea016d78e5687a74e3721ff8cee3752ee1a","isMergeCommit":false,"messageTitle":"docs: Add more information on player details","messageBody":"","fileTypesAndContributionMap":{"docs":{"insertions":30,"deletions":18}}},{"hash":"e91a6ec8ce242b179f852adadb5e77b51a132e61","isMergeCommit":false,"messageTitle":"docs: Fix spacing in global feature behaviour","messageBody":"","fileTypesAndContributionMap":{"docs":{"insertions":6,"deletions":6}}},{"hash":"a769585a78bec645063758649e6f34a3fbde4513","isMergeCommit":false,"messageTitle":"docs: Add more details to email","messageBody":"","fileTypesAndContributionMap":{"docs":{"insertions":2,"deletions":1}}},{"hash":"afca30a6df06e209cedeab3655cd41e51ea9f14e","isMergeCommit":true,"messageTitle":"Merge pull request #334 from jovnc/fix/pe-d-bugs","messageBody":"Update User Guide to address some PE-D issues","fileTypesAndContributionMap":{}},{"hash":"130fd288b483f83322b97dc5317eea778213a65f","isMergeCommit":false,"messageTitle":"docs: Add planned enhancement section","messageBody":"","fileTypesAndContributionMap":{"docs":{"insertions":94,"deletions":0}}},{"hash":"6f22dbd8723dfa0563d378862e45e0040ad5e0a0","isMergeCommit":false,"messageTitle":"docs: Add information about Player and AddressBook","messageBody":"","fileTypesAndContributionMap":{"docs":{"insertions":20,"deletions":1}}},{"hash":"e94bef4ece94b57cb42d260a094a7576932c59f0","isMergeCommit":false,"messageTitle":"docs: Standardise using American English","messageBody":"","fileTypesAndContributionMap":{"docs":{"insertions":9,"deletions":9}}},{"hash":"530be09b418ffc079c72887709deeb74a50eb489","isMergeCommit":false,"messageTitle":"docs: Improve wording for planned enhancements","messageBody":"","fileTypesAndContributionMap":{"docs":{"insertions":10,"deletions":11}}},{"hash":"192d7955fb8b69d83c2ca7ef8f98587001cfaf0d","isMergeCommit":true,"messageTitle":"Merge pull request #338 from jovnc/docs/planned-enhancement","messageBody":"docs: Add planned enhancement section","fileTypesAndContributionMap":{}}]}]},"authorFileTypeContributionMap":{"gabrieltang515":{"docs":0,"functional-code":0,"test-code":0},"ChekaLowQiJun":{"docs":20,"functional-code":0,"test-code":0},"Juink4i":{"docs":0,"functional-code":0,"test-code":0},"yuanz03":{"docs":0,"functional-code":0,"test-code":0},"jovnc":{"docs":162,"functional-code":0,"test-code":0}},"authorContributionVariance":{"gabrieltang515":0.0,"ChekaLowQiJun":1936.0,"Juink4i":0.0,"yuanz03":0.0,"jovnc":60516.0},"authorDisplayNameMap":{"gabrieltang515":"CS2103T-T13-3 GABR..YUAN","ChekaLowQiJun":"CS2103T-T13-3 LOW ..HEKA","Juink4i":"CS2103T-T13-3 FOO .. KAI","yuanz03":"CS2103T-T13-3 CHIN..TIAN","jovnc":"CS2103T-T13-3 JOVA..NGEN"}}
