{"authorDailyContributionsMap":{"yonglinnnnnn":[],"calebanana":[],"DannyOnCode":[],"Z-Puyu":[],"kahkoii":[]},"authorFileTypeContributionMap":{"yonglinnnnnn":{"docs":0,"functional-code":0,"test-code":0},"calebanana":{"docs":0,"functional-code":0,"test-code":0},"DannyOnCode":{"docs":0,"functional-code":0,"test-code":0},"Z-Puyu":{"docs":0,"functional-code":0,"test-code":0},"kahkoii":{"docs":0,"functional-code":0,"test-code":0}},"authorContributionVariance":{"yonglinnnnnn":0.0,"calebanana":0.0,"DannyOnCode":0.0,"Z-Puyu":0.0,"kahkoii":0.0},"authorDisplayNameMap":{"yonglinnnnnn":"CS2103-F12-1 XU Y.. LIN","calebanana":"CS2103-F12-1 CALE..N YU","DannyOnCode":"CS2103-F12-1 DANN..TIAN","Z-Puyu":"CS2103-F12-1 ZHAN..PUYU","kahkoii":"CS2103-F12-1 SWEE..H HO"}}
