{"authorDailyContributionsMap":{"grenn24":[],"iZUMi-kyouka":[],"shriniket03":[],"Eilyss":[],"hylinny":[]},"authorFileTypeContributionMap":{"grenn24":{"docs":0,"functional-code":0,"test-code":0},"iZUMi-kyouka":{"docs":0,"functional-code":0,"test-code":0},"shriniket03":{"docs":0,"functional-code":0,"test-code":0},"Eilyss":{"docs":0,"functional-code":0,"test-code":0},"hylinny":{"docs":0,"functional-code":0,"test-code":0}},"authorContributionVariance":{"grenn24":0.0,"iZUMi-kyouka":0.0,"shriniket03":0.0,"Eilyss":0.0,"hylinny":0.0},"authorDisplayNameMap":{"grenn24":"CS2103T-F09-3 HOO ..HENG","iZUMi-kyouka":"CS2103T-F09-3 FLOR..NELY","shriniket03":"CS2103T-F09-3 SHRI..NIAN","Eilyss":"CS2103T-F09-3 FOO .. HAN","hylinny":"CS2103T-F09-3 LIN ..OYUE"}}
