{"authorDailyContributionsMap":{"seanrh34":[],"rotarykirby":[],"pohanson":[],"NihaalManaf":[]},"authorFileTypeContributionMap":{"seanrh34":{"docs":0,"functional-code":0,"test-code":0},"rotarykirby":{"docs":0,"functional-code":0,"test-code":0},"pohanson":{"docs":0,"functional-code":0,"test-code":0},"NihaalManaf":{"docs":0,"functional-code":0,"test-code":0}},"authorContributionVariance":{"seanrh34":0.0,"rotarykirby":0.0,"pohanson":0.0,"NihaalManaf":0.0},"authorDisplayNameMap":{"seanrh34":"CS2103T-T08-2 SEAN..ANTO","rotarykirby":"CS2103T-T08-2 ZHAO..XUAN","pohanson":"CS2103T-T08-2 POH ..NSON","NihaalManaf":"CS2103T-T08-2 NIHA..ANAF"}}
