[{"path":"docs/AboutUs.md","fileType":"docs","lines":[{"lineNumber":1,"author":{"gitId":"-"},"content":"---","lastModifiedDate":"2020-05-23T01:10:16","isFullCredit":false},{"lineNumber":2,"author":{"gitId":"-"},"content":"layout: page","lastModifiedDate":"2020-05-23T01:10:16","isFullCredit":false},{"lineNumber":3,"author":{"gitId":"-"},"content":"title: About Us","lastModifiedDate":"2020-05-23T01:10:16","isFullCredit":false},{"lineNumber":4,"author":{"gitId":"-"},"content":"---","lastModifiedDate":"2020-05-23T01:10:16","isFullCredit":false},{"lineNumber":5,"author":{"gitId":"-"},"content":"","lastModifiedDate":"2020-05-23T01:10:16","isFullCredit":false},{"lineNumber":6,"author":{"gitId":"-"},"content":"We are a team based in the [School of Computing, National University of Singapore](https://www.comp.nus.edu.sg).","lastModifiedDate":"2024-07-20T12:38:40","isFullCredit":false},{"lineNumber":7,"author":{"gitId":"-"},"content":"","lastModifiedDate":"2020-05-23T01:10:16","isFullCredit":false},{"lineNumber":8,"author":{"gitId":"-"},"content":"You can reach us at the email `seer[at]comp.nus.edu.sg`","lastModifiedDate":"2020-06-17T23:33:00","isFullCredit":false},{"lineNumber":9,"author":{"gitId":"-"},"content":"","lastModifiedDate":"2020-06-17T23:33:00","isFullCredit":false},{"lineNumber":10,"author":{"gitId":"-"},"content":"## Project team","lastModifiedDate":"2020-06-07T16:51:22","isFullCredit":false},{"lineNumber":11,"author":{"gitId":"-"},"content":"","lastModifiedDate":"2020-05-23T01:10:16","isFullCredit":false},{"lineNumber":12,"author":{"gitId":"-"},"content":"### Ashmita Haldar","lastModifiedDate":"2025-10-01T23:28:01","isFullCredit":false},{"lineNumber":13,"author":{"gitId":"-"},"content":"","lastModifiedDate":"2025-10-01T23:28:01","isFullCredit":false},{"lineNumber":14,"author":{"gitId":"-"},"content":"\u003cimg src\u003d\"images/ashmitahaldar.png\" width\u003d\"200px\"\u003e","lastModifiedDate":"2025-10-01T23:28:01","isFullCredit":false},{"lineNumber":15,"author":{"gitId":"-"},"content":"","lastModifiedDate":"2020-05-23T01:10:16","isFullCredit":false},{"lineNumber":16,"author":{"gitId":"-"},"content":"[[homepage](http://www.comp.nus.edu.sg/~damithch)]","lastModifiedDate":"2020-05-23T01:10:16","isFullCredit":false},{"lineNumber":17,"author":{"gitId":"-"},"content":"[[github](https://github.com/ashmitahaldar)]","lastModifiedDate":"2025-10-01T23:28:01","isFullCredit":false},{"lineNumber":18,"author":{"gitId":"ashmitahaldar"},"content":"[[portfolio](https://ashmitahaldar.com)]","lastModifiedDate":"2025-10-31T11:33:52","isFullCredit":false},{"lineNumber":19,"author":{"gitId":"-"},"content":"","lastModifiedDate":"2020-05-23T01:10:16","isFullCredit":false},{"lineNumber":20,"author":{"gitId":"ashmitahaldar"},"content":"* Role: Project Advisor \u0026 Developer","lastModifiedDate":"2025-10-31T11:33:52","isFullCredit":false},{"lineNumber":21,"author":{"gitId":"ashmitahaldar"},"content":"* Responsibilities: Coding","lastModifiedDate":"2025-10-31T11:33:52","isFullCredit":false},{"lineNumber":22,"author":{"gitId":"-"},"content":"","lastModifiedDate":"2020-05-23T01:10:16","isFullCredit":false},{"lineNumber":23,"author":{"gitId":"-"},"content":"### Kulkarni Venugopal Vasant","lastModifiedDate":"2025-10-01T23:28:01","isFullCredit":false},{"lineNumber":24,"author":{"gitId":"-"},"content":"","lastModifiedDate":"2020-05-23T01:10:16","isFullCredit":false},{"lineNumber":25,"author":{"gitId":"-"},"content":"\u003cimg src\u003d\"images/vorld.png\" width\u003d\"200px\"\u003e","lastModifiedDate":"2025-10-01T23:12:10","isFullCredit":false},{"lineNumber":26,"author":{"gitId":"-"},"content":"","lastModifiedDate":"2020-05-23T01:10:16","isFullCredit":false},{"lineNumber":27,"author":{"gitId":"-"},"content":"[[github](https://github.com/Vorld/tp/tree/master)]","lastModifiedDate":"2025-10-01T23:12:10","isFullCredit":false},{"lineNumber":28,"author":{"gitId":"-"},"content":"[[portfolio](https://www.venugopal.net)]","lastModifiedDate":"2025-10-01T23:12:10","isFullCredit":false},{"lineNumber":29,"author":{"gitId":"-"},"content":"","lastModifiedDate":"2020-05-23T01:10:16","isFullCredit":false},{"lineNumber":30,"author":{"gitId":"-"},"content":"* Role: Team Lead","lastModifiedDate":"2020-05-23T01:10:16","isFullCredit":false},{"lineNumber":31,"author":{"gitId":"-"},"content":"* Responsibilities: UI","lastModifiedDate":"2020-05-23T01:10:16","isFullCredit":false},{"lineNumber":32,"author":{"gitId":"-"},"content":"","lastModifiedDate":"2020-05-23T01:10:16","isFullCredit":false},{"lineNumber":33,"author":{"gitId":"-"},"content":"### Kho Wei Fong","lastModifiedDate":"2025-10-01T23:28:01","isFullCredit":false},{"lineNumber":34,"author":{"gitId":"-"},"content":"","lastModifiedDate":"2020-05-23T01:10:16","isFullCredit":false},{"lineNumber":35,"author":{"gitId":"-"},"content":"\u003cimg src\u003d\"images/ivorkhan.png\" width\u003d\"200px\"\u003e","lastModifiedDate":"2025-10-01T23:07:02","isFullCredit":false},{"lineNumber":36,"author":{"gitId":"-"},"content":"","lastModifiedDate":"2020-05-23T01:10:16","isFullCredit":false},{"lineNumber":37,"author":{"gitId":"-"},"content":"[[github](http://github.com/ivorkhan)] [[portfolio](team/johndoe.md)]","lastModifiedDate":"2025-10-01T23:07:02","isFullCredit":false},{"lineNumber":38,"author":{"gitId":"-"},"content":"","lastModifiedDate":"2020-05-23T01:10:16","isFullCredit":false},{"lineNumber":39,"author":{"gitId":"-"},"content":"* Role: Developer","lastModifiedDate":"2020-05-23T01:10:16","isFullCredit":false},{"lineNumber":40,"author":{"gitId":"-"},"content":"* Responsibilities: Data","lastModifiedDate":"2020-05-23T01:10:16","isFullCredit":false},{"lineNumber":41,"author":{"gitId":"-"},"content":"","lastModifiedDate":"2020-05-23T01:10:16","isFullCredit":false},{"lineNumber":42,"author":{"gitId":"-"},"content":"### Peng Kiang","lastModifiedDate":"2025-10-01T23:28:01","isFullCredit":false},{"lineNumber":43,"author":{"gitId":"-"},"content":"","lastModifiedDate":"2020-05-23T01:10:16","isFullCredit":false},{"lineNumber":44,"author":{"gitId":"-"},"content":"\u003cimg src\u003d\"images/thepeekayy.png\" width\u003d\"200px\"\u003e","lastModifiedDate":"2025-10-01T23:28:01","isFullCredit":false},{"lineNumber":45,"author":{"gitId":"-"},"content":"","lastModifiedDate":"2020-05-23T01:10:16","isFullCredit":false},{"lineNumber":46,"author":{"gitId":"-"},"content":"[[github](http://github.com/ThePeeKayy)]","lastModifiedDate":"2025-10-01T23:28:01","isFullCredit":false},{"lineNumber":47,"author":{"gitId":"-"},"content":"[[portfolio](www.linkedin.com/in/pengkiangtan)]","lastModifiedDate":"2025-10-03T17:28:11","isFullCredit":false},{"lineNumber":48,"author":{"gitId":"-"},"content":"","lastModifiedDate":"2020-05-23T01:10:16","isFullCredit":false},{"lineNumber":49,"author":{"gitId":"-"},"content":"* Role: Developer","lastModifiedDate":"2020-05-23T01:10:16","isFullCredit":false},{"lineNumber":50,"author":{"gitId":"-"},"content":"* Responsibilities: Dev Ops + Threading","lastModifiedDate":"2020-05-23T01:10:16","isFullCredit":false},{"lineNumber":51,"author":{"gitId":"-"},"content":"","lastModifiedDate":"2020-05-23T01:10:16","isFullCredit":false},{"lineNumber":52,"author":{"gitId":"-"},"content":"### Ng Mun Hin","lastModifiedDate":"2025-10-01T23:05:40","isFullCredit":false},{"lineNumber":53,"author":{"gitId":"-"},"content":"","lastModifiedDate":"2020-05-23T01:10:16","isFullCredit":false},{"lineNumber":54,"author":{"gitId":"-"},"content":"\u003cimg src\u003d\"images/ngmhprogramming.png\" width\u003d\"200px\"\u003e","lastModifiedDate":"2025-10-01T23:05:40","isFullCredit":false},{"lineNumber":55,"author":{"gitId":"-"},"content":"","lastModifiedDate":"2020-05-23T01:10:16","isFullCredit":false},{"lineNumber":56,"author":{"gitId":"-"},"content":"[[github](https://github.com/ngmhprogramming/)]","lastModifiedDate":"2025-10-01T23:05:40","isFullCredit":false},{"lineNumber":57,"author":{"gitId":"-"},"content":"[[portfolio](https://ngmunhin.com/)]","lastModifiedDate":"2025-10-01T23:05:40","isFullCredit":false},{"lineNumber":58,"author":{"gitId":"-"},"content":"","lastModifiedDate":"2020-05-23T01:10:16","isFullCredit":false},{"lineNumber":59,"author":{"gitId":"-"},"content":"* Role: Developer","lastModifiedDate":"2020-05-23T01:10:16","isFullCredit":false},{"lineNumber":60,"author":{"gitId":"-"},"content":"* Responsibilities: Coding","lastModifiedDate":"2025-10-01T23:05:40","isFullCredit":false}],"authorContributionMap":{"ashmitahaldar":3,"-":57}},{"path":"docs/UserGuide.md","fileType":"docs","lines":[{"lineNumber":1,"author":{"gitId":"-"},"content":"---","lastModifiedDate":"2020-05-23T01:10:16","isFullCredit":false},{"lineNumber":2,"author":{"gitId":"-"},"content":"layout: page","lastModifiedDate":"2020-05-23T01:10:16","isFullCredit":false},{"lineNumber":3,"author":{"gitId":"-"},"content":"title: User Guide","lastModifiedDate":"2020-05-23T01:10:16","isFullCredit":false},{"lineNumber":4,"author":{"gitId":"-"},"content":"---","lastModifiedDate":"2020-05-23T01:10:16","isFullCredit":false},{"lineNumber":5,"author":{"gitId":"-"},"content":"","lastModifiedDate":"2020-05-23T01:10:16","isFullCredit":false},{"lineNumber":6,"author":{"gitId":"-"},"content":"## LinkedUp User Guide","lastModifiedDate":"2025-10-20T11:52:45","isFullCredit":false},{"lineNumber":7,"author":{"gitId":"-"},"content":"","lastModifiedDate":"2025-10-20T11:52:45","isFullCredit":false},{"lineNumber":8,"author":{"gitId":"-"},"content":"**LinkedUp is designed for university student leaders** including club presidents, society executives, event organizers, student council members, and committee heads who manage extensive networks of contacts across campus and beyond. These users typically manage 50-500+ contacts including fellow students, faculty advisors, alumni mentors, corporate sponsors, venue coordinators, and partner organization representatives. **The application assumes users are comfortable with typing and prefer keyboard-based workflows** over mouse-driven interfaces, valuing speed and efficiency in data entry and retrieval. Users are expected to be familiar with basic command syntax similar to using search bars or messaging apps, and need categorization and tagging capabilities to organize contacts by role, project, or affiliation without complex navigation.","lastModifiedDate":"2025-10-30T23:25:57","isFullCredit":false},{"lineNumber":9,"author":{"gitId":"-"},"content":"","lastModifiedDate":"2025-10-30T23:25:57","isFullCredit":false},{"lineNumber":10,"author":{"gitId":"-"},"content":"**LinkedUp empowers student leaders to organize their professional networks efficiently through fast, typing-based commands.** Instead of clicking through multiple menus, users simply type short commands to add contacts, search for specific people, categorize relationships, and retrieve information instantly. The application displays all contact information, search results, and organized lists visually while letting users work at typing speed, combining the speed of text-based input with the clarity of visual presentation. Whether you\u0027re a club president tracking member information, an event organizer managing vendor contacts, or a society executive coordinating with sponsors, **LinkedUp helps you maintain your network without slowing you down**, making it ideal for users who need quick access to their contacts during busy coordination work.","lastModifiedDate":"2025-10-30T23:25:57","isFullCredit":false},{"lineNumber":11,"author":{"gitId":"-"},"content":"","lastModifiedDate":"2020-05-23T01:10:16","isFullCredit":false},{"lineNumber":12,"author":{"gitId":"-"},"content":"- [Setup](#setup)","lastModifiedDate":"2025-10-30T22:18:10","isFullCredit":false},{"lineNumber":13,"author":{"gitId":"-"},"content":"- [QuickStart](#quickstart)","lastModifiedDate":"2025-10-30T23:25:57","isFullCredit":false},{"lineNumber":14,"author":{"gitId":"-"},"content":"- [Features](#features)","lastModifiedDate":"2025-10-30T22:18:10","isFullCredit":false},{"lineNumber":15,"author":{"gitId":"-"},"content":"  * [Viewing help](#view)","lastModifiedDate":"2025-10-29T13:15:19","isFullCredit":false},{"lineNumber":16,"author":{"gitId":"-"},"content":"  * [Adding a contact](#add)","lastModifiedDate":"2025-10-29T13:15:19","isFullCredit":false},{"lineNumber":17,"author":{"gitId":"-"},"content":"  * [Listing all contacts](#list)","lastModifiedDate":"2025-10-29T13:15:19","isFullCredit":false},{"lineNumber":18,"author":{"gitId":"-"},"content":"  * [Editing a contact](#edit)","lastModifiedDate":"2025-10-29T13:15:19","isFullCredit":false},{"lineNumber":19,"author":{"gitId":"-"},"content":"  * [Adding a note to a contact](#note)","lastModifiedDate":"2025-10-29T13:15:19","isFullCredit":false},{"lineNumber":20,"author":{"gitId":"-"},"content":"  * [Locating contacts by name](#find)","lastModifiedDate":"2025-10-29T13:15:19","isFullCredit":false},{"lineNumber":21,"author":{"gitId":"-"},"content":"  * [Filtering contacts by tags](#filter)","lastModifiedDate":"2025-10-29T13:15:19","isFullCredit":false},{"lineNumber":22,"author":{"gitId":"-"},"content":"  * [Deleting a contact](#delete)","lastModifiedDate":"2025-10-29T13:15:19","isFullCredit":false},{"lineNumber":23,"author":{"gitId":"-"},"content":"  * [Pinning a contact](#pin)","lastModifiedDate":"2025-10-29T13:15:19","isFullCredit":false},{"lineNumber":24,"author":{"gitId":"-"},"content":"  * [Unpinning a contact](#unpin)","lastModifiedDate":"2025-10-29T13:15:19","isFullCredit":false},{"lineNumber":25,"author":{"gitId":"-"},"content":"  * [Undoing a command](#undo)","lastModifiedDate":"2025-10-29T13:15:19","isFullCredit":false},{"lineNumber":26,"author":{"gitId":"-"},"content":"  * [Redoing a command](#redo)","lastModifiedDate":"2025-10-29T13:15:19","isFullCredit":false},{"lineNumber":27,"author":{"gitId":"-"},"content":"  * [Importing a save file](#import)","lastModifiedDate":"2025-10-29T13:15:19","isFullCredit":false},{"lineNumber":28,"author":{"gitId":"-"},"content":"  * [Exporting your save file to .json or .csv](#export)","lastModifiedDate":"2025-10-29T13:15:19","isFullCredit":false},{"lineNumber":29,"author":{"gitId":"-"},"content":"  * [Sorting contacts](#sort)","lastModifiedDate":"2025-10-29T13:15:19","isFullCredit":false},{"lineNumber":30,"author":{"gitId":"-"},"content":"  * [Clear contacts](#clear)","lastModifiedDate":"2025-10-29T13:15:19","isFullCredit":false},{"lineNumber":31,"author":{"gitId":"-"},"content":"  * [Exiting the app](#exit)","lastModifiedDate":"2025-10-29T13:15:19","isFullCredit":false},{"lineNumber":32,"author":{"gitId":"-"},"content":"- [Saving the data](#savedata)","lastModifiedDate":"2025-10-30T22:18:10","isFullCredit":false},{"lineNumber":33,"author":{"gitId":"-"},"content":"- [Editing the data file](#editdata)","lastModifiedDate":"2025-10-30T22:18:10","isFullCredit":false},{"lineNumber":34,"author":{"gitId":"-"},"content":"- [FAQ](#faq)","lastModifiedDate":"2025-10-30T22:18:10","isFullCredit":false},{"lineNumber":35,"author":{"gitId":"-"},"content":"- [Known Issues](#issues)","lastModifiedDate":"2025-10-30T22:18:10","isFullCredit":false},{"lineNumber":36,"author":{"gitId":"-"},"content":"- [Command Summary](#summary)","lastModifiedDate":"2025-10-30T22:18:10","isFullCredit":false},{"lineNumber":37,"author":{"gitId":"-"},"content":"- [Glossary](#glossary)","lastModifiedDate":"2025-10-30T22:18:10","isFullCredit":false},{"lineNumber":38,"author":{"gitId":"-"},"content":"","lastModifiedDate":"2020-05-23T01:10:16","isFullCredit":false},{"lineNumber":39,"author":{"gitId":"-"},"content":"--------------------------------------------------------------------------------------------------------------------","lastModifiedDate":"2020-05-23T01:10:16","isFullCredit":false},{"lineNumber":40,"author":{"gitId":"-"},"content":"","lastModifiedDate":"2020-05-23T01:10:16","isFullCredit":false},{"lineNumber":41,"author":{"gitId":"-"},"content":"## [Setup](#toc)\u003ca name\u003d\"setup\"\u003e\u003c/a\u003e","lastModifiedDate":"2025-10-29T13:15:19","isFullCredit":false},{"lineNumber":42,"author":{"gitId":"-"},"content":"","lastModifiedDate":"2020-05-23T01:10:16","isFullCredit":false},{"lineNumber":43,"author":{"gitId":"-"},"content":"- System requirements:","lastModifiedDate":"2025-10-29T13:15:19","isFullCredit":false},{"lineNumber":44,"author":{"gitId":"-"},"content":"  - Ensure you have Java `17` or above installed in your Computer by executing `java -version`.\u003cbr\u003e","lastModifiedDate":"2025-10-29T13:15:19","isFullCredit":false},{"lineNumber":45,"author":{"gitId":"-"},"content":"     **Mac users:** Ensure you have the precise JDK version prescribed [here](https://se-education.org/guides/tutorials/javaInstallationMac.html).","lastModifiedDate":"2025-01-25T13:19:25","isFullCredit":false},{"lineNumber":46,"author":{"gitId":"-"},"content":"","lastModifiedDate":"2020-05-23T01:10:16","isFullCredit":false},{"lineNumber":47,"author":{"gitId":"-"},"content":"- Downloading LinkedUp:","lastModifiedDate":"2025-10-29T13:15:19","isFullCredit":false},{"lineNumber":48,"author":{"gitId":"-"},"content":"  - Navigate to the release page on [this Github repository](https://github.com/AY2526S1-CS2103T-W09-1/tp/releases).","lastModifiedDate":"2025-10-30T22:18:10","isFullCredit":false},{"lineNumber":49,"author":{"gitId":"-"},"content":"  - Download the latest `.jar` file from the latest release by clicking it (it should be the first entry).","lastModifiedDate":"2025-10-30T22:18:10","isFullCredit":false},{"lineNumber":50,"author":{"gitId":"-"},"content":"    ![jarimg.png](images/jarimg.png)","lastModifiedDate":"2025-10-29T13:15:19","isFullCredit":false},{"lineNumber":51,"author":{"gitId":"-"},"content":"  - Save the file to the folder you want to use as the _home folder_ for your LinkedUp installation.","lastModifiedDate":"2025-10-30T22:18:10","isFullCredit":false},{"lineNumber":52,"author":{"gitId":"-"},"content":"","lastModifiedDate":"2020-05-23T01:10:16","isFullCredit":false},{"lineNumber":53,"author":{"gitId":"-"},"content":"- Running LinkedUp","lastModifiedDate":"2025-10-29T13:15:19","isFullCredit":false},{"lineNumber":54,"author":{"gitId":"-"},"content":"  - Open a command terminal, `cd` into the folder you put the jar file in (e.g `cd linkedupfolder`), and use the `java -jar linkedup.jar` command to run the application.\u003cbr\u003e","lastModifiedDate":"2025-10-29T13:15:19","isFullCredit":false},{"lineNumber":55,"author":{"gitId":"-"},"content":"     A GUI similar to the below should appear in a few seconds. Note how the app contains some sample data.\u003cbr\u003e","lastModifiedDate":"2023-01-01T16:03:08","isFullCredit":false},{"lineNumber":56,"author":{"gitId":"-"},"content":"     ![Ui](images/Ui.png)","lastModifiedDate":"2020-05-23T01:10:16","isFullCredit":false},{"lineNumber":57,"author":{"gitId":"-"},"content":"","lastModifiedDate":"2020-05-23T01:10:16","isFullCredit":false},{"lineNumber":58,"author":{"gitId":"-"},"content":"## [QuickStart](#toc)\u003ca name\u003d\"quickstart\"\u003e\u003c/a\u003e","lastModifiedDate":"2025-10-30T23:25:57","isFullCredit":false},{"lineNumber":59,"author":{"gitId":"-"},"content":"","lastModifiedDate":"2025-10-30T23:25:57","isFullCredit":false},{"lineNumber":60,"author":{"gitId":"-"},"content":"1. Type the command in the command box and press Enter to execute it. e.g. typing **`help`** and pressing Enter will open the help window.\u003cbr\u003e","lastModifiedDate":"2020-05-23T01:10:16","isFullCredit":false},{"lineNumber":61,"author":{"gitId":"-"},"content":"   Some example commands you can try:","lastModifiedDate":"2020-05-23T01:10:16","isFullCredit":false},{"lineNumber":62,"author":{"gitId":"-"},"content":"","lastModifiedDate":"2020-05-23T01:10:16","isFullCredit":false},{"lineNumber":63,"author":{"gitId":"-"},"content":"    * `list` : Lists all contacts.","lastModifiedDate":"2023-01-01T16:08:05","isFullCredit":false},{"lineNumber":64,"author":{"gitId":"-"},"content":"","lastModifiedDate":"2020-05-23T01:10:16","isFullCredit":false},{"lineNumber":65,"author":{"gitId":"-"},"content":"   * `add n/Sarah Tan p/91234567 tele/@sarahtan_nus e/sarah.tan@u.nus.edu a/21 Lower Kent Ridge Road, #12-08 t/President t/ComputingClub","lastModifiedDate":"2025-10-30T20:52:51","isFullCredit":false},{"lineNumber":66,"author":{"gitId":"-"},"content":"` : Adds a contact named `Sarah Tan` to LinkedUp.","lastModifiedDate":"2025-10-30T20:52:51","isFullCredit":false},{"lineNumber":67,"author":{"gitId":"-"},"content":"","lastModifiedDate":"2020-05-23T01:10:16","isFullCredit":false},{"lineNumber":68,"author":{"gitId":"-"},"content":"    * `delete 3` : Deletes the 3rd contact shown in the current list.","lastModifiedDate":"2023-01-01T16:08:05","isFullCredit":false},{"lineNumber":69,"author":{"gitId":"-"},"content":"","lastModifiedDate":"2020-05-23T01:10:16","isFullCredit":false},{"lineNumber":70,"author":{"gitId":"-"},"content":"    * `clear` : Deletes all contacts.","lastModifiedDate":"2023-01-01T16:08:05","isFullCredit":false},{"lineNumber":71,"author":{"gitId":"-"},"content":"","lastModifiedDate":"2020-05-23T01:10:16","isFullCredit":false},{"lineNumber":72,"author":{"gitId":"-"},"content":"    * `exit` : Exits the app.","lastModifiedDate":"2023-01-01T16:08:05","isFullCredit":false},{"lineNumber":73,"author":{"gitId":"-"},"content":"","lastModifiedDate":"2020-05-23T01:10:16","isFullCredit":false},{"lineNumber":74,"author":{"gitId":"-"},"content":"1. Refer to the [Features](#features) below for details of each command.","lastModifiedDate":"2020-05-23T01:10:16","isFullCredit":false},{"lineNumber":75,"author":{"gitId":"-"},"content":"","lastModifiedDate":"2020-05-23T01:10:16","isFullCredit":false},{"lineNumber":76,"author":{"gitId":"-"},"content":"--------------------------------------------------------------------------------------------------------------------","lastModifiedDate":"2020-05-23T01:10:16","isFullCredit":false},{"lineNumber":77,"author":{"gitId":"-"},"content":"","lastModifiedDate":"2020-05-23T01:10:16","isFullCredit":false},{"lineNumber":78,"author":{"gitId":"-"},"content":"## [Features](#toc)\u003ca name\u003d\"features\"\u003e\u003c/a\u003e","lastModifiedDate":"2025-10-29T13:15:19","isFullCredit":false},{"lineNumber":79,"author":{"gitId":"-"},"content":"","lastModifiedDate":"2020-05-23T01:10:16","isFullCredit":false},{"lineNumber":80,"author":{"gitId":"-"},"content":"\u003cdiv markdown\u003d\"block\" class\u003d\"alert alert-info\"\u003e","lastModifiedDate":"2020-05-23T01:10:16","isFullCredit":false},{"lineNumber":81,"author":{"gitId":"-"},"content":"","lastModifiedDate":"2020-05-23T01:10:16","isFullCredit":false},{"lineNumber":82,"author":{"gitId":"-"},"content":"**:information_source: Notes about the command format:**\u003cbr\u003e","lastModifiedDate":"2020-05-23T01:10:16","isFullCredit":false},{"lineNumber":83,"author":{"gitId":"-"},"content":"","lastModifiedDate":"2020-05-23T01:10:16","isFullCredit":false},{"lineNumber":84,"author":{"gitId":"-"},"content":"* Words in `UPPER_CASE` are the parameters to be supplied by the user.\u003cbr\u003e","lastModifiedDate":"2020-05-23T01:10:16","isFullCredit":false},{"lineNumber":85,"author":{"gitId":"-"},"content":"  e.g. in `add n/NAME`, `NAME` is a parameter which can be used as `add n/John Doe`.","lastModifiedDate":"2020-05-23T01:10:16","isFullCredit":false},{"lineNumber":86,"author":{"gitId":"-"},"content":"","lastModifiedDate":"2020-05-23T01:10:16","isFullCredit":false},{"lineNumber":87,"author":{"gitId":"-"},"content":"* Items in square brackets are optional.\u003cbr\u003e","lastModifiedDate":"2020-05-23T01:10:16","isFullCredit":false},{"lineNumber":88,"author":{"gitId":"-"},"content":"  e.g `n/NAME [t/TAG]` can be used as `n/John Doe t/friend` or as `n/John Doe`.","lastModifiedDate":"2020-05-23T01:10:16","isFullCredit":false},{"lineNumber":89,"author":{"gitId":"-"},"content":"","lastModifiedDate":"2020-05-23T01:10:16","isFullCredit":false},{"lineNumber":90,"author":{"gitId":"-"},"content":"* Items with `…`​ after them can be used multiple times including zero times.\u003cbr\u003e","lastModifiedDate":"2020-05-23T01:10:16","isFullCredit":false},{"lineNumber":91,"author":{"gitId":"-"},"content":"  e.g. `[t/TAG]…​` can be used as ` ` (i.e. 0 times), `t/friend`, `t/friend t/family` etc.","lastModifiedDate":"2020-05-23T01:10:16","isFullCredit":false},{"lineNumber":92,"author":{"gitId":"-"},"content":"","lastModifiedDate":"2020-05-23T01:10:16","isFullCredit":false},{"lineNumber":93,"author":{"gitId":"-"},"content":"* Parameters can be in any order.\u003cbr\u003e","lastModifiedDate":"2020-05-23T01:10:16","isFullCredit":false},{"lineNumber":94,"author":{"gitId":"-"},"content":"  e.g. if the command specifies `n/NAME p/PHONE_NUMBER`, `p/PHONE_NUMBER n/NAME` is also acceptable.","lastModifiedDate":"2020-05-23T01:10:16","isFullCredit":false},{"lineNumber":95,"author":{"gitId":"-"},"content":"","lastModifiedDate":"2020-05-23T01:10:16","isFullCredit":false},{"lineNumber":96,"author":{"gitId":"-"},"content":"* Extraneous parameters for commands that do not take in parameters (such as `help`, `list`, `exit` and `clear`) will be ignored.\u003cbr\u003e","lastModifiedDate":"2021-02-03T23:17:00","isFullCredit":false},{"lineNumber":97,"author":{"gitId":"-"},"content":"  e.g. if the command specifies `help 123`, it will be interpreted as `help`.","lastModifiedDate":"2021-02-03T23:17:00","isFullCredit":false},{"lineNumber":98,"author":{"gitId":"-"},"content":"","lastModifiedDate":"2021-02-03T23:17:00","isFullCredit":false},{"lineNumber":99,"author":{"gitId":"-"},"content":"* If you are using a PDF version of this document, be careful when copying and pasting commands that span multiple lines as space characters surrounding line-breaks may be omitted when copied over to the application.","lastModifiedDate":"2023-06-26T21:09:58","isFullCredit":false},{"lineNumber":100,"author":{"gitId":"-"},"content":"\u003c/div\u003e","lastModifiedDate":"2020-05-23T01:10:16","isFullCredit":false},{"lineNumber":101,"author":{"gitId":"-"},"content":"","lastModifiedDate":"2020-05-23T01:10:16","isFullCredit":false},{"lineNumber":102,"author":{"gitId":"-"},"content":"### [Viewing help : `help`](#toc) \u003ca name\u003d\"help\"\u003e\u003c/a\u003e","lastModifiedDate":"2025-10-29T13:15:19","isFullCredit":false},{"lineNumber":103,"author":{"gitId":"-"},"content":"","lastModifiedDate":"2020-05-23T01:10:16","isFullCredit":false},{"lineNumber":104,"author":{"gitId":"-"},"content":"Shows a message explaining how to access the help page.","lastModifiedDate":"2025-07-24T02:42:02","isFullCredit":false},{"lineNumber":105,"author":{"gitId":"-"},"content":"","lastModifiedDate":"2020-05-23T01:10:16","isFullCredit":false},{"lineNumber":106,"author":{"gitId":"-"},"content":"![help message](images/helpMessage.png)","lastModifiedDate":"2020-05-23T01:10:16","isFullCredit":false},{"lineNumber":107,"author":{"gitId":"-"},"content":"","lastModifiedDate":"2020-05-23T01:10:16","isFullCredit":false},{"lineNumber":108,"author":{"gitId":"-"},"content":"Format: `help`","lastModifiedDate":"2020-05-23T01:10:16","isFullCredit":false},{"lineNumber":109,"author":{"gitId":"-"},"content":"","lastModifiedDate":"2020-05-23T01:10:16","isFullCredit":false},{"lineNumber":110,"author":{"gitId":"-"},"content":"\u003cdiv markdown\u003d\"span\" class\u003d\"alert alert-primary\"\u003e:bulb: **Tip:**","lastModifiedDate":"2025-10-30T22:18:10","isFullCredit":false},{"lineNumber":111,"author":{"gitId":"-"},"content":"The command line will prompt the correct format when syntax is wrong.","lastModifiedDate":"2025-10-30T22:18:10","isFullCredit":false},{"lineNumber":112,"author":{"gitId":"-"},"content":"\u003c/div\u003e","lastModifiedDate":"2025-10-30T20:52:51","isFullCredit":false},{"lineNumber":113,"author":{"gitId":"-"},"content":"","lastModifiedDate":"2025-10-30T20:52:51","isFullCredit":false},{"lineNumber":114,"author":{"gitId":"-"},"content":"### [Adding a contact: `add`](#toc) \u003ca name\u003d\"add\"\u003e\u003c/a\u003e","lastModifiedDate":"2025-10-29T13:15:19","isFullCredit":false},{"lineNumber":115,"author":{"gitId":"-"},"content":"","lastModifiedDate":"2020-05-23T01:10:16","isFullCredit":false},{"lineNumber":116,"author":{"gitId":"-"},"content":"Adds a contact to the address book.","lastModifiedDate":"2025-10-29T13:15:19","isFullCredit":false},{"lineNumber":117,"author":{"gitId":"-"},"content":"","lastModifiedDate":"2020-05-23T01:10:16","isFullCredit":false},{"lineNumber":118,"author":{"gitId":"-"},"content":"Format: `add n/NAME p/PHONE_NUMBER e/EMAIL a/ADDRESS [t/TAG]…​`","lastModifiedDate":"2020-05-23T01:10:16","isFullCredit":false},{"lineNumber":119,"author":{"gitId":"-"},"content":"","lastModifiedDate":"2020-05-23T01:10:16","isFullCredit":false},{"lineNumber":120,"author":{"gitId":"-"},"content":"\u003cdiv markdown\u003d\"span\" class\u003d\"alert alert-primary\"\u003e:bulb: **Tip:**","lastModifiedDate":"2025-10-30T22:18:10","isFullCredit":false},{"lineNumber":121,"author":{"gitId":"-"},"content":"A contact can have any number of tags (including 0)","lastModifiedDate":"2025-10-30T22:18:10","isFullCredit":false},{"lineNumber":122,"author":{"gitId":"-"},"content":"\u003c/div\u003e","lastModifiedDate":"2020-05-23T01:10:16","isFullCredit":false},{"lineNumber":123,"author":{"gitId":"-"},"content":"","lastModifiedDate":"2020-05-23T01:10:16","isFullCredit":false},{"lineNumber":124,"author":{"gitId":"-"},"content":"**WARNING**: Email does not check for domains like .com because of unique organisations","lastModifiedDate":"2025-10-30T20:52:51","isFullCredit":false},{"lineNumber":125,"author":{"gitId":"-"},"content":"","lastModifiedDate":"2020-05-23T01:10:16","isFullCredit":false},{"lineNumber":126,"author":{"gitId":"-"},"content":"","lastModifiedDate":"2025-10-20T11:52:45","isFullCredit":false},{"lineNumber":127,"author":{"gitId":"-"},"content":"Example:","lastModifiedDate":"2025-10-20T11:52:45","isFullCredit":false},{"lineNumber":128,"author":{"gitId":"-"},"content":"","lastModifiedDate":"2020-05-23T01:10:16","isFullCredit":false},{"lineNumber":129,"author":{"gitId":"-"},"content":"### [Listing all contacts : `list`](#toc) \u003ca name\u003d\"list\"\u003e\u003c/a\u003e","lastModifiedDate":"2025-10-29T13:15:19","isFullCredit":false},{"lineNumber":130,"author":{"gitId":"-"},"content":"","lastModifiedDate":"2020-05-23T01:10:16","isFullCredit":false},{"lineNumber":131,"author":{"gitId":"-"},"content":"Shows a list of all contacts in the address book.","lastModifiedDate":"2025-10-29T13:15:19","isFullCredit":false},{"lineNumber":132,"author":{"gitId":"-"},"content":"","lastModifiedDate":"2020-05-23T01:10:16","isFullCredit":false},{"lineNumber":133,"author":{"gitId":"-"},"content":"Format: `list`","lastModifiedDate":"2020-05-23T01:10:16","isFullCredit":false},{"lineNumber":134,"author":{"gitId":"-"},"content":"","lastModifiedDate":"2020-05-23T01:10:16","isFullCredit":false},{"lineNumber":135,"author":{"gitId":"-"},"content":"### [Editing a contact : `edit`](#toc) \u003ca name\u003d\"edit\"\u003e\u003c/a\u003e","lastModifiedDate":"2025-10-29T13:15:19","isFullCredit":false},{"lineNumber":136,"author":{"gitId":"-"},"content":"","lastModifiedDate":"2020-05-23T01:10:16","isFullCredit":false},{"lineNumber":137,"author":{"gitId":"-"},"content":"Edits an existing contact in the address book.","lastModifiedDate":"2025-10-29T13:15:19","isFullCredit":false},{"lineNumber":138,"author":{"gitId":"-"},"content":"","lastModifiedDate":"2020-05-23T01:10:16","isFullCredit":false},{"lineNumber":139,"author":{"gitId":"-"},"content":"Format: `edit INDEX​`","lastModifiedDate":"2025-10-13T15:53:04","isFullCredit":false},{"lineNumber":140,"author":{"gitId":"-"},"content":"","lastModifiedDate":"2025-10-13T15:53:04","isFullCredit":false},{"lineNumber":141,"author":{"gitId":"-"},"content":"* Autofills edit command for contact at index without executing. The index **must be a positive integer** 1, 2, 3, …​","lastModifiedDate":"2025-10-29T13:15:19","isFullCredit":false},{"lineNumber":142,"author":{"gitId":"-"},"content":"* Make changes and press enter again to confirm edits","lastModifiedDate":"2025-10-20T11:52:45","isFullCredit":false},{"lineNumber":143,"author":{"gitId":"-"},"content":"","lastModifiedDate":"2025-10-20T11:52:45","isFullCredit":false},{"lineNumber":144,"author":{"gitId":"-"},"content":"Example:","lastModifiedDate":"2025-10-20T11:52:45","isFullCredit":false},{"lineNumber":145,"author":{"gitId":"-"},"content":"* `edit 3`","lastModifiedDate":"2025-10-30T20:52:51","isFullCredit":false},{"lineNumber":146,"author":{"gitId":"-"},"content":"","lastModifiedDate":"2025-10-20T11:52:45","isFullCredit":false},{"lineNumber":147,"author":{"gitId":"-"},"content":"The command line will autofill the person in index 3 as shown below without changing actual data","lastModifiedDate":"2025-10-30T20:52:51","isFullCredit":false},{"lineNumber":148,"author":{"gitId":"-"},"content":"","lastModifiedDate":"2025-10-20T11:52:45","isFullCredit":false},{"lineNumber":149,"author":{"gitId":"-"},"content":"![Edit](images/Edit.png)","lastModifiedDate":"2025-10-20T11:52:45","isFullCredit":false},{"lineNumber":150,"author":{"gitId":"-"},"content":"","lastModifiedDate":"2025-10-20T11:52:45","isFullCredit":false},{"lineNumber":151,"author":{"gitId":"-"},"content":"\u003cdiv markdown\u003d\"span\" class\u003d\"alert alert-primary\"\u003e:bulb: **Tip:**","lastModifiedDate":"2025-10-30T22:18:10","isFullCredit":false},{"lineNumber":152,"author":{"gitId":"-"},"content":"Use this shortcut to save time and ensure correct syntax","lastModifiedDate":"2025-10-30T22:18:10","isFullCredit":false},{"lineNumber":153,"author":{"gitId":"-"},"content":"\u003c/div\u003e","lastModifiedDate":"2025-10-20T11:52:45","isFullCredit":false},{"lineNumber":154,"author":{"gitId":"-"},"content":"","lastModifiedDate":"2025-10-13T15:53:04","isFullCredit":false},{"lineNumber":155,"author":{"gitId":"-"},"content":"Format: `edit INDEX [n/NAME] [p/PHONE] [e/EMAIL] [a/ADDRESS] [t/TAG]…​`","lastModifiedDate":"2020-05-23T01:10:16","isFullCredit":false},{"lineNumber":156,"author":{"gitId":"-"},"content":"","lastModifiedDate":"2020-05-23T01:10:16","isFullCredit":false},{"lineNumber":157,"author":{"gitId":"-"},"content":"* Edits the contact at the specified `INDEX`. The index refers to the index number shown in the displayed contact list. The index **must be a positive integer** 1, 2, 3, …​","lastModifiedDate":"2025-10-29T13:15:19","isFullCredit":false},{"lineNumber":158,"author":{"gitId":"-"},"content":"* At least one of the optional fields must be provided.","lastModifiedDate":"2020-05-23T01:10:16","isFullCredit":false},{"lineNumber":159,"author":{"gitId":"-"},"content":"* Existing values will be updated to the input values.","lastModifiedDate":"2020-05-23T01:10:16","isFullCredit":false},{"lineNumber":160,"author":{"gitId":"-"},"content":"* When editing tags, the existing tags of the contact will be removed i.e adding of tags is not cumulative.","lastModifiedDate":"2025-10-29T13:15:19","isFullCredit":false},{"lineNumber":161,"author":{"gitId":"-"},"content":"* You can remove all the contact’s tags by typing `t/` without","lastModifiedDate":"2025-10-29T13:15:19","isFullCredit":false},{"lineNumber":162,"author":{"gitId":"-"},"content":"  specifying any tags after it.","lastModifiedDate":"2020-05-23T01:10:16","isFullCredit":false},{"lineNumber":163,"author":{"gitId":"-"},"content":"","lastModifiedDate":"2020-05-23T01:10:16","isFullCredit":false},{"lineNumber":164,"author":{"gitId":"-"},"content":"Examples:","lastModifiedDate":"2020-05-23T01:10:16","isFullCredit":false},{"lineNumber":165,"author":{"gitId":"-"},"content":"*  `edit 1 p/91234567 e/queenspants@gmail.com` Edits the phone number and email address of the 1st contact to be `91234567` and `queenspants@gmail.com` respectively.","lastModifiedDate":"2025-10-30T22:20:52","isFullCredit":false},{"lineNumber":166,"author":{"gitId":"-"},"content":"*  `edit 2 n/Betsy Crower t/` Edits the name of the 2nd contact to be `Betsy Crower` and clears all existing tags.","lastModifiedDate":"2025-10-29T13:15:19","isFullCredit":false},{"lineNumber":167,"author":{"gitId":"-"},"content":"","lastModifiedDate":"2020-05-23T01:10:16","isFullCredit":false},{"lineNumber":168,"author":{"gitId":"-"},"content":"### [Adding a note to a contact : `note`](#toc) \u003ca name\u003d\"note\"\u003e\u003c/a\u003e","lastModifiedDate":"2025-10-29T13:15:19","isFullCredit":false},{"lineNumber":169,"author":{"gitId":"-"},"content":"","lastModifiedDate":"2025-10-22T22:43:22","isFullCredit":false},{"lineNumber":170,"author":{"gitId":"-"},"content":"Adds or edits a freeform note for an existing contact in the address book. The note will be displayed in the contact info panel.","lastModifiedDate":"2025-10-29T13:15:19","isFullCredit":false},{"lineNumber":171,"author":{"gitId":"-"},"content":"","lastModifiedDate":"2025-10-22T22:43:22","isFullCredit":false},{"lineNumber":172,"author":{"gitId":"-"},"content":"Format: `note INDEX note/[NOTE]`","lastModifiedDate":"2025-10-22T22:43:22","isFullCredit":false},{"lineNumber":173,"author":{"gitId":"-"},"content":"","lastModifiedDate":"2025-10-22T22:43:22","isFullCredit":false},{"lineNumber":174,"author":{"gitId":"-"},"content":"* Adds or edits the note of the contact at the specified `INDEX`.","lastModifiedDate":"2025-10-29T13:15:19","isFullCredit":false},{"lineNumber":175,"author":{"gitId":"-"},"content":"* The index refers to the index number shown in the displayed contact list.","lastModifiedDate":"2025-10-29T13:15:19","isFullCredit":false},{"lineNumber":176,"author":{"gitId":"-"},"content":"* The index **must be a positive integer** 1, 2, 3, …​","lastModifiedDate":"2025-10-22T22:43:22","isFullCredit":false},{"lineNumber":177,"author":{"gitId":"-"},"content":"* The note can contain any text and will be visible in the contact info panel.","lastModifiedDate":"2025-10-29T13:15:19","isFullCredit":false},{"lineNumber":178,"author":{"gitId":"-"},"content":"* To remove a note, use `note INDEX note/` without specifying any text after `note/`.","lastModifiedDate":"2025-10-22T22:43:22","isFullCredit":false},{"lineNumber":179,"author":{"gitId":"-"},"content":"* Existing notes will be overwritten by the new note.","lastModifiedDate":"2025-10-22T22:43:22","isFullCredit":false},{"lineNumber":180,"author":{"gitId":"-"},"content":"","lastModifiedDate":"2025-10-22T22:43:22","isFullCredit":false},{"lineNumber":181,"author":{"gitId":"-"},"content":"Examples:","lastModifiedDate":"2025-10-22T22:43:22","isFullCredit":false},{"lineNumber":182,"author":{"gitId":"-"},"content":"* `note 1 note/Likes to swim.` Adds the note \"Likes to swim.\" to the 1st contact.","lastModifiedDate":"2025-10-29T13:15:19","isFullCredit":false},{"lineNumber":183,"author":{"gitId":"-"},"content":"* `note 2 note/Prefers email communication` Adds a note about communication preference to the 2nd contact.","lastModifiedDate":"2025-10-29T13:15:19","isFullCredit":false},{"lineNumber":184,"author":{"gitId":"-"},"content":"* `note 1 note/` Removes the note from the 1st contact.","lastModifiedDate":"2025-10-29T13:15:19","isFullCredit":false},{"lineNumber":185,"author":{"gitId":"-"},"content":"","lastModifiedDate":"2025-10-22T22:43:22","isFullCredit":false},{"lineNumber":186,"author":{"gitId":"-"},"content":"### Logging an interaction with a person : `log`","lastModifiedDate":"2025-10-30T22:51:13","isFullCredit":false},{"lineNumber":187,"author":{"gitId":"-"},"content":"","lastModifiedDate":"2025-10-30T22:51:13","isFullCredit":false},{"lineNumber":188,"author":{"gitId":"-"},"content":"Adds a log entry to document an interaction with an existing contact in the address book.","lastModifiedDate":"2025-10-30T22:51:13","isFullCredit":false},{"lineNumber":189,"author":{"gitId":"-"},"content":"","lastModifiedDate":"2025-10-30T22:51:13","isFullCredit":false},{"lineNumber":190,"author":{"gitId":"-"},"content":"Format: `log INDEX m/MESSAGE [t/TYPE]`","lastModifiedDate":"2025-10-30T22:51:13","isFullCredit":false},{"lineNumber":191,"author":{"gitId":"-"},"content":"","lastModifiedDate":"2025-10-30T22:51:13","isFullCredit":false},{"lineNumber":192,"author":{"gitId":"-"},"content":"* Adds a log entry for the person at the specified `INDEX`.","lastModifiedDate":"2025-10-30T22:51:13","isFullCredit":false},{"lineNumber":193,"author":{"gitId":"-"},"content":"* The index refers to the index number shown in the displayed person list.","lastModifiedDate":"2025-10-30T22:51:13","isFullCredit":false},{"lineNumber":194,"author":{"gitId":"-"},"content":"* The index **must be a positive integer** 1, 2, 3, …​","lastModifiedDate":"2025-10-30T22:51:13","isFullCredit":false},{"lineNumber":195,"author":{"gitId":"-"},"content":"* The `MESSAGE` describes the interaction.","lastModifiedDate":"2025-10-30T22:51:13","isFullCredit":false},{"lineNumber":196,"author":{"gitId":"-"},"content":"* The optional `TYPE` specifies the type of interaction (e.g., \"call\", \"meeting\", \"email\").","lastModifiedDate":"2025-10-30T22:51:13","isFullCredit":false},{"lineNumber":197,"author":{"gitId":"-"},"content":"","lastModifiedDate":"2025-10-30T22:51:13","isFullCredit":false},{"lineNumber":198,"author":{"gitId":"-"},"content":"Examples:","lastModifiedDate":"2025-10-30T22:51:13","isFullCredit":false},{"lineNumber":199,"author":{"gitId":"-"},"content":"* `log 1 m/Called about catering quote, they\u0027ll email by Friday t/call`","lastModifiedDate":"2025-10-30T22:51:13","isFullCredit":false},{"lineNumber":200,"author":{"gitId":"-"},"content":"* `log 2 m/Informed to deliver goods by 29/11/25`","lastModifiedDate":"2025-10-30T22:51:13","isFullCredit":false},{"lineNumber":201,"author":{"gitId":"-"},"content":"","lastModifiedDate":"2025-10-30T22:51:13","isFullCredit":false},{"lineNumber":202,"author":{"gitId":"-"},"content":"### [Locating contacts by name: `find`](#toc) \u003ca name\u003d\"find\"\u003e\u003c/a\u003e","lastModifiedDate":"2025-10-29T13:15:19","isFullCredit":false},{"lineNumber":203,"author":{"gitId":"-"},"content":"","lastModifiedDate":"2020-05-23T01:10:16","isFullCredit":false},{"lineNumber":204,"author":{"gitId":"-"},"content":"Finds contacts whose names contain any of the given keywords.","lastModifiedDate":"2025-10-29T13:15:19","isFullCredit":false},{"lineNumber":205,"author":{"gitId":"-"},"content":"","lastModifiedDate":"2020-05-23T01:10:16","isFullCredit":false},{"lineNumber":206,"author":{"gitId":"-"},"content":"Format: `find KEYWORD [MORE_KEYWORDS]`","lastModifiedDate":"2020-05-23T01:10:16","isFullCredit":false},{"lineNumber":207,"author":{"gitId":"-"},"content":"","lastModifiedDate":"2020-05-23T01:10:16","isFullCredit":false},{"lineNumber":208,"author":{"gitId":"-"},"content":"* The search is case-insensitive. e.g `hans` will match `Hans`","lastModifiedDate":"2020-05-23T01:10:16","isFullCredit":false},{"lineNumber":209,"author":{"gitId":"-"},"content":"* The order of the keywords does not matter. e.g. `Hans Bo` will match `Bo Hans`","lastModifiedDate":"2020-05-23T01:10:16","isFullCredit":false},{"lineNumber":210,"author":{"gitId":"-"},"content":"* Only the name is searched.","lastModifiedDate":"2020-05-23T01:10:16","isFullCredit":false},{"lineNumber":211,"author":{"gitId":"-"},"content":"* Only full words will be matched e.g. `Han` will not match `Hans`","lastModifiedDate":"2020-05-23T01:10:16","isFullCredit":false},{"lineNumber":212,"author":{"gitId":"-"},"content":"* Fuzzy matching is supported: minor typos are tolerated (e.g. \\`find Jhn\\` will match \\`John\\`).","lastModifiedDate":"2025-10-20T12:34:07","isFullCredit":false},{"lineNumber":213,"author":{"gitId":"-"},"content":"* contacts matching at least one keyword will be returned (i.e. `OR` search).","lastModifiedDate":"2025-10-29T13:15:19","isFullCredit":false},{"lineNumber":214,"author":{"gitId":"-"},"content":"  e.g. `Hans Bo` will return `Hans Gruber`, `Bo Yang`","lastModifiedDate":"2020-05-23T01:10:16","isFullCredit":false},{"lineNumber":215,"author":{"gitId":"-"},"content":"","lastModifiedDate":"2020-05-23T01:10:16","isFullCredit":false},{"lineNumber":216,"author":{"gitId":"-"},"content":"Examples:","lastModifiedDate":"2020-05-23T01:10:16","isFullCredit":false},{"lineNumber":217,"author":{"gitId":"-"},"content":"* `find John` returns `john` and `John Doe`","lastModifiedDate":"2020-05-23T01:10:16","isFullCredit":false},{"lineNumber":218,"author":{"gitId":"-"},"content":"* `find mario` returns `Mario Wong` and `Maria`","lastModifiedDate":"2025-10-20T12:34:07","isFullCredit":false},{"lineNumber":219,"author":{"gitId":"-"},"content":"* `find Rile` returns `Riley Tan`\u003cbr\u003e","lastModifiedDate":"2025-10-30T20:52:51","isFullCredit":false},{"lineNumber":220,"author":{"gitId":"-"},"content":"  ![result for \u0027find Riley\u0027](images/Find.png)","lastModifiedDate":"2025-10-30T20:52:51","isFullCredit":false},{"lineNumber":221,"author":{"gitId":"-"},"content":"","lastModifiedDate":"2025-10-30T20:52:51","isFullCredit":false},{"lineNumber":222,"author":{"gitId":"-"},"content":"","lastModifiedDate":"2025-10-30T22:18:10","isFullCredit":false},{"lineNumber":223,"author":{"gitId":"-"},"content":"\u003cdiv markdown\u003d\"span\" class\u003d\"alert alert-primary\"\u003e:bulb: **Tip:**","lastModifiedDate":"2025-10-30T22:18:10","isFullCredit":false},{"lineNumber":224,"author":{"gitId":"-"},"content":"Use five or more characters to utilize fuzzy search effectively","lastModifiedDate":"2025-10-30T22:18:10","isFullCredit":false},{"lineNumber":225,"author":{"gitId":"-"},"content":"\u003c/div\u003e","lastModifiedDate":"2025-10-30T20:52:51","isFullCredit":false},{"lineNumber":226,"author":{"gitId":"-"},"content":"","lastModifiedDate":"2020-05-23T01:10:16","isFullCredit":false},{"lineNumber":227,"author":{"gitId":"-"},"content":"### [Filtering contacts by tags: `filter`](#toc) \u003ca name\u003d\"filter\"\u003e\u003c/a\u003e","lastModifiedDate":"2025-10-29T13:15:19","isFullCredit":false},{"lineNumber":228,"author":{"gitId":"-"},"content":"","lastModifiedDate":"2025-10-20T12:51:24","isFullCredit":false},{"lineNumber":229,"author":{"gitId":"-"},"content":"Filters contacts who has any of the given tags.","lastModifiedDate":"2025-10-29T13:15:19","isFullCredit":false},{"lineNumber":230,"author":{"gitId":"-"},"content":"","lastModifiedDate":"2025-10-20T12:51:24","isFullCredit":false},{"lineNumber":231,"author":{"gitId":"-"},"content":"Format: `filter TAG [MORE_TAG]`","lastModifiedDate":"2025-10-20T12:51:24","isFullCredit":false},{"lineNumber":232,"author":{"gitId":"-"},"content":"","lastModifiedDate":"2025-10-20T12:51:24","isFullCredit":false},{"lineNumber":233,"author":{"gitId":"-"},"content":"* The search is case-insensitive. e.g `friends` will match `Friends`","lastModifiedDate":"2025-10-20T12:51:24","isFullCredit":false},{"lineNumber":234,"author":{"gitId":"-"},"content":"* The order of the keywords does not matter. e.g. `friends colleagues` will match contacts with either tag","lastModifiedDate":"2025-10-20T12:51:24","isFullCredit":false},{"lineNumber":235,"author":{"gitId":"-"},"content":"* Only the tags are searched.","lastModifiedDate":"2025-10-20T12:51:24","isFullCredit":false},{"lineNumber":236,"author":{"gitId":"-"},"content":"* Only exact tag matches will be matched e.g. `friend` will not match `friends`","lastModifiedDate":"2025-10-20T12:51:24","isFullCredit":false},{"lineNumber":237,"author":{"gitId":"-"},"content":"* contacts matching at least one keyword will be returned (i.e. `OR` search).","lastModifiedDate":"2025-10-29T13:15:19","isFullCredit":false},{"lineNumber":238,"author":{"gitId":"-"},"content":"  e.g. `filter friends colleagues` will return contacts tagged with `friends` or `colleagues` or both","lastModifiedDate":"2025-10-20T12:51:24","isFullCredit":false},{"lineNumber":239,"author":{"gitId":"-"},"content":"","lastModifiedDate":"2025-10-20T12:51:24","isFullCredit":false},{"lineNumber":240,"author":{"gitId":"-"},"content":"Examples:","lastModifiedDate":"2025-10-20T12:51:24","isFullCredit":false},{"lineNumber":241,"author":{"gitId":"-"},"content":"* `filter friends` returns all contacts tagged with `friends`","lastModifiedDate":"2025-10-20T12:51:24","isFullCredit":false},{"lineNumber":242,"author":{"gitId":"-"},"content":"* `filter friends colleagues` returns all contacts tagged with either `friends` or `colleagues`","lastModifiedDate":"2025-10-20T12:51:24","isFullCredit":false},{"lineNumber":243,"author":{"gitId":"-"},"content":"","lastModifiedDate":"2025-10-20T12:51:24","isFullCredit":false},{"lineNumber":244,"author":{"gitId":"-"},"content":"### [Deleting a contact : `delete`](#toc) \u003ca name\u003d\"delete\"\u003e\u003c/a\u003e","lastModifiedDate":"2025-10-29T13:15:19","isFullCredit":false},{"lineNumber":245,"author":{"gitId":"-"},"content":"","lastModifiedDate":"2020-05-23T01:10:16","isFullCredit":false},{"lineNumber":246,"author":{"gitId":"-"},"content":"Deletes the specified contact from the address book.","lastModifiedDate":"2025-10-29T13:15:19","isFullCredit":false},{"lineNumber":247,"author":{"gitId":"-"},"content":"","lastModifiedDate":"2020-05-23T01:10:16","isFullCredit":false},{"lineNumber":248,"author":{"gitId":"-"},"content":"Format: `delete INDEX`","lastModifiedDate":"2020-05-23T01:10:16","isFullCredit":false},{"lineNumber":249,"author":{"gitId":"-"},"content":"","lastModifiedDate":"2020-05-23T01:10:16","isFullCredit":false},{"lineNumber":250,"author":{"gitId":"-"},"content":"* Deletes the contact at the specified `INDEX`.","lastModifiedDate":"2025-10-29T13:15:19","isFullCredit":false},{"lineNumber":251,"author":{"gitId":"-"},"content":"* The index refers to the index number shown in the displayed contact list.","lastModifiedDate":"2025-10-29T13:15:19","isFullCredit":false},{"lineNumber":252,"author":{"gitId":"-"},"content":"* The index **must be a positive integer** 1, 2, 3, …​","lastModifiedDate":"2020-05-23T01:10:16","isFullCredit":false},{"lineNumber":253,"author":{"gitId":"-"},"content":"","lastModifiedDate":"2020-05-23T01:10:16","isFullCredit":false},{"lineNumber":254,"author":{"gitId":"-"},"content":"Examples:","lastModifiedDate":"2020-05-23T01:10:16","isFullCredit":false},{"lineNumber":255,"author":{"gitId":"-"},"content":"* `list` followed by `delete 2` deletes the 2nd contact in the address book.","lastModifiedDate":"2025-10-29T13:15:19","isFullCredit":false},{"lineNumber":256,"author":{"gitId":"-"},"content":"* `find Betsy` followed by `delete 1` deletes the 1st contact in the results of the `find` command.","lastModifiedDate":"2025-10-29T13:15:19","isFullCredit":false},{"lineNumber":257,"author":{"gitId":"-"},"content":"","lastModifiedDate":"2020-05-23T01:10:16","isFullCredit":false},{"lineNumber":258,"author":{"gitId":"-"},"content":"### [Pinning a contact : `pin`](#toc) \u003ca name\u003d\"pin\"\u003e\u003c/a\u003e","lastModifiedDate":"2025-10-29T13:15:19","isFullCredit":false},{"lineNumber":259,"author":{"gitId":"-"},"content":"","lastModifiedDate":"2025-10-20T12:51:24","isFullCredit":false},{"lineNumber":260,"author":{"gitId":"-"},"content":"Pins the specified contact to keep them at the top of the contact list.","lastModifiedDate":"2025-10-20T12:51:24","isFullCredit":false},{"lineNumber":261,"author":{"gitId":"-"},"content":"","lastModifiedDate":"2025-10-20T12:51:24","isFullCredit":false},{"lineNumber":262,"author":{"gitId":"-"},"content":"Format: `pin INDEX`","lastModifiedDate":"2025-10-20T12:51:24","isFullCredit":false},{"lineNumber":263,"author":{"gitId":"-"},"content":"","lastModifiedDate":"2025-10-20T12:51:24","isFullCredit":false},{"lineNumber":264,"author":{"gitId":"-"},"content":"* Pins the contact at the specified `INDEX`.","lastModifiedDate":"2025-10-29T13:15:19","isFullCredit":false},{"lineNumber":265,"author":{"gitId":"-"},"content":"* The index refers to the index number shown in the displayed contact list.","lastModifiedDate":"2025-10-29T13:15:19","isFullCredit":false},{"lineNumber":266,"author":{"gitId":"-"},"content":"* The index **must be a positive integer** 1, 2, 3, …​","lastModifiedDate":"2025-10-20T12:51:24","isFullCredit":false},{"lineNumber":267,"author":{"gitId":"-"},"content":"* Pinned contacts will always appear at the top of the list, even when sorting or filtering.","lastModifiedDate":"2025-10-20T12:51:24","isFullCredit":false},{"lineNumber":268,"author":{"gitId":"-"},"content":"","lastModifiedDate":"2025-10-20T12:51:24","isFullCredit":false},{"lineNumber":269,"author":{"gitId":"-"},"content":"Examples:","lastModifiedDate":"2025-10-20T12:51:24","isFullCredit":false},{"lineNumber":270,"author":{"gitId":"-"},"content":"* `list` followed by `pin 2` pins the 2nd contact in the address book.","lastModifiedDate":"2025-10-29T13:15:19","isFullCredit":false},{"lineNumber":271,"author":{"gitId":"-"},"content":"* `find Betsy` followed by `pin 1` pins the 1st contact in the results of the `find` command.","lastModifiedDate":"2025-10-29T13:15:19","isFullCredit":false},{"lineNumber":272,"author":{"gitId":"-"},"content":"","lastModifiedDate":"2025-10-20T12:51:24","isFullCredit":false},{"lineNumber":273,"author":{"gitId":"-"},"content":"### [Unpinning a contact : `unpin`](#toc) \u003ca name\u003d\"unpin\"\u003e\u003c/a\u003e","lastModifiedDate":"2025-10-29T13:15:19","isFullCredit":false},{"lineNumber":274,"author":{"gitId":"-"},"content":"","lastModifiedDate":"2025-10-20T12:51:24","isFullCredit":false},{"lineNumber":275,"author":{"gitId":"-"},"content":"Unpins the specified contact, removing it from the pinned position.","lastModifiedDate":"2025-10-20T12:51:24","isFullCredit":false},{"lineNumber":276,"author":{"gitId":"-"},"content":"","lastModifiedDate":"2025-10-20T12:51:24","isFullCredit":false},{"lineNumber":277,"author":{"gitId":"-"},"content":"Format: `unpin INDEX`","lastModifiedDate":"2025-10-20T12:51:24","isFullCredit":false},{"lineNumber":278,"author":{"gitId":"-"},"content":"","lastModifiedDate":"2025-10-20T12:51:24","isFullCredit":false},{"lineNumber":279,"author":{"gitId":"-"},"content":"* Unpins the contact at the specified `INDEX`.","lastModifiedDate":"2025-10-29T13:15:19","isFullCredit":false},{"lineNumber":280,"author":{"gitId":"-"},"content":"* The index refers to the index number shown in the displayed contact list.","lastModifiedDate":"2025-10-29T13:15:19","isFullCredit":false},{"lineNumber":281,"author":{"gitId":"-"},"content":"* The index **must be a positive integer** 1, 2, 3, …​","lastModifiedDate":"2025-10-20T12:51:24","isFullCredit":false},{"lineNumber":282,"author":{"gitId":"-"},"content":"* The contact must already be pinned.","lastModifiedDate":"2025-10-29T13:15:19","isFullCredit":false},{"lineNumber":283,"author":{"gitId":"-"},"content":"","lastModifiedDate":"2025-10-20T12:51:24","isFullCredit":false},{"lineNumber":284,"author":{"gitId":"-"},"content":"Examples:","lastModifiedDate":"2025-10-20T12:51:24","isFullCredit":false},{"lineNumber":285,"author":{"gitId":"-"},"content":"* `list` followed by `unpin 1` unpins the 1st contact in the address book.","lastModifiedDate":"2025-10-29T13:15:19","isFullCredit":false},{"lineNumber":286,"author":{"gitId":"-"},"content":"","lastModifiedDate":"2025-10-20T12:51:24","isFullCredit":false},{"lineNumber":287,"author":{"gitId":"-"},"content":"### [Undoing a command : `undo`](#toc) \u003ca name\u003d\"undo\"\u003e\u003c/a\u003e","lastModifiedDate":"2025-10-29T13:15:19","isFullCredit":false},{"lineNumber":288,"author":{"gitId":"-"},"content":"","lastModifiedDate":"2025-10-13T15:53:04","isFullCredit":false},{"lineNumber":289,"author":{"gitId":"-"},"content":"* Undo last action","lastModifiedDate":"2025-10-13T15:53:04","isFullCredit":false},{"lineNumber":290,"author":{"gitId":"-"},"content":"* Reverts the effects of the following commands:","lastModifiedDate":"2025-10-20T11:52:45","isFullCredit":false},{"lineNumber":291,"author":{"gitId":"-"},"content":"    * Add","lastModifiedDate":"2025-10-13T15:53:04","isFullCredit":false},{"lineNumber":292,"author":{"gitId":"-"},"content":"    * Delete","lastModifiedDate":"2025-10-13T15:53:04","isFullCredit":false},{"lineNumber":293,"author":{"gitId":"-"},"content":"    * Edit","lastModifiedDate":"2025-10-13T15:53:04","isFullCredit":false},{"lineNumber":294,"author":{"gitId":"-"},"content":"    * Clear","lastModifiedDate":"2025-10-13T15:53:04","isFullCredit":false},{"lineNumber":295,"author":{"gitId":"-"},"content":"    * Pin","lastModifiedDate":"2025-10-20T11:52:45","isFullCredit":false},{"lineNumber":296,"author":{"gitId":"-"},"content":"    * Unpin","lastModifiedDate":"2025-10-20T11:52:45","isFullCredit":false},{"lineNumber":297,"author":{"gitId":"-"},"content":"","lastModifiedDate":"2025-10-20T11:52:45","isFullCredit":false},{"lineNumber":298,"author":{"gitId":"-"},"content":"\u003cdiv markdown\u003d\"span\" class\u003d\"alert alert-primary\"\u003e:bulb: **Tip:**","lastModifiedDate":"2025-10-30T22:18:10","isFullCredit":false},{"lineNumber":299,"author":{"gitId":"-"},"content":"Useful for any unintentional mistakes","lastModifiedDate":"2025-10-30T22:18:10","isFullCredit":false},{"lineNumber":300,"author":{"gitId":"-"},"content":"\u003c/div\u003e","lastModifiedDate":"2025-10-20T11:52:45","isFullCredit":false},{"lineNumber":301,"author":{"gitId":"-"},"content":"","lastModifiedDate":"2025-10-20T11:52:45","isFullCredit":false},{"lineNumber":302,"author":{"gitId":"-"},"content":"### [Redoing a command : `redo`](#toc) \u003ca name\u003d\"redo\"\u003e\u003c/a\u003e","lastModifiedDate":"2025-10-29T13:15:19","isFullCredit":false},{"lineNumber":303,"author":{"gitId":"-"},"content":"","lastModifiedDate":"2025-10-20T11:52:45","isFullCredit":false},{"lineNumber":304,"author":{"gitId":"-"},"content":"* Redo last action, reverting state of application to that before previous undo","lastModifiedDate":"2025-10-20T11:52:45","isFullCredit":false},{"lineNumber":305,"author":{"gitId":"-"},"content":"* Redo history will be cleared when commands that edit the state of the data are made","lastModifiedDate":"2025-10-20T11:52:45","isFullCredit":false},{"lineNumber":306,"author":{"gitId":"-"},"content":"","lastModifiedDate":"2025-10-13T15:53:04","isFullCredit":false},{"lineNumber":307,"author":{"gitId":"-"},"content":"### [Importing a save file : `import`](#toc) \u003ca name\u003d\"import\"\u003e\u003c/a\u003e","lastModifiedDate":"2025-10-29T13:15:19","isFullCredit":false},{"lineNumber":308,"author":{"gitId":"-"},"content":"","lastModifiedDate":"2025-10-21T17:59:27","isFullCredit":false},{"lineNumber":309,"author":{"gitId":"-"},"content":"Imports the details stored in the specified file","lastModifiedDate":"2025-10-21T17:59:27","isFullCredit":false},{"lineNumber":310,"author":{"gitId":"-"},"content":"","lastModifiedDate":"2025-10-21T17:59:27","isFullCredit":false},{"lineNumber":311,"author":{"gitId":"-"},"content":"Format: `import f/FILE`","lastModifiedDate":"2025-10-21T17:59:27","isFullCredit":false},{"lineNumber":312,"author":{"gitId":"-"},"content":"","lastModifiedDate":"2025-10-30T22:18:10","isFullCredit":false},{"lineNumber":313,"author":{"gitId":"-"},"content":"\u003cdiv markdown\u003d\"span\" class\u003d\"alert alert-primary\"\u003e:bulb: **Tip:**","lastModifiedDate":"2025-10-30T22:18:10","isFullCredit":false},{"lineNumber":314,"author":{"gitId":"-"},"content":"Use relative addresses for easier referencing!","lastModifiedDate":"2025-10-30T22:18:10","isFullCredit":false},{"lineNumber":315,"author":{"gitId":"-"},"content":"\u003c/div\u003e","lastModifiedDate":"2025-10-21T17:59:27","isFullCredit":false},{"lineNumber":316,"author":{"gitId":"-"},"content":"","lastModifiedDate":"2025-10-21T17:59:27","isFullCredit":false},{"lineNumber":317,"author":{"gitId":"-"},"content":"* Either a `.json` or a `.csv` file can be used.","lastModifiedDate":"2025-10-21T17:59:27","isFullCredit":false},{"lineNumber":318,"author":{"gitId":"-"},"content":"","lastModifiedDate":"2025-10-21T17:59:27","isFullCredit":false},{"lineNumber":319,"author":{"gitId":"-"},"content":"Example:","lastModifiedDate":"2025-10-21T17:59:27","isFullCredit":false},{"lineNumber":320,"author":{"gitId":"-"},"content":"* Importing a json file: `import f/data/addressbook.json`","lastModifiedDate":"2025-10-21T17:59:27","isFullCredit":false},{"lineNumber":321,"author":{"gitId":"-"},"content":"* Importing a csv file: `import f/data/addressbook.csv`","lastModifiedDate":"2025-10-21T17:59:27","isFullCredit":false},{"lineNumber":322,"author":{"gitId":"-"},"content":"","lastModifiedDate":"2025-10-21T17:59:27","isFullCredit":false},{"lineNumber":323,"author":{"gitId":"-"},"content":"### [Exporting your save file to `.json` or `.csv` : `export`](#toc) \u003ca name\u003d\"export\"\u003e\u003c/a\u003e","lastModifiedDate":"2025-10-29T13:15:19","isFullCredit":false},{"lineNumber":324,"author":{"gitId":"-"},"content":"","lastModifiedDate":"2025-10-21T17:59:27","isFullCredit":false},{"lineNumber":325,"author":{"gitId":"-"},"content":"Exports your saved data to a `.json` or `.csv` file.","lastModifiedDate":"2025-10-29T10:54:18","isFullCredit":false},{"lineNumber":326,"author":{"gitId":"-"},"content":"","lastModifiedDate":"2025-10-21T17:59:27","isFullCredit":false},{"lineNumber":327,"author":{"gitId":"-"},"content":"Format: `export f/FILE [t/TAG]...`","lastModifiedDate":"2025-10-29T10:54:18","isFullCredit":false},{"lineNumber":328,"author":{"gitId":"-"},"content":"","lastModifiedDate":"2025-10-21T17:59:27","isFullCredit":false},{"lineNumber":329,"author":{"gitId":"-"},"content":"Options:","lastModifiedDate":"2025-10-29T10:54:18","isFullCredit":false},{"lineNumber":330,"author":{"gitId":"-"},"content":"* `FILE`: Filepath of export file. File must have extension `.json` or `.csv`.","lastModifiedDate":"2025-10-29T10:54:18","isFullCredit":false},{"lineNumber":331,"author":{"gitId":"-"},"content":"* `[TAG]`: Tags to filter the contact list before exporting. Only contacts with all the provided tags will be exported.","lastModifiedDate":"2025-10-29T10:54:18","isFullCredit":false},{"lineNumber":332,"author":{"gitId":"-"},"content":"","lastModifiedDate":"2025-10-29T10:54:18","isFullCredit":false},{"lineNumber":333,"author":{"gitId":"-"},"content":"\u003cdiv markdown\u003d\"span\" class\u003d\"alert alert-primary\"\u003e:bulb: **Tip:**","lastModifiedDate":"2025-10-30T22:18:10","isFullCredit":false},{"lineNumber":334,"author":{"gitId":"-"},"content":"Use relative addresses for easier referencing!","lastModifiedDate":"2025-10-30T22:18:10","isFullCredit":false},{"lineNumber":335,"author":{"gitId":"-"},"content":"\u003c/div\u003e","lastModifiedDate":"2025-10-29T10:54:18","isFullCredit":false},{"lineNumber":336,"author":{"gitId":"-"},"content":"","lastModifiedDate":"2025-10-21T17:59:27","isFullCredit":false},{"lineNumber":337,"author":{"gitId":"-"},"content":"### [Sorting Contacts: `sort`](#toc) \u003ca name\u003d\"sort\"\u003e\u003c/a\u003e","lastModifiedDate":"2025-10-29T13:15:19","isFullCredit":false},{"lineNumber":338,"author":{"gitId":"-"},"content":"Sort contacts via a specific field in a specific order","lastModifiedDate":"2025-10-21T16:58:04","isFullCredit":false},{"lineNumber":339,"author":{"gitId":"-"},"content":"","lastModifiedDate":"2025-10-21T16:58:04","isFullCredit":false},{"lineNumber":340,"author":{"gitId":"-"},"content":"Format: `sort [f/FIELD] [o/ORDER]`","lastModifiedDate":"2025-10-21T16:58:04","isFullCredit":false},{"lineNumber":341,"author":{"gitId":"-"},"content":"","lastModifiedDate":"2025-10-21T16:58:04","isFullCredit":false},{"lineNumber":342,"author":{"gitId":"-"},"content":"Options:","lastModifiedDate":"2025-10-21T16:58:04","isFullCredit":false},{"lineNumber":343,"author":{"gitId":"-"},"content":"* `[FIELD]`: One of:","lastModifiedDate":"2025-10-21T16:58:04","isFullCredit":false},{"lineNumber":344,"author":{"gitId":"-"},"content":"    * `name`","lastModifiedDate":"2025-10-21T16:58:04","isFullCredit":false},{"lineNumber":345,"author":{"gitId":"-"},"content":"    * `phone`","lastModifiedDate":"2025-10-21T16:58:04","isFullCredit":false},{"lineNumber":346,"author":{"gitId":"-"},"content":"    * `email`","lastModifiedDate":"2025-10-21T16:58:04","isFullCredit":false},{"lineNumber":347,"author":{"gitId":"-"},"content":"    * `address`","lastModifiedDate":"2025-10-21T16:58:04","isFullCredit":false},{"lineNumber":348,"author":{"gitId":"-"},"content":"* `[ORDER]`: One of:","lastModifiedDate":"2025-10-21T16:58:04","isFullCredit":false},{"lineNumber":349,"author":{"gitId":"-"},"content":"    * `asc`","lastModifiedDate":"2025-10-21T16:58:04","isFullCredit":false},{"lineNumber":350,"author":{"gitId":"-"},"content":"    * `desc`","lastModifiedDate":"2025-10-21T16:58:04","isFullCredit":false},{"lineNumber":351,"author":{"gitId":"-"},"content":"","lastModifiedDate":"2025-10-21T16:58:04","isFullCredit":false},{"lineNumber":352,"author":{"gitId":"-"},"content":"Example","lastModifiedDate":"2025-10-21T16:58:04","isFullCredit":false},{"lineNumber":353,"author":{"gitId":"-"},"content":"* `sort f/name o/asc` sorts all contacts by name in ascending order","lastModifiedDate":"2025-10-21T16:58:04","isFullCredit":false},{"lineNumber":354,"author":{"gitId":"-"},"content":"* `sort f/address o/desc` sorts all contacts by address in descending order","lastModifiedDate":"2025-10-21T16:58:04","isFullCredit":false},{"lineNumber":355,"author":{"gitId":"-"},"content":"","lastModifiedDate":"2025-10-21T16:58:04","isFullCredit":false},{"lineNumber":356,"author":{"gitId":"-"},"content":"### [Clearing all entries : `clear`](#toc) \u003ca name\u003d\"clear\"\u003e\u003c/a\u003e","lastModifiedDate":"2025-10-29T13:15:19","isFullCredit":false},{"lineNumber":357,"author":{"gitId":"-"},"content":"","lastModifiedDate":"2020-05-23T01:10:16","isFullCredit":false},{"lineNumber":358,"author":{"gitId":"-"},"content":"Format: `clear`","lastModifiedDate":"2025-10-30T22:20:52","isFullCredit":false},{"lineNumber":359,"author":{"gitId":"-"},"content":"","lastModifiedDate":"2025-10-30T22:20:52","isFullCredit":false},{"lineNumber":360,"author":{"gitId":"-"},"content":"A warning will pop up, where you can type `clear confirm` to confirm the deletion.","lastModifiedDate":"2025-10-30T22:20:52","isFullCredit":false},{"lineNumber":361,"author":{"gitId":"-"},"content":"","lastModifiedDate":"2025-10-30T22:20:52","isFullCredit":false},{"lineNumber":362,"author":{"gitId":"-"},"content":"![clearWarning](images/clearWarning.png)","lastModifiedDate":"2025-10-30T22:20:52","isFullCredit":false},{"lineNumber":363,"author":{"gitId":"-"},"content":"","lastModifiedDate":"2025-10-30T22:20:52","isFullCredit":false},{"lineNumber":364,"author":{"gitId":"-"},"content":"**WARNING**: Deletes all contact details. Data cannot be retrieved after you clear and exit the app.","lastModifiedDate":"2025-10-30T22:20:52","isFullCredit":false},{"lineNumber":365,"author":{"gitId":"-"},"content":"","lastModifiedDate":"2025-10-30T22:20:52","isFullCredit":false},{"lineNumber":366,"author":{"gitId":"-"},"content":"Format: `clear confirm`","lastModifiedDate":"2025-10-30T22:20:52","isFullCredit":false},{"lineNumber":367,"author":{"gitId":"-"},"content":"","lastModifiedDate":"2025-10-30T22:20:52","isFullCredit":false},{"lineNumber":368,"author":{"gitId":"-"},"content":"Clears all entries from the address book.","lastModifiedDate":"2020-05-23T01:10:16","isFullCredit":false},{"lineNumber":369,"author":{"gitId":"-"},"content":"","lastModifiedDate":"2020-05-23T01:10:16","isFullCredit":false},{"lineNumber":370,"author":{"gitId":"-"},"content":"","lastModifiedDate":"2020-05-23T01:10:16","isFullCredit":false},{"lineNumber":371,"author":{"gitId":"-"},"content":"### [Exiting the program : `exit`](#toc) \u003ca name\u003d\"exit\"\u003e\u003c/a\u003e","lastModifiedDate":"2025-10-29T13:15:19","isFullCredit":false},{"lineNumber":372,"author":{"gitId":"-"},"content":"","lastModifiedDate":"2020-05-23T01:10:16","isFullCredit":false},{"lineNumber":373,"author":{"gitId":"-"},"content":"Exits the program.","lastModifiedDate":"2020-05-23T01:10:16","isFullCredit":false},{"lineNumber":374,"author":{"gitId":"-"},"content":"","lastModifiedDate":"2020-05-23T01:10:16","isFullCredit":false},{"lineNumber":375,"author":{"gitId":"-"},"content":"Format: `exit`","lastModifiedDate":"2020-05-23T01:10:16","isFullCredit":false},{"lineNumber":376,"author":{"gitId":"-"},"content":"","lastModifiedDate":"2020-05-23T01:10:16","isFullCredit":false},{"lineNumber":377,"author":{"gitId":"-"},"content":"### [Saving the data](#toc) \u003ca name\u003d\"savedata\"\u003e\u003c/a\u003e","lastModifiedDate":"2025-10-29T13:15:19","isFullCredit":false},{"lineNumber":378,"author":{"gitId":"-"},"content":"","lastModifiedDate":"2020-05-23T01:10:16","isFullCredit":false},{"lineNumber":379,"author":{"gitId":"-"},"content":"LinkedUp data are saved in the hard disk automatically after any command that changes the data. There is no need to save manually.","lastModifiedDate":"2025-10-22T23:55:17","isFullCredit":false},{"lineNumber":380,"author":{"gitId":"-"},"content":"","lastModifiedDate":"2020-05-23T01:10:16","isFullCredit":false},{"lineNumber":381,"author":{"gitId":"-"},"content":"### [Editing the data file](#toc) \u003ca name\u003d\"editdata\"\u003e\u003c/a\u003e","lastModifiedDate":"2025-10-29T13:15:19","isFullCredit":false},{"lineNumber":382,"author":{"gitId":"-"},"content":"","lastModifiedDate":"2021-02-04T00:18:23","isFullCredit":false},{"lineNumber":383,"author":{"gitId":"-"},"content":"LinkedUp data are saved automatically as a JSON file `[JAR file location]/data/addressbook.json`. Advanced users are welcome to update data directly by editing that data file.","lastModifiedDate":"2025-10-22T23:55:17","isFullCredit":false},{"lineNumber":384,"author":{"gitId":"-"},"content":"","lastModifiedDate":"2021-02-04T00:18:23","isFullCredit":false},{"lineNumber":385,"author":{"gitId":"-"},"content":"\u003cdiv markdown\u003d\"span\" class\u003d\"alert alert-warning\"\u003e:exclamation: **Caution:**","lastModifiedDate":"2021-02-04T00:18:23","isFullCredit":false},{"lineNumber":386,"author":{"gitId":"-"},"content":"If your changes to the data file makes its format invalid, LinkedUp will discard all data and start with an empty data file at the next run. Hence, it is recommended to take a backup of the file before editing it.\u003cbr\u003e","lastModifiedDate":"2025-10-22T23:55:17","isFullCredit":false},{"lineNumber":387,"author":{"gitId":"-"},"content":"Furthermore, certain edits can cause LinkedUp to behave in unexpected ways (e.g., if a value entered is outside of the acceptable range). Therefore, edit the data file only if you are confident that you can update it correctly.","lastModifiedDate":"2025-10-22T23:55:17","isFullCredit":false},{"lineNumber":388,"author":{"gitId":"-"},"content":"\u003c/div\u003e","lastModifiedDate":"2021-02-04T00:18:23","isFullCredit":false},{"lineNumber":389,"author":{"gitId":"-"},"content":"","lastModifiedDate":"2021-02-04T00:18:23","isFullCredit":false},{"lineNumber":390,"author":{"gitId":"-"},"content":"--------------------------------------------------------------------------------------------------------------------","lastModifiedDate":"2020-05-23T01:10:16","isFullCredit":false},{"lineNumber":391,"author":{"gitId":"-"},"content":"","lastModifiedDate":"2020-05-23T01:10:16","isFullCredit":false},{"lineNumber":392,"author":{"gitId":"-"},"content":"## [FAQ](#toc) \u003ca name\u003d\"faq\"\u003e\u003c/a\u003e","lastModifiedDate":"2025-10-29T13:15:19","isFullCredit":false},{"lineNumber":393,"author":{"gitId":"-"},"content":"","lastModifiedDate":"2020-05-23T01:10:16","isFullCredit":false},{"lineNumber":394,"author":{"gitId":"-"},"content":"**Q**: How do I transfer my data to another Computer?\u003cbr\u003e","lastModifiedDate":"2020-05-23T01:10:16","isFullCredit":false},{"lineNumber":395,"author":{"gitId":"-"},"content":"**A**: Follow all instructions below in order \u003cbr\u003e","lastModifiedDate":"2025-10-30T23:25:57","isFullCredit":false},{"lineNumber":396,"author":{"gitId":"ngmhprogramming"},"content":"","lastModifiedDate":"2025-10-31T11:48:39","isFullCredit":false},{"lineNumber":397,"author":{"gitId":"-"},"content":"1. You can use `export f/FILE` to create either a `.csv` file or a `.json` file.","lastModifiedDate":"2025-10-31T00:30:56","isFullCredit":false},{"lineNumber":398,"author":{"gitId":"ngmhprogramming"},"content":"1. Copy your file of choice to your other computer, then use `import f/FILE` to use your data in your other computer.","lastModifiedDate":"2025-10-31T11:38:33","isFullCredit":false},{"lineNumber":399,"author":{"gitId":"ngmhprogramming"},"content":"","lastModifiedDate":"2025-10-31T11:48:39","isFullCredit":false},{"lineNumber":400,"author":{"gitId":"-"},"content":"--------------------------------------------------------------------------------------------------------------------","lastModifiedDate":"2020-05-23T01:10:16","isFullCredit":false},{"lineNumber":401,"author":{"gitId":"-"},"content":"","lastModifiedDate":"2020-05-23T01:10:16","isFullCredit":false},{"lineNumber":402,"author":{"gitId":"-"},"content":"## [Known issues](#toc) \u003ca name\u003d\"issues\"\u003e\u003c/a\u003e","lastModifiedDate":"2025-10-29T13:15:19","isFullCredit":false},{"lineNumber":403,"author":{"gitId":"-"},"content":"","lastModifiedDate":"2023-09-08T13:05:01","isFullCredit":false},{"lineNumber":404,"author":{"gitId":"-"},"content":"1. **When using multiple screens**, if you move the application to a secondary screen, and later switch to using only the primary screen, the GUI will open off-screen. The remedy is to delete the `preferences.json` file created by the application before running the application again.","lastModifiedDate":"2023-09-08T13:05:01","isFullCredit":false},{"lineNumber":405,"author":{"gitId":"-"},"content":"1. **If you minimize the Help Window** and then run the `help` command (or use the `Help` menu, or the keyboard shortcut `F1`) again, the original Help Window will remain minimized, and no new Help Window will appear. The remedy is to manually restore the minimized Help Window.","lastModifiedDate":"2025-10-31T00:17:03","isFullCredit":false},{"lineNumber":406,"author":{"gitId":"-"},"content":"","lastModifiedDate":"2023-09-08T13:05:01","isFullCredit":false},{"lineNumber":407,"author":{"gitId":"-"},"content":"--------------------------------------------------------------------------------------------------------------------","lastModifiedDate":"2023-09-08T13:05:01","isFullCredit":false},{"lineNumber":408,"author":{"gitId":"-"},"content":"","lastModifiedDate":"2023-09-08T13:05:01","isFullCredit":false},{"lineNumber":409,"author":{"gitId":"-"},"content":"## [Command summary](#toc) \u003ca name\u003d\"summary\"\u003e\u003c/a\u003e","lastModifiedDate":"2025-10-29T13:15:19","isFullCredit":false},{"lineNumber":410,"author":{"gitId":"-"},"content":"","lastModifiedDate":"2020-05-23T01:10:16","isFullCredit":false},{"lineNumber":411,"author":{"gitId":"-"},"content":"Action | Format, Examples","lastModifiedDate":"2020-05-23T01:10:16","isFullCredit":false},{"lineNumber":412,"author":{"gitId":"-"},"content":"--------|------------------","lastModifiedDate":"2020-05-23T01:10:16","isFullCredit":false},{"lineNumber":413,"author":{"gitId":"-"},"content":"**Add** | `add n/NAME p/PHONE_NUMBER e/EMAIL a/ADDRESS [t/TAG]…​` \u003cbr\u003e e.g., `add n/James Ho p/22224444 e/jamesho@example.com a/123, Clementi Rd, 1234665 t/friend t/colleague`","lastModifiedDate":"2020-05-23T01:10:16","isFullCredit":false},{"lineNumber":414,"author":{"gitId":"-"},"content":"**Clear** | `clear`","lastModifiedDate":"2020-05-23T01:10:16","isFullCredit":false},{"lineNumber":415,"author":{"gitId":"-"},"content":"**Delete** | `delete INDEX`\u003cbr\u003e e.g., `delete 3`","lastModifiedDate":"2020-05-23T01:10:16","isFullCredit":false},{"lineNumber":416,"author":{"gitId":"-"},"content":"**Edit autofill** | `edit INDEX ​`\u003cbr\u003e e.g.,`edit 2`","lastModifiedDate":"2025-10-20T11:52:45","isFullCredit":false},{"lineNumber":417,"author":{"gitId":"-"},"content":"**Edit** | `edit INDEX [n/NAME] [p/PHONE_NUMBER] [e/EMAIL] [a/ADDRESS] [t/TAG]…​`\u003cbr\u003e e.g.,`edit 2 n/James Lee e/jameslee@example.com`","lastModifiedDate":"2020-05-23T01:10:16","isFullCredit":false},{"lineNumber":418,"author":{"gitId":"-"},"content":"**Log** | `log INDEX m/MESSAGE [t/TYPE]`\u003cbr\u003e e.g., `log 1 m/Called about catering quote t/call` ","lastModifiedDate":"2025-10-30T22:51:13","isFullCredit":false},{"lineNumber":419,"author":{"gitId":"-"},"content":"**Note** | `note INDEX note/[NOTE]`\u003cbr\u003e e.g., `note 1 note/Likes to swim.`","lastModifiedDate":"2025-10-22T22:43:22","isFullCredit":false},{"lineNumber":420,"author":{"gitId":"-"},"content":"**Filter** | `filter TAG [MORE_TAGS]`\u003cbr\u003e e.g., `filter friends colleagues`","lastModifiedDate":"2025-10-20T12:51:24","isFullCredit":false},{"lineNumber":421,"author":{"gitId":"-"},"content":"**Find** | `find KEYWORD [MORE_KEYWORDS]`\u003cbr\u003e e.g., `find James Jake`","lastModifiedDate":"2020-05-23T01:10:16","isFullCredit":false},{"lineNumber":422,"author":{"gitId":"-"},"content":"**List** | `list`","lastModifiedDate":"2020-05-23T01:10:16","isFullCredit":false},{"lineNumber":423,"author":{"gitId":"-"},"content":"**Undo** | `undo`","lastModifiedDate":"2025-10-20T11:52:45","isFullCredit":false},{"lineNumber":424,"author":{"gitId":"-"},"content":"**Redo** | `redo`","lastModifiedDate":"2025-10-20T11:52:45","isFullCredit":false},{"lineNumber":425,"author":{"gitId":"-"},"content":"**Import** | `import f/FILE`\u003cbr\u003e e.g., `import f/data/linkedup.json`","lastModifiedDate":"2025-10-29T11:26:19","isFullCredit":false},{"lineNumber":426,"author":{"gitId":"-"},"content":"**Export** | `export f/FILE [t/TAG]...` \u003cbr\u003e e.g., `export f/data/linkedup.json t/colleagues`","lastModifiedDate":"2025-10-29T11:26:19","isFullCredit":false},{"lineNumber":427,"author":{"gitId":"-"},"content":"**Sort** | `sort [f/FIELD] [o/ORDER]`","lastModifiedDate":"2025-10-21T16:58:04","isFullCredit":false},{"lineNumber":428,"author":{"gitId":"-"},"content":"**Pin** | `pin INDEX`\u003cbr\u003e e.g., `pin 2`","lastModifiedDate":"2025-10-20T12:51:24","isFullCredit":false},{"lineNumber":429,"author":{"gitId":"-"},"content":"**Unpin** | `unpin INDEX`\u003cbr\u003e e.g., `unpin 1`","lastModifiedDate":"2025-10-20T12:51:24","isFullCredit":false},{"lineNumber":430,"author":{"gitId":"-"},"content":"**Help** | `help`","lastModifiedDate":"2020-05-23T01:10:16","isFullCredit":false},{"lineNumber":431,"author":{"gitId":"-"},"content":"","lastModifiedDate":"2025-10-29T13:15:19","isFullCredit":false},{"lineNumber":432,"author":{"gitId":"-"},"content":"## [Glossary](#toc) \u003ca name\u003d\"glossary\"\u003e\u003c/a\u003e","lastModifiedDate":"2025-10-29T13:15:19","isFullCredit":false},{"lineNumber":433,"author":{"gitId":"-"},"content":"","lastModifiedDate":"2025-10-29T13:15:19","isFullCredit":false},{"lineNumber":434,"author":{"gitId":"-"},"content":"Term | Meaning","lastModifiedDate":"2025-10-29T13:15:19","isFullCredit":false},{"lineNumber":435,"author":{"gitId":"-"},"content":"--------|------------------","lastModifiedDate":"2025-10-29T13:15:19","isFullCredit":false},{"lineNumber":436,"author":{"gitId":"-"},"content":"**Student Leader** | A university student with management responsibilities","lastModifiedDate":"2025-10-29T13:15:19","isFullCredit":false},{"lineNumber":437,"author":{"gitId":"-"},"content":"**Vendor** | A provider of resource that student leaders interact with to obtain goods and services (e.g shirt, food)","lastModifiedDate":"2025-10-29T13:15:19","isFullCredit":false},{"lineNumber":438,"author":{"gitId":"-"},"content":"**Contact** | A set of details that represents a person as an entity","lastModifiedDate":"2025-10-29T13:15:19","isFullCredit":false},{"lineNumber":439,"author":{"gitId":"-"},"content":"**Command** | A specific instruction provided by the user","lastModifiedDate":"2025-10-29T13:15:19","isFullCredit":false},{"lineNumber":440,"author":{"gitId":"-"},"content":"**Parameter** | Details provided by the user to alter command behaviours","lastModifiedDate":"2025-10-29T13:15:19","isFullCredit":false},{"lineNumber":441,"author":{"gitId":"-"},"content":"**Log** | Remarks on the modification of information of a specific contact with a time attached","lastModifiedDate":"2025-10-29T13:15:19","isFullCredit":false},{"lineNumber":442,"author":{"gitId":"-"},"content":"**Note** | Simple comments pertaining to a specifc contact","lastModifiedDate":"2025-10-29T13:15:19","isFullCredit":false},{"lineNumber":443,"author":{"gitId":"-"},"content":"","lastModifiedDate":"2025-10-29T13:15:19","isFullCredit":false},{"lineNumber":444,"author":{"gitId":"-"},"content":"","lastModifiedDate":"2025-10-29T13:15:19","isFullCredit":false}],"authorContributionMap":{"ngmhprogramming":3,"-":441}}]
