{"authorDailyContributionsMap":{"Vorld":[],"ngmhprogramming":[{"date":"2025-10-31T00:00:00","commitResults":[{"hash":"e0c7458c4ae2029fae4445cca8dc26f00e0e404c","isMergeCommit":false,"messageTitle":"Fix FAQ formatting in UG","messageBody":"","fileTypesAndContributionMap":{"docs":{"insertions":1,"deletions":1}}},{"hash":"fc67aadacf669d393abd42dc4bb50d14d646e6c9","isMergeCommit":true,"messageTitle":"Merge pull request #174 from ngmhprogramming/update-ug","messageBody":"Fix FAQ formatting in UG","fileTypesAndContributionMap":{}},{"hash":"bbc8dbd8ef484c0bfe09d2dcf3ca4c4123cdb310","isMergeCommit":false,"messageTitle":"Fix FAQ formatting in UG","messageBody":"","fileTypesAndContributionMap":{"docs":{"insertions":2,"deletions":0}}},{"hash":"1b7a4d07e59d6ac5c839110b91bc2c522f457ae6","isMergeCommit":true,"messageTitle":"Merge pull request #175 from ngmhprogramming/update-ug","messageBody":"Fix FAQ formatting in UG","fileTypesAndContributionMap":{}}]}],"IvorKhan":[],"ashmitahaldar":[{"date":"2025-10-31T00:00:00","commitResults":[{"hash":"4f40b5cd006f37a76987d5a5796495ab1222c605","isMergeCommit":false,"messageTitle":"Update minor About Us change","messageBody":"","fileTypesAndContributionMap":{"docs":{"insertions":3,"deletions":2}}},{"hash":"8e273694fc77a8d001d18619c8e75f4359f3d740","isMergeCommit":true,"messageTitle":"Merge pull request #173 from ashmitahaldar/branch-about-us","messageBody":"Update About Us section","fileTypesAndContributionMap":{}}]}],"ThePeeKayy":[]},"authorFileTypeContributionMap":{"Vorld":{"docs":0,"functional-code":0,"test-code":0},"ngmhprogramming":{"docs":3,"functional-code":0,"test-code":0},"IvorKhan":{"docs":0,"functional-code":0,"test-code":0},"ashmitahaldar":{"docs":3,"functional-code":0,"test-code":0},"ThePeeKayy":{"docs":0,"functional-code":0,"test-code":0}},"authorContributionVariance":{"Vorld":0.0,"ngmhprogramming":16.0,"IvorKhan":0.0,"ashmitahaldar":25.0,"ThePeeKayy":0.0},"authorDisplayNameMap":{"Vorld":"CS2103T-W09-1 KULK..SANT","ngmhprogramming":"CS2103T-W09-1 NG M.. HIN","IvorKhan":"CS2103T-W09-1 KHO ..FONG","ashmitahaldar":"CS2103T-W09-1 HALD..MITA","ThePeeKayy":"CS2103T-W09-1 TAN ..IANG"}}
