{"authorDailyContributionsMap":{"Vorld":[],"ngmhprogramming":[],"IvorKhan":[],"ashmitahaldar":[],"ThePeeKayy":[]},"authorFileTypeContributionMap":{"Vorld":{"docs":0,"functional-code":0,"test-code":0},"ngmhprogramming":{"docs":0,"functional-code":0,"test-code":0},"IvorKhan":{"docs":0,"functional-code":0,"test-code":0},"ashmitahaldar":{"docs":0,"functional-code":0,"test-code":0},"ThePeeKayy":{"docs":0,"functional-code":0,"test-code":0}},"authorContributionVariance":{"Vorld":0.0,"ngmhprogramming":0.0,"IvorKhan":0.0,"ashmitahaldar":0.0,"ThePeeKayy":0.0},"authorDisplayNameMap":{"Vorld":"CS2103T-W09-1 KULK..SANT","ngmhprogramming":"CS2103T-W09-1 NG M.. HIN","IvorKhan":"CS2103T-W09-1 KHO ..FONG","ashmitahaldar":"CS2103T-W09-1 HALD..MITA","ThePeeKayy":"CS2103T-W09-1 TAN ..IANG"}}
