{"authorDailyContributionsMap":{"tevyntan":[],"junwei07":[],"RagingRogue":[],"mellowfarm":[],"katrinaykt":[]},"authorFileTypeContributionMap":{"tevyntan":{"docs":0,"functional-code":0,"test-code":0},"junwei07":{"docs":0,"functional-code":0,"test-code":0},"RagingRogue":{"docs":0,"functional-code":0,"test-code":0},"mellowfarm":{"docs":0,"functional-code":0,"test-code":0},"katrinaykt":{"docs":0,"functional-code":0,"test-code":0}},"authorContributionVariance":{"tevyntan":0.0,"junwei07":0.0,"RagingRogue":0.0,"mellowfarm":0.0,"katrinaykt":0.0},"authorDisplayNameMap":{"tevyntan":"CS2103T-F08b-3 TAN ..EVYN","junwei07":"CS2103T-F08b-3 FOO .. WEI","RagingRogue":"CS2103T-F08b-3 LEE .. KYE","mellowfarm":"CS2103T-F08b-3 NICH.. SEE","katrinaykt":"CS2103T-F08b-3 KATR.. YEO"}}
