{"authorDailyContributionsMap":{"yapitsgabriel":[],"biscake":[],"bluemayo":[],"jongrazi":[],"donkoo24":[]},"authorFileTypeContributionMap":{"yapitsgabriel":{"docs":0,"functional-code":0,"test-code":0},"biscake":{"docs":0,"functional-code":0,"test-code":0},"bluemayo":{"docs":0,"functional-code":0,"test-code":0},"jongrazi":{"docs":0,"functional-code":0,"test-code":0},"donkoo24":{"docs":0,"functional-code":0,"test-code":0}},"authorContributionVariance":{"yapitsgabriel":0.0,"biscake":0.0,"bluemayo":0.0,"jongrazi":0.0,"donkoo24":0.0},"authorDisplayNameMap":{"yapitsgabriel":"CS2103T-T09-4 GABR..KANG","biscake":"CS2103T-T09-4 LEON.. HUI","bluemayo":"CS2103T-T09-4 DYLA.. YEW","jongrazi":"CS2103T-T09-4 JONA..YANG","donkoo24":"CS2103T-T09-4 DON .. KOO"}}
