{"authorDailyContributionsMap":{"GREYHAT262":[],"Nelsonweena":[],"charqxx":[],"Eric9010":[]},"authorFileTypeContributionMap":{"GREYHAT262":{"docs":0,"functional-code":0,"test-code":0},"Nelsonweena":{"docs":0,"functional-code":0,"test-code":0},"charqxx":{"docs":0,"functional-code":0,"test-code":0},"Eric9010":{"docs":0,"functional-code":0,"test-code":0}},"authorContributionVariance":{"GREYHAT262":0.0,"Nelsonweena":0.0,"charqxx":0.0,"Eric9010":0.0},"authorDisplayNameMap":{"GREYHAT262":"CS2103T-T13-1 TEH .. HUI","Nelsonweena":"CS2103T-T13-1 WEE ..LSON","charqxx":"CS2103T-T13-1 CHAR.. XIA","Eric9010":"CS2103T-T13-1 WEI ..I YI"}}
