{"authorDailyContributionsMap":{"GREYHAT262":[],"Nelsonweena":[],"charqxx":[{"date":"2025-11-01T00:00:00","commitResults":[{"hash":"9b36218d553499be11fc68b79c8964f9f0609013","isMergeCommit":false,"messageTitle":"Update default comparator to prevent reshuffling","messageBody":"","fileTypesAndContributionMap":{"functional-code":{"insertions":6,"deletions":3},"test-code":{"insertions":26,"deletions":3}}},{"hash":"944783a87bebb78b48596126eecc27273dc0123e","isMergeCommit":false,"messageTitle":"Update User Guide with notes about common parameters","messageBody":"","fileTypesAndContributionMap":{"docs":{"insertions":50,"deletions":9}}},{"hash":"9cd072fb9128b1bdf4917e0a511bd3f02eb85b96","isMergeCommit":true,"messageTitle":"Merge pull request #244 from AY2526S1-CS2103T-T13-1/branch-update-UG-1","messageBody":"Update User Guide with notes about common parameters","fileTypesAndContributionMap":{}},{"hash":"3fed739ab3b80376941e05b5aae052f2a209ab79","isMergeCommit":false,"messageTitle":"Update User Guide with new FAQ and clarify findOrg feature","messageBody":"Clarified search behavior and note command format in User Guide.","fileTypesAndContributionMap":{"docs":{"insertions":5,"deletions":2}}},{"hash":"1d69d7a631bb1113bb0fbf1e9b4d10e578aa9619","isMergeCommit":false,"messageTitle":"Fix formatting in User Guide FAQ section","messageBody":"","fileTypesAndContributionMap":{"docs":{"insertions":2,"deletions":1}}},{"hash":"d56c2d4781eab950a8a534c1e0508459bbcce504","isMergeCommit":true,"messageTitle":"Merge pull request #245 from AY2526S1-CS2103T-T13-1/branch-update-UG-2","messageBody":"Fix formatting in User Guide FAQ section","fileTypesAndContributionMap":{}},{"hash":"17f6833f30e92033742ea3db1ae1e0e750c36229","isMergeCommit":true,"messageTitle":"Merge pull request #243 from charqxx/branch-reshuffle-fix","messageBody":"Fix reshuffling bug","fileTypesAndContributionMap":{}},{"hash":"1340f63f17142fc818c1ea506b348a6f73d51d81","isMergeCommit":false,"messageTitle":"Update UG with some screenshots","messageBody":"","fileTypesAndContributionMap":{"docs":{"insertions":16,"deletions":8}}},{"hash":"b05bfeeb5ca430c9546347059c7c6cc867f939cc","isMergeCommit":true,"messageTitle":"Merge pull request #246 from charqxx/branch-update-UG-images","messageBody":"Update UG with some screenshots","fileTypesAndContributionMap":{}},{"hash":"aad933648ab69206928cc2add1d063d3e54b9313","isMergeCommit":false,"messageTitle":"Update UG FAQ and Name constraint message","messageBody":"","fileTypesAndContributionMap":{"functional-code":{"insertions":1,"deletions":1},"docs":{"insertions":3,"deletions":0}}},{"hash":"1b435048cd6c018442bdf48950fce082c02fcfef","isMergeCommit":true,"messageTitle":"Merge pull request #247 from charqxx/branch-update-UG-images","messageBody":"Update UG FAQ and Name constraint message","fileTypesAndContributionMap":{}},{"hash":"6568aaefb4860fb6a36928d41db80ff589756eb5","isMergeCommit":false,"messageTitle":"Fix incorrect HTML tags","messageBody":"","fileTypesAndContributionMap":{"docs":{"insertions":3,"deletions":3}}},{"hash":"4a9d36275c6b8d5e573d4729caef494a575a9ea4","isMergeCommit":true,"messageTitle":"Merge pull request #248 from charqxx/branch-update-UG-images","messageBody":"Fix incorrect HTML tags","fileTypesAndContributionMap":{}},{"hash":"c30dd6dbf3fdbc0298c393fe4aec476517275d8d","isMergeCommit":false,"messageTitle":"Fix formatting issues in UG","messageBody":"","fileTypesAndContributionMap":{"docs":{"insertions":5,"deletions":6}}},{"hash":"546cdcf5c0ca5c1e9c13adda8a560118d6d3e574","isMergeCommit":true,"messageTitle":"Merge pull request #249 from charqxx/branch-update-UG-images","messageBody":"Fix formatting issues in UG","fileTypesAndContributionMap":{}}]}],"Eric9010":[]},"authorFileTypeContributionMap":{"GREYHAT262":{"docs":0,"functional-code":0,"test-code":0},"Nelsonweena":{"docs":0,"functional-code":0,"test-code":0},"charqxx":{"docs":74,"functional-code":7,"test-code":26},"Eric9010":{"docs":0,"functional-code":0,"test-code":0}},"authorContributionVariance":{"GREYHAT262":0.0,"Nelsonweena":0.0,"charqxx":23409.0,"Eric9010":0.0},"authorDisplayNameMap":{"GREYHAT262":"CS2103T-T13-1 TEH .. HUI","Nelsonweena":"CS2103T-T13-1 WEE ..LSON","charqxx":"CS2103T-T13-1 CHAR.. XIA","Eric9010":"CS2103T-T13-1 WEI ..I YI"}}
