{"authorDailyContributionsMap":{"darzizalol":[],"he-yue-svg":[],"fifamobilegems":[],"ravichandran-gokool":[]},"authorFileTypeContributionMap":{"darzizalol":{"docs":0,"functional-code":0,"test-code":0},"he-yue-svg":{"docs":0,"functional-code":0,"test-code":0},"fifamobilegems":{"docs":0,"functional-code":0,"test-code":0},"ravichandran-gokool":{"docs":0,"functional-code":0,"test-code":0}},"authorContributionVariance":{"darzizalol":0.0,"he-yue-svg":0.0,"fifamobilegems":0.0,"ravichandran-gokool":0.0},"authorDisplayNameMap":{"darzizalol":"CS2103T-F13-1 FANG..GHAO","he-yue-svg":"CS2103T-F13-1 SEAH.. YUE","fifamobilegems":"CS2103T-F13-1 MAX .. YAN","ravichandran-gokool":"CS2103T-F13-1 RAVI..OKUL"}}
