{"authorDailyContributionsMap":{"XJie97":[],"tgonet":[],"YHKok":[],"Gareth2YuSheng":[{"date":"2025-11-01T00:00:00","commitResults":[{"hash":"163bf2571957b580a7e915668cb72abc69ed40d7","isMergeCommit":false,"messageTitle":"Fixes #226","messageBody":"","fileTypesAndContributionMap":{"docs":{"insertions":1,"deletions":1}}},{"hash":"2935e8f6f05224194049fd02b8671dd28e5eb288","isMergeCommit":false,"messageTitle":"Fixes #210","messageBody":"","fileTypesAndContributionMap":{"docs":{"insertions":1,"deletions":1}}},{"hash":"55753102d1817d26c363d9249a2ab5a453ebfdd1","isMergeCommit":false,"messageTitle":"Fixes #212","messageBody":"","fileTypesAndContributionMap":{"docs":{"insertions":1,"deletions":1}}},{"hash":"946d6d48ca652340caf44990b35274837bafa356","isMergeCommit":false,"messageTitle":"Fixes #201","messageBody":"","fileTypesAndContributionMap":{"docs":{"insertions":1,"deletions":1}}},{"hash":"757b75315700b27c7714e0536816804f0a9a2752","isMergeCommit":false,"messageTitle":"Fixes #196","messageBody":"","fileTypesAndContributionMap":{"docs":{"insertions":7,"deletions":0}}},{"hash":"a86f51115fb75768751291cc525e36e38def00de","isMergeCommit":false,"messageTitle":"Fixes #165, Fixes #162","messageBody":"","fileTypesAndContributionMap":{"docs":{"insertions":1,"deletions":1}}},{"hash":"e3630b85634d61df4d8c39cd6ca00a50bbbe67b4","isMergeCommit":false,"messageTitle":"Fixes #153","messageBody":"Fixes #154 in earlier commit\n","fileTypesAndContributionMap":{"docs":{"insertions":1,"deletions":1}}},{"hash":"302733ce162ef68ab0161bd80ea11835c76a698f","isMergeCommit":false,"messageTitle":"Update DeveloperGuide.md","messageBody":"","fileTypesAndContributionMap":{"docs":{"insertions":2,"deletions":2}}}]}],"Ma-Yirui":[],"Partillay791":[{"date":"2025-11-01T00:00:00","commitResults":[{"hash":"6c4d77a663f2dee26fded8485ef1634f33b8f44e","isMergeCommit":true,"messageTitle":"Merge pull request #230 from Gareth2YuSheng/command-add","messageBody":"Fix Bugs Documentation Bugs for Add and Edit Command","fileTypesAndContributionMap":{}}]}]},"authorFileTypeContributionMap":{"XJie97":{"docs":0,"functional-code":0,"test-code":0},"tgonet":{"docs":0,"functional-code":0,"test-code":0},"YHKok":{"docs":0,"functional-code":0,"test-code":0},"Gareth2YuSheng":{"docs":12,"functional-code":0,"test-code":0},"Ma-Yirui":{"docs":0,"functional-code":0,"test-code":0},"Partillay791":{"docs":0,"functional-code":0,"test-code":0}},"authorContributionVariance":{"XJie97":0.0,"tgonet":0.0,"YHKok":0.0,"Gareth2YuSheng":529.0,"Ma-Yirui":0.0,"Partillay791":0.0},"authorDisplayNameMap":{"XJie97":"CS2103-F11-1 LOH .. JIE","tgonet":"CS2103-F11-1 TAN .. ZHE","YHKok":"CS2103-F11-1 KOK ..SIEN","Gareth2YuSheng":"CS2103-F11-1 GARE..HENG","Ma-Yirui":"CS2103-F11-1 MA Y..IRUI","Partillay791":"CS2103-F11-1 KWAN.. HAO"}}
