{"authorDailyContributionsMap":{"XJie97":[],"tgonet":[],"YHKok":[{"date":"2025-11-01T00:00:00","commitResults":[{"hash":"2a1db8a939e62632545f477025df3283d9303c0c","isMergeCommit":false,"messageTitle":"Fixes AY2526S1-CS2103-F11-1#172, Fixes AY2526S1-CS2103-F11-1#179, Fixes AY2526S1-CS2103-F11-1#182, Fixes AY2526S1-CS2103-F11-1#218","messageBody":"","fileTypesAndContributionMap":{"functional-code":{"insertions":1,"deletions":1}}},{"hash":"8067add941522c1a68a82704c80659f8fb462cb2","isMergeCommit":false,"messageTitle":"Update RemarkCommand.java","messageBody":"","fileTypesAndContributionMap":{"functional-code":{"insertions":1,"deletions":1}}},{"hash":"5bd75e122750ba9130e784a33ce152abbee8f904","isMergeCommit":false,"messageTitle":"Update PersonCard to display Remark","messageBody":"","fileTypesAndContributionMap":{"functional-code":{"insertions":4,"deletions":0}}},{"hash":"2dbee6adda85273d3eadc37081acd241e0208c75","isMergeCommit":false,"messageTitle":"Update build.gradle","messageBody":"","fileTypesAndContributionMap":{"other":{"insertions":1,"deletions":1}}},{"hash":"4a6f625bea9e8d096cb6cb56d46771dc100cbb14","isMergeCommit":false,"messageTitle":"Fixes AY2526S1-CS2103-F11-1#195","messageBody":"","fileTypesAndContributionMap":{"functional-code":{"insertions":1,"deletions":1},"docs":{"insertions":5,"deletions":5},"test-code":{"insertions":2,"deletions":2}}},{"hash":"eea284c0ca5b787ff532a1e9dc943bb0ff949e61","isMergeCommit":false,"messageTitle":"Update UserGuide.md","messageBody":"","fileTypesAndContributionMap":{"docs":{"insertions":1,"deletions":0}}},{"hash":"5528e50204c1e0e715a20d4496ec492ed4b20eed","isMergeCommit":false,"messageTitle":"Update UserGuide.md","messageBody":"","fileTypesAndContributionMap":{"docs":{"insertions":1,"deletions":1}}}]}],"Gareth2YuSheng":[{"date":"2025-11-01T00:00:00","commitResults":[{"hash":"163bf2571957b580a7e915668cb72abc69ed40d7","isMergeCommit":false,"messageTitle":"Fixes #226","messageBody":"","fileTypesAndContributionMap":{"docs":{"insertions":1,"deletions":1}}},{"hash":"2935e8f6f05224194049fd02b8671dd28e5eb288","isMergeCommit":false,"messageTitle":"Fixes #210","messageBody":"","fileTypesAndContributionMap":{"docs":{"insertions":1,"deletions":1}}},{"hash":"55753102d1817d26c363d9249a2ab5a453ebfdd1","isMergeCommit":false,"messageTitle":"Fixes #212","messageBody":"","fileTypesAndContributionMap":{"docs":{"insertions":1,"deletions":1}}},{"hash":"946d6d48ca652340caf44990b35274837bafa356","isMergeCommit":false,"messageTitle":"Fixes #201","messageBody":"","fileTypesAndContributionMap":{"docs":{"insertions":1,"deletions":1}}},{"hash":"757b75315700b27c7714e0536816804f0a9a2752","isMergeCommit":false,"messageTitle":"Fixes #196","messageBody":"","fileTypesAndContributionMap":{"docs":{"insertions":7,"deletions":0}}},{"hash":"a86f51115fb75768751291cc525e36e38def00de","isMergeCommit":false,"messageTitle":"Fixes #165, Fixes #162","messageBody":"","fileTypesAndContributionMap":{"docs":{"insertions":1,"deletions":1}}},{"hash":"e3630b85634d61df4d8c39cd6ca00a50bbbe67b4","isMergeCommit":false,"messageTitle":"Fixes #153","messageBody":"Fixes #154 in earlier commit\n","fileTypesAndContributionMap":{"docs":{"insertions":1,"deletions":1}}},{"hash":"302733ce162ef68ab0161bd80ea11835c76a698f","isMergeCommit":false,"messageTitle":"Update DeveloperGuide.md","messageBody":"","fileTypesAndContributionMap":{"docs":{"insertions":2,"deletions":2}}},{"hash":"f845cce27613ee41546e89e87bc26993548dad16","isMergeCommit":true,"messageTitle":"Merge pull request #234 from Ma-Yirui/fix-help-window","messageBody":"fix help window bug","fileTypesAndContributionMap":{}},{"hash":"ccfc76bc09d55d3288f3b938aced48c9a5654035","isMergeCommit":true,"messageTitle":"Merge pull request #233 from YHKok/branch-fixPEDIssues","messageBody":"Fixes Remark Issues","fileTypesAndContributionMap":{}}]}],"Ma-Yirui":[{"date":"2025-11-01T00:00:00","commitResults":[{"hash":"9909c93e53ee354a6fa2185bd2d90c922547b42d","isMergeCommit":false,"messageTitle":"fix help window bug","messageBody":"","fileTypesAndContributionMap":{"functional-code":{"insertions":6,"deletions":1}}},{"hash":"df459177e99343f4fdb0199e1d297672ead4b270","isMergeCommit":false,"messageTitle":"fix documentation","messageBody":"","fileTypesAndContributionMap":{"functional-code":{"insertions":1,"deletions":2}}}]}],"Partillay791":[{"date":"2025-11-01T00:00:00","commitResults":[{"hash":"6c4d77a663f2dee26fded8485ef1634f33b8f44e","isMergeCommit":true,"messageTitle":"Merge pull request #230 from Gareth2YuSheng/command-add","messageBody":"Fix Bugs Documentation Bugs for Add and Edit Command","fileTypesAndContributionMap":{}}]}]},"authorFileTypeContributionMap":{"XJie97":{"docs":0,"functional-code":0,"test-code":0},"tgonet":{"docs":0,"functional-code":0,"test-code":0},"YHKok":{"docs":6,"functional-code":5,"test-code":2,"other":1},"Gareth2YuSheng":{"docs":12,"functional-code":0,"test-code":0},"Ma-Yirui":{"docs":0,"functional-code":4,"test-code":0},"Partillay791":{"docs":0,"functional-code":0,"test-code":0}},"authorContributionVariance":{"XJie97":0.0,"tgonet":0.0,"YHKok":841.0,"Gareth2YuSheng":529.0,"Ma-Yirui":100.0,"Partillay791":0.0},"authorDisplayNameMap":{"XJie97":"CS2103-F11-1 LOH .. JIE","tgonet":"CS2103-F11-1 TAN .. ZHE","YHKok":"CS2103-F11-1 KOK ..SIEN","Gareth2YuSheng":"CS2103-F11-1 GARE..HENG","Ma-Yirui":"CS2103-F11-1 MA Y..IRUI","Partillay791":"CS2103-F11-1 KWAN.. HAO"}}
