{"authorDailyContributionsMap":{"yorick-chew":[],"bearkerb":[],"gooZXSean":[],"michellee15":[],"Glacialthorn":[]},"authorFileTypeContributionMap":{"yorick-chew":{"docs":0,"functional-code":0,"test-code":0},"bearkerb":{"docs":0,"functional-code":0,"test-code":0},"gooZXSean":{"docs":0,"functional-code":0,"test-code":0},"michellee15":{"docs":0,"functional-code":0,"test-code":0},"Glacialthorn":{"docs":0,"functional-code":0,"test-code":0}},"authorContributionVariance":{"yorick-chew":0.0,"bearkerb":0.0,"gooZXSean":0.0,"michellee15":0.0,"Glacialthorn":0.0},"authorDisplayNameMap":{"yorick-chew":"CS2103T-F08a-2 CHEW..RICK","bearkerb":"CS2103T-F08a-2 TAN ..RIEL","gooZXSean":"CS2103T-F08a-2 GOO ..SEAN","michellee15":"CS2103T-F08a-2 MICH..ELLE","Glacialthorn":"CS2103T-F08a-2 BENJ..IWEI"}}
