{"authorDailyContributionsMap":{"jakekeech":[],"ngjsjordan":[],"gab-er":[],"balkinaveen":[],"Jeric-Tan":[]},"authorFileTypeContributionMap":{"jakekeech":{"docs":0,"functional-code":0,"test-code":0},"ngjsjordan":{"docs":0,"functional-code":0,"test-code":0},"gab-er":{"docs":0,"functional-code":0,"test-code":0},"balkinaveen":{"docs":0,"functional-code":0,"test-code":0},"Jeric-Tan":{"docs":0,"functional-code":0,"test-code":0}},"authorContributionVariance":{"jakekeech":0.0,"ngjsjordan":0.0,"gab-er":0.0,"balkinaveen":0.0,"Jeric-Tan":0.0},"authorDisplayNameMap":{"jakekeech":"CS2103T-F08a-3 JAKE.. HAN","ngjsjordan":"CS2103T-F08a-3 NG J..RDAN","gab-er":"CS2103T-F08a-3 ER K..RIEL","balkinaveen":"CS2103T-F08a-3 BALA..UMAR","Jeric-Tan":"CS2103T-F08a-3 JERI.. JIN"}}
