{"authorDailyContributionsMap":{"FatKidddd":[],"valeriexylim":[],"tuanduong18":[],"BryanKCodes":[],"landonzhao":[]},"authorFileTypeContributionMap":{"FatKidddd":{"docs":0,"functional-code":0,"test-code":0},"valeriexylim":{"docs":0,"functional-code":0,"test-code":0},"tuanduong18":{"docs":0,"functional-code":0,"test-code":0},"BryanKCodes":{"docs":0,"functional-code":0,"test-code":0},"landonzhao":{"docs":0,"functional-code":0,"test-code":0}},"authorContributionVariance":{"FatKidddd":0.0,"valeriexylim":0.0,"tuanduong18":0.0,"BryanKCodes":0.0,"landonzhao":0.0},"authorDisplayNameMap":{"FatKidddd":"CS2103T-F08b-1 JUST.. HUI","valeriexylim":"CS2103T-F08b-1 VALE..N YI","tuanduong18":"CS2103T-F08b-1 NGUY..UONG","BryanKCodes":"CS2103T-F08b-1 BRYA.. PIN","landonzhao":"CS2103T-F08b-1 ZHAO..TONG"}}
