{"authorDailyContributionsMap":{"Rihiz":[],"naresh2478":[],"makis4n":[],"AaronToh":[],"thejus03":[]},"authorFileTypeContributionMap":{"Rihiz":{"docs":0,"functional-code":0,"test-code":0},"naresh2478":{"docs":0,"functional-code":0,"test-code":0},"makis4n":{"docs":0,"functional-code":0,"test-code":0},"AaronToh":{"docs":0,"functional-code":0,"test-code":0},"thejus03":{"docs":0,"functional-code":0,"test-code":0}},"authorContributionVariance":{"Rihiz":0.0,"naresh2478":0.0,"makis4n":0.0,"AaronToh":0.0,"thejus03":0.0},"authorDisplayNameMap":{"Rihiz":"CS2103T-F08b-2 S RI..ISHI","naresh2478":"CS2103T-F08b-2 NARE..EHRU","makis4n":"CS2103T-F08b-2 KWON.. KIN","AaronToh":"CS2103T-F08b-2 AARO..GWEI","thejus03":"CS2103T-F08b-2 THEJ..HNAN"}}
