{"authorDailyContributionsMap":{"holeecow":[],"ShaoZhi21":[],"jing-xiang-choong":[],"yusen-luan":[],"ZayK1":[]},"authorFileTypeContributionMap":{"holeecow":{"docs":0,"functional-code":0,"test-code":0},"ShaoZhi21":{"docs":0,"functional-code":0,"test-code":0},"jing-xiang-choong":{"docs":0,"functional-code":0,"test-code":0},"yusen-luan":{"docs":0,"functional-code":0,"test-code":0},"ZayK1":{"docs":0,"functional-code":0,"test-code":0}},"authorContributionVariance":{"holeecow":0.0,"ShaoZhi21":0.0,"jing-xiang-choong":0.0,"yusen-luan":0.0,"ZayK1":0.0},"authorDisplayNameMap":{"holeecow":"CS2103T-F11-3 TEO ..XUAN","ShaoZhi21":"CS2103T-F11-3 SOON.. ZHI","jing-xiang-choong":"CS2103T-F11-3 CHOO..IANG","yusen-luan":"CS2103T-F11-3 LUAN..USEN","ZayK1":"CS2103T-F11-3 KASI..AYAN"}}
