[{"path":"docs/UserGuide.md","fileType":"docs","lines":[{"lineNumber":1,"author":{"gitId":"-"},"content":"---","lastModifiedDate":"2020-05-23T01:10:16","isFullCredit":false},{"lineNumber":2,"author":{"gitId":"-"},"content":"  layout: default.md","lastModifiedDate":"2023-09-12T01:20:47","isFullCredit":false},{"lineNumber":3,"author":{"gitId":"-"},"content":"  title: \"User Guide\"","lastModifiedDate":"2023-09-12T01:20:47","isFullCredit":false},{"lineNumber":4,"author":{"gitId":"-"},"content":"  pageNav: 3","lastModifiedDate":"2023-09-12T01:20:47","isFullCredit":false},{"lineNumber":5,"author":{"gitId":"-"},"content":"---","lastModifiedDate":"2020-05-23T01:10:16","isFullCredit":false},{"lineNumber":6,"author":{"gitId":"-"},"content":"","lastModifiedDate":"2020-05-23T01:10:16","isFullCredit":false},{"lineNumber":7,"author":{"gitId":"-"},"content":"# Organ-izer User Guide","lastModifiedDate":"2025-10-30T23:04:50","isFullCredit":false},{"lineNumber":8,"author":{"gitId":"-"},"content":"","lastModifiedDate":"2020-05-23T01:10:16","isFullCredit":false},{"lineNumber":9,"author":{"gitId":"TimothySzu"},"content":"**Organi-zer** is a desktop application that **manages a database of organ donor recipients**.","lastModifiedDate":"2025-11-01T16:34:25","isFullCredit":false},{"lineNumber":10,"author":{"gitId":"TimothySzu"},"content":"It is intended for **organ donation coordinators** who require an **easy, fast, and efficient** way to","lastModifiedDate":"2025-11-01T16:34:25","isFullCredit":false},{"lineNumber":11,"author":{"gitId":"TimothySzu"},"content":"**navigate a database** and find the **right recipient**, during the **short time window** that an organ is available for donation.","lastModifiedDate":"2025-11-01T16:34:25","isFullCredit":false},{"lineNumber":12,"author":{"gitId":"-"},"content":"","lastModifiedDate":"2023-09-12T01:20:47","isFullCredit":false},{"lineNumber":13,"author":{"gitId":"TimothySzu"},"content":"If you are an **organ donation coordinator** at a healthcare facility, **Organ-izer** allows you to:","lastModifiedDate":"2025-11-01T16:34:25","isFullCredit":false},{"lineNumber":14,"author":{"gitId":"-"},"content":"","lastModifiedDate":"2020-05-23T01:10:16","isFullCredit":false},{"lineNumber":15,"author":{"gitId":"-"},"content":"* **Easily** view your list of potential organ recipients, complete with emergency contact details, blood type, and priority.","lastModifiedDate":"2025-10-30T23:04:50","isFullCredit":false},{"lineNumber":16,"author":{"gitId":"-"},"content":"","lastModifiedDate":"2020-05-23T01:10:16","isFullCredit":false},{"lineNumber":17,"author":{"gitId":"TimothySzu"},"content":"* **Efficiently** navigate a database of potential organ recipients.","lastModifiedDate":"2025-11-01T16:34:25","isFullCredit":false},{"lineNumber":18,"author":{"gitId":"-"},"content":"","lastModifiedDate":"2020-05-23T01:10:16","isFullCredit":false},{"lineNumber":19,"author":{"gitId":"-"},"content":"    * **Organ-izer** uses a **Command Line Interface** (CLI), which means that all functions of the application are accessible via typed commands.","lastModifiedDate":"2025-10-30T23:04:50","isFullCredit":false},{"lineNumber":20,"author":{"gitId":"-"},"content":"","lastModifiedDate":"2020-05-23T01:10:16","isFullCredit":false},{"lineNumber":21,"author":{"gitId":"-"},"content":"    * If you can type fast, **Organ-izer** can coordinate organ donation much faster than traditional mouse-based applications.","lastModifiedDate":"2025-10-30T23:04:50","isFullCredit":false},{"lineNumber":22,"author":{"gitId":"-"},"content":"","lastModifiedDate":"2020-05-23T01:10:16","isFullCredit":false},{"lineNumber":23,"author":{"gitId":"TimothySzu"},"content":"**Organ-izer** is based on the existing [AddressBook Level 3 (AB3)](https://se-education.org/addressbook-level3/UserGuide.html) project, and is optimized for the time-critical environment under which organ donation occurs in a hospital.","lastModifiedDate":"2025-11-01T16:34:25","isFullCredit":false},{"lineNumber":24,"author":{"gitId":"-"},"content":"","lastModifiedDate":"2020-05-23T01:10:16","isFullCredit":false},{"lineNumber":25,"author":{"gitId":"-"},"content":"\u003cbox type\u003d\"info\" seamless\u003e","lastModifiedDate":"2023-09-12T01:20:47","isFullCredit":false},{"lineNumber":26,"author":{"gitId":"TimothySzu"},"content":"\u003cmarkdown\u003e","lastModifiedDate":"2025-11-01T16:34:25","isFullCredit":false},{"lineNumber":27,"author":{"gitId":"TimothySzu"},"content":"If you wish to navigate this page quickly, feel free to use the **table of contents** on the right.","lastModifiedDate":"2025-11-01T16:34:25","isFullCredit":false},{"lineNumber":28,"author":{"gitId":"TimothySzu"},"content":"\u003c/markdown\u003e","lastModifiedDate":"2025-11-01T16:34:25","isFullCredit":false},{"lineNumber":29,"author":{"gitId":"-"},"content":"\u003c/box\u003e","lastModifiedDate":"2023-09-12T01:20:47","isFullCredit":false},{"lineNumber":30,"author":{"gitId":"-"},"content":"","lastModifiedDate":"2020-05-23T01:10:16","isFullCredit":false},{"lineNumber":31,"author":{"gitId":"-"},"content":"\u003c!-- * Table of Contents --\u003e","lastModifiedDate":"2025-10-30T23:04:50","isFullCredit":false},{"lineNumber":32,"author":{"gitId":"-"},"content":"","lastModifiedDate":"2020-05-23T01:10:16","isFullCredit":false},{"lineNumber":33,"author":{"gitId":"-"},"content":"\u003cpage-nav-print /\u003e","lastModifiedDate":"2025-10-30T23:04:50","isFullCredit":false},{"lineNumber":34,"author":{"gitId":"-"},"content":"","lastModifiedDate":"2021-02-04T00:18:23","isFullCredit":false},{"lineNumber":35,"author":{"gitId":"-"},"content":"--------------------------------------------------------------------------------------------------------------------","lastModifiedDate":"2025-10-30T23:04:50","isFullCredit":false},{"lineNumber":36,"author":{"gitId":"-"},"content":"","lastModifiedDate":"2021-02-04T00:18:23","isFullCredit":false},{"lineNumber":37,"author":{"gitId":"-"},"content":"## Quick start","lastModifiedDate":"2025-10-30T23:04:50","isFullCredit":false},{"lineNumber":38,"author":{"gitId":"-"},"content":"","lastModifiedDate":"2023-09-12T01:20:47","isFullCredit":false},{"lineNumber":39,"author":{"gitId":"TimothySzu"},"content":"1. Ensure you have Java `17` or above installed in your Computer. It can be downloaded [here](https://www.oracle.com/java/technologies/javase/jdk17-archive-downloads.html).\u003cbr\u003e","lastModifiedDate":"2025-11-01T16:34:25","isFullCredit":false},{"lineNumber":40,"author":{"gitId":"-"},"content":"   \u003cbox type\u003d\"info\" seamless\u003e","lastModifiedDate":"2025-10-30T23:04:50","isFullCredit":false},{"lineNumber":41,"author":{"gitId":"TimothySzu"},"content":"   \u003cmarkdown\u003e","lastModifiedDate":"2025-11-01T16:34:25","isFullCredit":false},{"lineNumber":42,"author":{"gitId":"-"},"content":"   You can **check your Java version** by following [this guide](#https://www.java.com/en/download/help/version_manual.html). \u003cbr\u003e","lastModifiedDate":"2025-10-30T23:04:50","isFullCredit":false},{"lineNumber":43,"author":{"gitId":"-"},"content":"   How to install Java `17`: [Windows](https://se-education.org/guides/tutorials/javaInstallationWindows.html) | [Mac](https://se-education.org/guides/tutorials/javaInstallationMac.html) | [Linux](https://se-education.org/guides/tutorials/javaInstallationLinux.html)","lastModifiedDate":"2025-10-30T23:04:50","isFullCredit":false},{"lineNumber":44,"author":{"gitId":"TimothySzu"},"content":"   \u003c/markdown\u003e","lastModifiedDate":"2025-11-01T16:34:25","isFullCredit":false},{"lineNumber":45,"author":{"gitId":"-"},"content":"   \u003c/box\u003e","lastModifiedDate":"2023-09-12T01:20:47","isFullCredit":false},{"lineNumber":46,"author":{"gitId":"-"},"content":"","lastModifiedDate":"2021-02-04T00:18:23","isFullCredit":false},{"lineNumber":47,"author":{"gitId":"TimothySzu"},"content":"2. Download the latest version of `organ-izer.jar` from [here](https://github.com/AY2526S1-CS2103T-T17-3/tp/releases).","lastModifiedDate":"2025-11-01T16:34:25","isFullCredit":false},{"lineNumber":48,"author":{"gitId":"TimothySzu"},"content":"","lastModifiedDate":"2025-11-01T16:34:25","isFullCredit":false},{"lineNumber":49,"author":{"gitId":"TimothySzu"},"content":"3. Make a folder and place `organ-izer.jar` into it.","lastModifiedDate":"2025-11-01T16:34:25","isFullCredit":false},{"lineNumber":50,"author":{"gitId":"TimothySzu"},"content":"","lastModifiedDate":"2025-11-01T16:34:25","isFullCredit":false},{"lineNumber":51,"author":{"gitId":"TimothySzu"},"content":"4. Open a command terminal.","lastModifiedDate":"2025-11-01T16:34:25","isFullCredit":false},{"lineNumber":52,"author":{"gitId":"TimothySzu"},"content":"","lastModifiedDate":"2025-11-01T16:34:25","isFullCredit":false},{"lineNumber":53,"author":{"gitId":"TimothySzu"},"content":"5. Navigate to the file using cd.","lastModifiedDate":"2025-11-01T16:34:25","isFullCredit":false},{"lineNumber":54,"author":{"gitId":"-"},"content":"","lastModifiedDate":"2020-05-23T01:10:16","isFullCredit":false},{"lineNumber":55,"author":{"gitId":"TimothySzu"},"content":"6. Enter `java -jar organ-izer.jar` command to run the application. \u003cbr\u003e","lastModifiedDate":"2025-11-01T16:34:25","isFullCredit":false},{"lineNumber":56,"author":{"gitId":"-"},"content":"","lastModifiedDate":"2020-05-23T01:10:16","isFullCredit":false},{"lineNumber":57,"author":{"gitId":"-"},"content":"","lastModifiedDate":"2020-05-23T01:10:16","isFullCredit":false},{"lineNumber":58,"author":{"gitId":"-"},"content":"   A screen similar to the one below should be visible after a few seconds. Note that the app contains some sample data.\u003cbr\u003e\u003cbr\u003e","lastModifiedDate":"2025-10-30T23:04:50","isFullCredit":false},{"lineNumber":59,"author":{"gitId":"-"},"content":"   ![Ui](images/Ui.png)","lastModifiedDate":"2025-10-30T23:04:50","isFullCredit":false},{"lineNumber":60,"author":{"gitId":"-"},"content":"   \u003cbr\u003e\u003cbr\u003e","lastModifiedDate":"2025-10-30T23:04:50","isFullCredit":false},{"lineNumber":61,"author":{"gitId":"-"},"content":"","lastModifiedDate":"2020-05-23T01:10:16","isFullCredit":false},{"lineNumber":62,"author":{"gitId":"TimothySzu"},"content":"7. To start, try typing `list` in the command box at the top and press enter to execute it.\u003cbr\u003e","lastModifiedDate":"2025-11-01T16:34:25","isFullCredit":false},{"lineNumber":63,"author":{"gitId":"TimothySzu"},"content":"    **If it is your first time using the application, it will not display any data**.","lastModifiedDate":"2025-11-01T16:34:25","isFullCredit":false},{"lineNumber":64,"author":{"gitId":"-"},"content":"","lastModifiedDate":"2020-05-23T01:10:16","isFullCredit":false},{"lineNumber":65,"author":{"gitId":"TimothySzu"},"content":"8. To add a new user, try typing `","lastModifiedDate":"2025-11-01T16:34:25","isFullCredit":false},{"lineNumber":66,"author":{"gitId":"-"},"content":"add n/Alice Pauline p/94351253 e/alice@example.com a/123, Jurong West Ave 6, #08-111 o/kidney b/O+ r/1 t/friends","lastModifiedDate":"2025-10-30T23:04:50","isFullCredit":false},{"lineNumber":67,"author":{"gitId":"-"},"content":"`","lastModifiedDate":"2025-10-30T23:04:50","isFullCredit":false},{"lineNumber":68,"author":{"gitId":"TimothySzu"},"content":"9. A list of other commands you can try:","lastModifiedDate":"2025-11-01T16:34:25","isFullCredit":false},{"lineNumber":69,"author":{"gitId":"-"},"content":"    * `list` : Lists all patients.","lastModifiedDate":"2025-10-30T23:04:50","isFullCredit":false},{"lineNumber":70,"author":{"gitId":"-"},"content":"","lastModifiedDate":"2020-05-23T01:10:16","isFullCredit":false},{"lineNumber":71,"author":{"gitId":"-"},"content":"    * `clear` : Deletes all patients.","lastModifiedDate":"2025-10-30T23:04:50","isFullCredit":false},{"lineNumber":72,"author":{"gitId":"-"},"content":"","lastModifiedDate":"2023-09-08T13:05:01","isFullCredit":false},{"lineNumber":73,"author":{"gitId":"-"},"content":"    * `exit` : Exits the app.","lastModifiedDate":"2025-10-30T23:04:50","isFullCredit":false},{"lineNumber":74,"author":{"gitId":"-"},"content":"","lastModifiedDate":"2023-09-08T13:05:01","isFullCredit":false},{"lineNumber":75,"author":{"gitId":"TimothySzu"},"content":"10. `Organ-izer` has many other useful commands to help with organ donation coordination. Details about all available commands can be found in the [Features](#features) section below.","lastModifiedDate":"2025-11-01T16:34:25","isFullCredit":false},{"lineNumber":76,"author":{"gitId":"-"},"content":"","lastModifiedDate":"2023-09-08T13:05:01","isFullCredit":false},{"lineNumber":77,"author":{"gitId":"-"},"content":"\u003cbox type\u003d\"info\" seamless\u003e","lastModifiedDate":"2025-10-30T23:04:50","isFullCredit":false},{"lineNumber":78,"author":{"gitId":"-"},"content":"","lastModifiedDate":"2025-10-30T23:10:21","isFullCredit":false},{"lineNumber":79,"author":{"gitId":"TimothySzu"},"content":"If you want to **quickly fill in the format of the `add` command**, you can press the `tab` key after typing `add` to make use of our **autofill** feature.","lastModifiedDate":"2025-11-01T16:34:25","isFullCredit":false},{"lineNumber":80,"author":{"gitId":"-"},"content":"","lastModifiedDate":"2025-10-30T23:10:21","isFullCredit":false},{"lineNumber":81,"author":{"gitId":"-"},"content":"If you **forget how to use any command**, simply typing in the command and pressing `enter` will display information on how to use the command.","lastModifiedDate":"2025-10-30T23:10:21","isFullCredit":false},{"lineNumber":82,"author":{"gitId":"-"},"content":"","lastModifiedDate":"2025-10-30T23:10:21","isFullCredit":false},{"lineNumber":83,"author":{"gitId":"-"},"content":"\u003c/box\u003e","lastModifiedDate":"2025-10-30T23:10:21","isFullCredit":false},{"lineNumber":84,"author":{"gitId":"-"},"content":"","lastModifiedDate":"2025-10-30T23:10:21","isFullCredit":false},{"lineNumber":85,"author":{"gitId":"-"},"content":"--------------------------------------------------------------------------------------------------------------------","lastModifiedDate":"2025-10-30T23:10:21","isFullCredit":false},{"lineNumber":86,"author":{"gitId":"-"},"content":"","lastModifiedDate":"2025-10-30T23:10:21","isFullCredit":false},{"lineNumber":87,"author":{"gitId":"-"},"content":"## Features","lastModifiedDate":"2025-10-30T23:10:21","isFullCredit":false},{"lineNumber":88,"author":{"gitId":"-"},"content":"","lastModifiedDate":"2025-10-30T23:10:21","isFullCredit":false},{"lineNumber":89,"author":{"gitId":"-"},"content":"\u003cbox type\u003d\"info\" seamless\u003e","lastModifiedDate":"2025-10-30T23:10:21","isFullCredit":false},{"lineNumber":90,"author":{"gitId":"-"},"content":"","lastModifiedDate":"2025-10-30T23:10:21","isFullCredit":false},{"lineNumber":91,"author":{"gitId":"-"},"content":"**Notes about the command format:**\u003cbr\u003e","lastModifiedDate":"2025-10-30T23:10:21","isFullCredit":false},{"lineNumber":92,"author":{"gitId":"-"},"content":"","lastModifiedDate":"2025-10-30T23:10:21","isFullCredit":false},{"lineNumber":93,"author":{"gitId":"TimothySzu"},"content":"* Words in `UPPER_CASE` represent user inputs.\u003cbr\u003e","lastModifiedDate":"2025-11-01T19:24:48","isFullCredit":false},{"lineNumber":94,"author":{"gitId":"TimothySzu"},"content":"  e.g. in `add n/NAME`, `NAME` is a user input, representing a recipient\u0027s **name**,\u003cbr\u003e ","lastModifiedDate":"2025-11-01T19:24:48","isFullCredit":false},{"lineNumber":95,"author":{"gitId":"TimothySzu"},"content":"  which the user can provide by entering `add n/John Doe`.","lastModifiedDate":"2025-11-01T19:24:48","isFullCredit":false},{"lineNumber":96,"author":{"gitId":"-"},"content":"","lastModifiedDate":"2025-10-30T23:10:21","isFullCredit":false},{"lineNumber":97,"author":{"gitId":"TimothySzu"},"content":"* Words in square brackets represent optional inputs.\u003cbr\u003e","lastModifiedDate":"2025-11-01T19:24:48","isFullCredit":false},{"lineNumber":98,"author":{"gitId":"TimothySzu"},"content":"  e.g. in `n/NAME [t/TAG]` the user may enter `n/John Doe t/friend`,\u003cbr\u003e","lastModifiedDate":"2025-11-01T19:24:48","isFullCredit":false},{"lineNumber":99,"author":{"gitId":"TimothySzu"},"content":"  or enter `n/John Doe`, if they don\u0027t wish to provide a **tag** input .","lastModifiedDate":"2025-11-01T19:24:48","isFullCredit":false},{"lineNumber":100,"author":{"gitId":"-"},"content":"","lastModifiedDate":"2025-10-30T23:10:21","isFullCredit":false},{"lineNumber":101,"author":{"gitId":"TimothySzu"},"content":"* Words followed by `…`​ after them, can be provided **multiple times**,\u003cbr\u003e","lastModifiedDate":"2025-11-01T19:24:48","isFullCredit":false},{"lineNumber":102,"author":{"gitId":"TimothySzu"},"content":"  including **zero times**, if the user does not wish to provide an input.\u003cbr\u003e","lastModifiedDate":"2025-11-01T19:24:48","isFullCredit":false},{"lineNumber":103,"author":{"gitId":"TimothySzu"},"content":"  e.g. in `[t/TAG]…​` the user can :\u003cbr\u003e ","lastModifiedDate":"2025-11-01T19:24:48","isFullCredit":false},{"lineNumber":104,"author":{"gitId":"TimothySzu"},"content":"  enter `  `, if the user does not wish to provide a tag,\u003cbr\u003e","lastModifiedDate":"2025-11-01T19:24:48","isFullCredit":false},{"lineNumber":105,"author":{"gitId":"TimothySzu"},"content":"  or enter `t/friend`, to provide 1 tag,\u003cbr\u003e","lastModifiedDate":"2025-11-01T19:24:48","isFullCredit":false},{"lineNumber":106,"author":{"gitId":"TimothySzu"},"content":"  or enter `t/friend t/family`, to provide 2 tags etc.","lastModifiedDate":"2025-11-01T19:24:48","isFullCredit":false},{"lineNumber":107,"author":{"gitId":"-"},"content":"","lastModifiedDate":"2025-10-30T23:10:21","isFullCredit":false},{"lineNumber":108,"author":{"gitId":"TimothySzu"},"content":"* Inputs can be supplied in any order.\u003cbr\u003e","lastModifiedDate":"2025-11-01T19:24:48","isFullCredit":false},{"lineNumber":109,"author":{"gitId":"TimothySzu"},"content":"  e.g. if the command specifies `n/NAME p/PHONE_NUMBER`, users can either, \u003cbr\u003e","lastModifiedDate":"2025-11-01T19:24:48","isFullCredit":false},{"lineNumber":110,"author":{"gitId":"TimothySzu"},"content":"  enter `n/John p/92316570` **or** `p/92316570 n/John`.","lastModifiedDate":"2025-11-01T19:24:48","isFullCredit":false},{"lineNumber":111,"author":{"gitId":"-"},"content":"","lastModifiedDate":"2025-10-30T23:10:21","isFullCredit":false},{"lineNumber":112,"author":{"gitId":"TimothySzu"},"content":"* For commands that **don\u0027t need any user inputs** (such as `help`, `list`, `exit` and `clear`),\u003cbr\u003e","lastModifiedDate":"2025-11-01T19:24:48","isFullCredit":false},{"lineNumber":113,"author":{"gitId":"TimothySzu"},"content":"  any user inputs after the command will be **ignored.**\u003cbr\u003e","lastModifiedDate":"2025-11-01T19:24:48","isFullCredit":false},{"lineNumber":114,"author":{"gitId":"TimothySzu"},"content":"  e.g. if the user entered `help 123`, it will be interpreted as `help`.","lastModifiedDate":"2025-11-01T19:24:48","isFullCredit":false},{"lineNumber":115,"author":{"gitId":"-"},"content":"","lastModifiedDate":"2025-10-30T23:10:21","isFullCredit":false},{"lineNumber":116,"author":{"gitId":"-"},"content":"* If you are using a PDF version of this document, be careful when copying and pasting commands that span multiple lines as space characters surrounding line-breaks may be omitted when copied over to the application.","lastModifiedDate":"2025-10-30T23:10:21","isFullCredit":false},{"lineNumber":117,"author":{"gitId":"-"},"content":"  \u003c/box\u003e","lastModifiedDate":"2025-10-30T23:10:21","isFullCredit":false},{"lineNumber":118,"author":{"gitId":"-"},"content":"","lastModifiedDate":"2025-10-30T23:10:21","isFullCredit":false},{"lineNumber":119,"author":{"gitId":"-"},"content":"### Viewing help : `help`","lastModifiedDate":"2025-10-30T23:10:21","isFullCredit":false},{"lineNumber":120,"author":{"gitId":"-"},"content":"","lastModifiedDate":"2025-10-30T23:10:21","isFullCredit":false},{"lineNumber":121,"author":{"gitId":"-"},"content":"Shows a message explaining how to access the help page.","lastModifiedDate":"2025-10-30T23:10:21","isFullCredit":false},{"lineNumber":122,"author":{"gitId":"-"},"content":"","lastModifiedDate":"2025-10-30T23:10:21","isFullCredit":false},{"lineNumber":123,"author":{"gitId":"-"},"content":"![help message](images/helpMessage.png)","lastModifiedDate":"2025-10-30T23:10:21","isFullCredit":false},{"lineNumber":124,"author":{"gitId":"-"},"content":"","lastModifiedDate":"2025-10-30T23:10:21","isFullCredit":false},{"lineNumber":125,"author":{"gitId":"-"},"content":"Format: `help`","lastModifiedDate":"2025-10-30T23:10:21","isFullCredit":false},{"lineNumber":126,"author":{"gitId":"-"},"content":"","lastModifiedDate":"2025-10-30T23:10:21","isFullCredit":false},{"lineNumber":127,"author":{"gitId":"-"},"content":"","lastModifiedDate":"2025-10-30T23:10:21","isFullCredit":false},{"lineNumber":128,"author":{"gitId":"-"},"content":"### Adding a recipient: `add`","lastModifiedDate":"2025-10-30T23:10:21","isFullCredit":false},{"lineNumber":129,"author":{"gitId":"-"},"content":"","lastModifiedDate":"2025-10-30T23:10:21","isFullCredit":false},{"lineNumber":130,"author":{"gitId":"-"},"content":"Adds a recipient to the **Organ-izer**.","lastModifiedDate":"2025-10-30T23:10:21","isFullCredit":false},{"lineNumber":131,"author":{"gitId":"-"},"content":"","lastModifiedDate":"2025-10-30T23:10:21","isFullCredit":false},{"lineNumber":132,"author":{"gitId":"-"},"content":"Format: `add n/NAME p/PHONE e/EMAIL a/ADDRESS o/ORGAN b/BLOOD TYPE r/PRIORITY [en/EMERGENCY_NAME] [ep/EMERGENCY_PHONE] [er/EMERGENCY_RELATION] [t/TAG]...`","lastModifiedDate":"2025-10-30T23:10:21","isFullCredit":false},{"lineNumber":133,"author":{"gitId":"-"},"content":"","lastModifiedDate":"2025-10-30T23:10:21","isFullCredit":false},{"lineNumber":134,"author":{"gitId":"-"},"content":"\u003cbox type\u003d\"tip\" seamless\u003e","lastModifiedDate":"2025-10-30T23:10:21","isFullCredit":false},{"lineNumber":135,"author":{"gitId":"-"},"content":"","lastModifiedDate":"2025-10-30T23:10:21","isFullCredit":false},{"lineNumber":136,"author":{"gitId":"-"},"content":"**Tip:** A recipient can have any number of tags (including 0)","lastModifiedDate":"2025-10-30T23:10:21","isFullCredit":false},{"lineNumber":137,"author":{"gitId":"-"},"content":"\u003c/box\u003e","lastModifiedDate":"2025-10-30T23:10:21","isFullCredit":false},{"lineNumber":138,"author":{"gitId":"-"},"content":"","lastModifiedDate":"2025-10-30T23:10:21","isFullCredit":false},{"lineNumber":139,"author":{"gitId":"-"},"content":"\u003cbox type\u003d\"note\" seamless\u003e","lastModifiedDate":"2025-10-30T23:10:21","isFullCredit":false},{"lineNumber":140,"author":{"gitId":"-"},"content":"","lastModifiedDate":"2025-10-30T23:10:21","isFullCredit":false},{"lineNumber":141,"author":{"gitId":"-"},"content":"**Note:**","lastModifiedDate":"2025-10-30T23:10:21","isFullCredit":false},{"lineNumber":142,"author":{"gitId":"-"},"content":"Names should only contain alphanumeric characters and spaces, and it should not be blank.","lastModifiedDate":"2025-10-30T23:10:21","isFullCredit":false},{"lineNumber":143,"author":{"gitId":"-"},"content":"","lastModifiedDate":"2025-10-30T23:10:21","isFullCredit":false},{"lineNumber":144,"author":{"gitId":"-"},"content":"Phone numbers should only contain numbers, and it should be at least 3 digits long.","lastModifiedDate":"2025-10-30T23:10:21","isFullCredit":false},{"lineNumber":145,"author":{"gitId":"-"},"content":"","lastModifiedDate":"2025-10-30T23:10:21","isFullCredit":false},{"lineNumber":146,"author":{"gitId":"-"},"content":"Emails should be of the format local-part@domain and adhere to the following constraints:","lastModifiedDate":"2025-10-30T23:10:21","isFullCredit":false},{"lineNumber":147,"author":{"gitId":"-"},"content":"1. The local-part should only contain alphanumeric characters and these special characters, excluding the parentheses, (+_.-). The local-part may not start or end with any special characters.","lastModifiedDate":"2025-10-30T23:10:21","isFullCredit":false},{"lineNumber":148,"author":{"gitId":"-"},"content":"2. This is followed by a \u0027@\u0027 and then a domain name. The domain name is made up of domain labels separated by periods.","lastModifiedDate":"2025-10-30T23:10:21","isFullCredit":false},{"lineNumber":149,"author":{"gitId":"-"},"content":"   The domain name must:","lastModifiedDate":"2025-10-30T23:10:21","isFullCredit":false},{"lineNumber":150,"author":{"gitId":"-"},"content":"    - end with a domain label at least 2 characters long","lastModifiedDate":"2025-10-30T23:10:21","isFullCredit":false},{"lineNumber":151,"author":{"gitId":"-"},"content":"    - have each domain label start and end with alphanumeric characters","lastModifiedDate":"2025-10-30T23:10:21","isFullCredit":false},{"lineNumber":152,"author":{"gitId":"-"},"content":"    - have each domain label consist of alphanumeric characters, separated only by hyphens, if any.","lastModifiedDate":"2025-10-30T23:10:21","isFullCredit":false},{"lineNumber":153,"author":{"gitId":"-"},"content":"","lastModifiedDate":"2025-10-30T23:10:21","isFullCredit":false},{"lineNumber":154,"author":{"gitId":"-"},"content":"\u003c/box\u003e","lastModifiedDate":"2025-10-30T23:10:21","isFullCredit":false},{"lineNumber":155,"author":{"gitId":"-"},"content":"","lastModifiedDate":"2025-10-30T23:10:21","isFullCredit":false},{"lineNumber":156,"author":{"gitId":"-"},"content":"Examples:","lastModifiedDate":"2025-10-30T23:10:21","isFullCredit":false},{"lineNumber":157,"author":{"gitId":"-"},"content":"* `add n/John Doe p/98765432 e/johnd@example.com a/311, Clementi Ave 2, #02-25 o/kidney b/O+ r/1 en/Jane Doe ep/91234567 er/spouse t/friends t/owesMoney`","lastModifiedDate":"2025-10-30T23:10:21","isFullCredit":false},{"lineNumber":158,"author":{"gitId":"-"},"content":"","lastModifiedDate":"2025-10-30T23:10:21","isFullCredit":false},{"lineNumber":159,"author":{"gitId":"-"},"content":"### Tab Completion for `add` command","lastModifiedDate":"2025-10-30T23:10:21","isFullCredit":false},{"lineNumber":160,"author":{"gitId":"-"},"content":"","lastModifiedDate":"2025-10-30T23:10:21","isFullCredit":false},{"lineNumber":161,"author":{"gitId":"-"},"content":"Auto creates all required and optional prefixes for the `add` command.","lastModifiedDate":"2025-10-30T23:10:21","isFullCredit":false},{"lineNumber":162,"author":{"gitId":"-"},"content":"","lastModifiedDate":"2025-10-30T23:17:16","isFullCredit":false},{"lineNumber":163,"author":{"gitId":"-"},"content":"Format: `add` then press the \u003ckbd\u003etab\u003c/kbd\u003e key","lastModifiedDate":"2025-10-30T23:17:16","isFullCredit":false},{"lineNumber":164,"author":{"gitId":"-"},"content":"","lastModifiedDate":"2025-10-30T23:17:16","isFullCredit":false},{"lineNumber":165,"author":{"gitId":"-"},"content":"\u003cbox type\u003d\"note\" seamless\u003e","lastModifiedDate":"2025-10-30T23:17:16","isFullCredit":false},{"lineNumber":166,"author":{"gitId":"-"},"content":"","lastModifiedDate":"2025-10-30T23:17:16","isFullCredit":false},{"lineNumber":167,"author":{"gitId":"-"},"content":"**Note:** The tab completion feature brings the cursor to the first field to be filled in","lastModifiedDate":"2025-10-30T23:17:16","isFullCredit":false},{"lineNumber":168,"author":{"gitId":"-"},"content":"\u003c/box\u003e","lastModifiedDate":"2025-10-30T23:17:16","isFullCredit":false},{"lineNumber":169,"author":{"gitId":"-"},"content":"","lastModifiedDate":"2025-10-30T23:17:16","isFullCredit":false},{"lineNumber":170,"author":{"gitId":"-"},"content":"Examples:","lastModifiedDate":"2025-10-30T23:17:16","isFullCredit":false},{"lineNumber":171,"author":{"gitId":"-"},"content":"* `add` followed by \u003ckbd\u003etab\u003c/kbd\u003e gives `add n/ p/ e/ a/ o/ b/ r/ t/ en/ ep/ er/`","lastModifiedDate":"2025-10-30T23:17:16","isFullCredit":false},{"lineNumber":172,"author":{"gitId":"-"},"content":"  ","lastModifiedDate":"2025-10-30T23:17:16","isFullCredit":false},{"lineNumber":173,"author":{"gitId":"-"},"content":"### Listing all recipients : `list`","lastModifiedDate":"2025-10-30T23:17:16","isFullCredit":false},{"lineNumber":174,"author":{"gitId":"-"},"content":"","lastModifiedDate":"2025-10-30T23:17:16","isFullCredit":false},{"lineNumber":175,"author":{"gitId":"-"},"content":"Shows a list of all recipients in the Organiser.","lastModifiedDate":"2025-10-30T23:17:16","isFullCredit":false},{"lineNumber":176,"author":{"gitId":"-"},"content":"","lastModifiedDate":"2025-10-30T23:17:16","isFullCredit":false},{"lineNumber":177,"author":{"gitId":"-"},"content":"Format: `list`","lastModifiedDate":"2025-10-30T23:17:16","isFullCredit":false},{"lineNumber":178,"author":{"gitId":"-"},"content":"","lastModifiedDate":"2025-10-30T23:17:16","isFullCredit":false},{"lineNumber":179,"author":{"gitId":"-"},"content":"### Finding compatible blood types: `compatible`","lastModifiedDate":"2025-10-30T23:17:16","isFullCredit":false},{"lineNumber":180,"author":{"gitId":"-"},"content":"","lastModifiedDate":"2025-10-30T23:17:16","isFullCredit":false},{"lineNumber":181,"author":{"gitId":"-"},"content":"Finds and lists all recipients whose blood type is compatible with the specified donor blood type. ","lastModifiedDate":"2025-10-30T23:17:16","isFullCredit":false},{"lineNumber":182,"author":{"gitId":"-"},"content":"","lastModifiedDate":"2025-10-30T23:17:16","isFullCredit":false},{"lineNumber":183,"author":{"gitId":"-"},"content":"* Compatible means they can receive from someone with the specified blood type.","lastModifiedDate":"2025-10-30T23:17:16","isFullCredit":false},{"lineNumber":184,"author":{"gitId":"-"},"content":"","lastModifiedDate":"2025-10-30T23:17:16","isFullCredit":false},{"lineNumber":185,"author":{"gitId":"-"},"content":"Format: `compatible BLOOD_TYPE`","lastModifiedDate":"2025-10-30T23:17:16","isFullCredit":false},{"lineNumber":186,"author":{"gitId":"-"},"content":"","lastModifiedDate":"2025-10-30T23:17:16","isFullCredit":false},{"lineNumber":187,"author":{"gitId":"-"},"content":"\u003cbox type\u003d\"note\" seamless\u003e","lastModifiedDate":"2025-10-30T23:17:16","isFullCredit":false},{"lineNumber":188,"author":{"gitId":"-"},"content":"","lastModifiedDate":"2025-10-30T23:17:16","isFullCredit":false},{"lineNumber":189,"author":{"gitId":"-"},"content":"**Note:** Blood types must be one of A+, A-, B+, B-, AB+, AB-, O+, O-","lastModifiedDate":"2025-10-30T23:17:16","isFullCredit":false},{"lineNumber":190,"author":{"gitId":"-"},"content":"\u003c/box\u003e","lastModifiedDate":"2025-10-30T23:17:16","isFullCredit":false},{"lineNumber":191,"author":{"gitId":"-"},"content":"","lastModifiedDate":"2025-10-30T23:17:16","isFullCredit":false},{"lineNumber":192,"author":{"gitId":"-"},"content":"Examples:","lastModifiedDate":"2025-10-30T23:17:16","isFullCredit":false},{"lineNumber":193,"author":{"gitId":"-"},"content":"* `compatible O-` Finds all recipients whose blood type is compatible with O-.","lastModifiedDate":"2025-10-30T23:17:16","isFullCredit":false},{"lineNumber":194,"author":{"gitId":"-"},"content":"","lastModifiedDate":"2025-10-30T23:17:16","isFullCredit":false},{"lineNumber":195,"author":{"gitId":"-"},"content":"### Finding recipients by organ : `organ`","lastModifiedDate":"2025-10-30T23:17:16","isFullCredit":false},{"lineNumber":196,"author":{"gitId":"-"},"content":"","lastModifiedDate":"2025-10-30T23:17:16","isFullCredit":false},{"lineNumber":197,"author":{"gitId":"-"},"content":"Finds and lists all recipients in **Organ-izer** whose organ contains the specified substring. ","lastModifiedDate":"2025-10-30T23:17:16","isFullCredit":false},{"lineNumber":198,"author":{"gitId":"-"},"content":"","lastModifiedDate":"2025-10-30T23:17:16","isFullCredit":false},{"lineNumber":199,"author":{"gitId":"-"},"content":"* Substring matching is case insensitive.","lastModifiedDate":"2025-10-30T23:17:16","isFullCredit":false},{"lineNumber":200,"author":{"gitId":"-"},"content":"","lastModifiedDate":"2025-10-30T23:17:16","isFullCredit":false},{"lineNumber":201,"author":{"gitId":"-"},"content":"Format: `organ ORGAN`","lastModifiedDate":"2025-10-30T23:17:16","isFullCredit":false},{"lineNumber":202,"author":{"gitId":"-"},"content":"","lastModifiedDate":"2025-10-30T23:17:16","isFullCredit":false},{"lineNumber":203,"author":{"gitId":"-"},"content":"\u003cbox type\u003d\"note\" seamless\u003e","lastModifiedDate":"2025-10-30T23:17:16","isFullCredit":false},{"lineNumber":204,"author":{"gitId":"-"},"content":"","lastModifiedDate":"2025-10-30T23:17:16","isFullCredit":false},{"lineNumber":205,"author":{"gitId":"-"},"content":"**Note:** Organ must be all alphabetical characters or spaces, but first letter must alphabetical","lastModifiedDate":"2025-10-30T23:17:16","isFullCredit":false},{"lineNumber":206,"author":{"gitId":"-"},"content":"\u003c/box\u003e","lastModifiedDate":"2025-10-30T23:17:16","isFullCredit":false},{"lineNumber":207,"author":{"gitId":"-"},"content":"","lastModifiedDate":"2025-10-30T23:17:16","isFullCredit":false},{"lineNumber":208,"author":{"gitId":"-"},"content":"Examples:","lastModifiedDate":"2025-10-30T23:17:16","isFullCredit":false},{"lineNumber":209,"author":{"gitId":"-"},"content":"* `organ kidney` Finds all recipients in **Organ-izer** whose organ contains `kidney` as a substring.","lastModifiedDate":"2025-10-30T23:17:16","isFullCredit":false},{"lineNumber":210,"author":{"gitId":"-"},"content":"","lastModifiedDate":"2025-10-30T23:17:16","isFullCredit":false},{"lineNumber":211,"author":{"gitId":"-"},"content":"### Finding recipients by bloodtype : `bloodtype`","lastModifiedDate":"2025-10-30T23:17:16","isFullCredit":false},{"lineNumber":212,"author":{"gitId":"-"},"content":"","lastModifiedDate":"2025-10-30T23:17:16","isFullCredit":false},{"lineNumber":213,"author":{"gitId":"-"},"content":"Finds and lists all recipients in **Organ-izer** whose blood type matches the specified blood types.","lastModifiedDate":"2025-10-30T23:17:16","isFullCredit":false},{"lineNumber":214,"author":{"gitId":"-"},"content":"","lastModifiedDate":"2025-10-30T23:17:16","isFullCredit":false},{"lineNumber":215,"author":{"gitId":"-"},"content":"Format: `bloodtype BLOODTYPE`","lastModifiedDate":"2025-10-30T23:17:16","isFullCredit":false},{"lineNumber":216,"author":{"gitId":"-"},"content":"","lastModifiedDate":"2025-10-30T23:17:16","isFullCredit":false},{"lineNumber":217,"author":{"gitId":"-"},"content":"\u003cbox type\u003d\"note\" seamless\u003e","lastModifiedDate":"2025-10-30T23:17:16","isFullCredit":false},{"lineNumber":218,"author":{"gitId":"-"},"content":"","lastModifiedDate":"2025-10-30T23:17:16","isFullCredit":false},{"lineNumber":219,"author":{"gitId":"-"},"content":"**Note:** BLOODTYPE must be A+, A- B+, B- AB+, AB-, O+ or O- only","lastModifiedDate":"2025-10-30T23:17:16","isFullCredit":false},{"lineNumber":220,"author":{"gitId":"-"},"content":" and can accept multiple values to find recipients of either blood type","lastModifiedDate":"2025-10-30T23:17:16","isFullCredit":false},{"lineNumber":221,"author":{"gitId":"-"},"content":"\u003c/box\u003e","lastModifiedDate":"2025-10-30T23:17:16","isFullCredit":false},{"lineNumber":222,"author":{"gitId":"-"},"content":"","lastModifiedDate":"2025-10-30T23:17:16","isFullCredit":false},{"lineNumber":223,"author":{"gitId":"-"},"content":"Examples:","lastModifiedDate":"2025-10-30T23:17:16","isFullCredit":false},{"lineNumber":224,"author":{"gitId":"-"},"content":"* `priority 1 2` Finds all recipients in **Organ-izer** whose priority is either `1` or `2`.","lastModifiedDate":"2025-10-30T23:17:16","isFullCredit":false},{"lineNumber":225,"author":{"gitId":"-"},"content":"* `priority 3` Finds all recipients in **Organ-izer** whose priority is 3.","lastModifiedDate":"2025-10-30T23:17:16","isFullCredit":false},{"lineNumber":226,"author":{"gitId":"-"},"content":"","lastModifiedDate":"2025-10-30T23:17:16","isFullCredit":false},{"lineNumber":227,"author":{"gitId":"-"},"content":"### Finding recipients by priority : `priority`","lastModifiedDate":"2025-10-30T23:17:16","isFullCredit":false},{"lineNumber":228,"author":{"gitId":"-"},"content":"","lastModifiedDate":"2025-10-30T23:17:16","isFullCredit":false},{"lineNumber":229,"author":{"gitId":"-"},"content":"Finds and lists all recipients in **Organ-izer** whose priority matches the specified priorities.","lastModifiedDate":"2025-10-30T23:17:16","isFullCredit":false},{"lineNumber":230,"author":{"gitId":"-"},"content":"","lastModifiedDate":"2025-10-30T23:17:16","isFullCredit":false},{"lineNumber":231,"author":{"gitId":"-"},"content":"Format: `priority PRIORITY`","lastModifiedDate":"2025-10-30T23:17:16","isFullCredit":false},{"lineNumber":232,"author":{"gitId":"-"},"content":"","lastModifiedDate":"2025-10-30T23:17:16","isFullCredit":false},{"lineNumber":233,"author":{"gitId":"-"},"content":"\u003cbox type\u003d\"note\" seamless\u003e","lastModifiedDate":"2025-10-30T23:17:16","isFullCredit":false},{"lineNumber":234,"author":{"gitId":"-"},"content":"","lastModifiedDate":"2025-10-30T23:17:16","isFullCredit":false},{"lineNumber":235,"author":{"gitId":"-"},"content":"**Note:** Priority must be a number from 1-5, and can accept multiple values to find recipients of either priority value","lastModifiedDate":"2025-10-30T23:17:16","isFullCredit":false},{"lineNumber":236,"author":{"gitId":"-"},"content":"\u003c/box\u003e","lastModifiedDate":"2025-10-30T23:17:16","isFullCredit":false},{"lineNumber":237,"author":{"gitId":"-"},"content":"","lastModifiedDate":"2025-10-30T23:17:16","isFullCredit":false},{"lineNumber":238,"author":{"gitId":"-"},"content":"Examples:","lastModifiedDate":"2025-10-30T23:17:16","isFullCredit":false},{"lineNumber":239,"author":{"gitId":"-"},"content":"* `priority 1 2` Finds all recipients in **Organ-izer** whose priority is either `1` or `2`.","lastModifiedDate":"2025-10-30T23:17:16","isFullCredit":false},{"lineNumber":240,"author":{"gitId":"-"},"content":"* `priority 3` Finds all recipients in **Organ-izer** whose priority is 3.","lastModifiedDate":"2025-10-30T23:17:16","isFullCredit":false},{"lineNumber":241,"author":{"gitId":"-"},"content":"","lastModifiedDate":"2025-10-30T23:17:16","isFullCredit":false},{"lineNumber":242,"author":{"gitId":"-"},"content":"### Finding recipients by multiple criteria: `combined`","lastModifiedDate":"2025-10-30T23:17:16","isFullCredit":false},{"lineNumber":243,"author":{"gitId":"-"},"content":"","lastModifiedDate":"2025-10-30T23:17:16","isFullCredit":false},{"lineNumber":244,"author":{"gitId":"-"},"content":"Finds and lists all recipients in **Organ-izer** that match all specified criteria. ","lastModifiedDate":"2025-10-30T23:17:16","isFullCredit":false},{"lineNumber":245,"author":{"gitId":"-"},"content":"","lastModifiedDate":"2025-10-30T23:17:16","isFullCredit":false},{"lineNumber":246,"author":{"gitId":"-"},"content":"Format: `[n/EXACT_NAME] [o/ORGAN_SUBSTRING] [b/RECIPIENT_BLOOD_TYPES]`","lastModifiedDate":"2025-10-30T23:17:16","isFullCredit":false},{"lineNumber":247,"author":{"gitId":"-"},"content":"","lastModifiedDate":"2025-10-30T23:23:07","isFullCredit":false},{"lineNumber":248,"author":{"gitId":"-"},"content":"* Find all recipients in **Organ-izer** that matches the exact name, whose organ needed matches the specified organ in the command, and has a blood type compatible with the specified blood type in the command.","lastModifiedDate":"2025-10-30T23:23:07","isFullCredit":false},{"lineNumber":249,"author":{"gitId":"-"},"content":"* Criteria can include exact name match, organ substring, and compatible blood types for recipients.","lastModifiedDate":"2025-10-30T23:23:07","isFullCredit":false},{"lineNumber":250,"author":{"gitId":"-"},"content":"* At least one of the optional fields must be provided.","lastModifiedDate":"2025-10-30T23:23:07","isFullCredit":false},{"lineNumber":251,"author":{"gitId":"-"},"content":"* Name in the command must be an exact match. Blood type finds donors compatible with the specified recipient blood types.","lastModifiedDate":"2025-10-30T23:23:07","isFullCredit":false},{"lineNumber":252,"author":{"gitId":"-"},"content":"","lastModifiedDate":"2025-10-30T23:23:07","isFullCredit":false},{"lineNumber":253,"author":{"gitId":"-"},"content":"Examples:","lastModifiedDate":"2025-10-30T23:23:07","isFullCredit":false},{"lineNumber":254,"author":{"gitId":"-"},"content":"* `combines n/Alice Pauline o/kidney bt/O+` Find all recipients in **Organ-izer** with name `Alice` or `Pauline`, whose organ contains `kidney` as a substring, and has blood type compatible with `O+`. ","lastModifiedDate":"2025-10-30T23:23:07","isFullCredit":false},{"lineNumber":255,"author":{"gitId":"-"},"content":"","lastModifiedDate":"2025-10-30T23:23:07","isFullCredit":false},{"lineNumber":256,"author":{"gitId":"-"},"content":"### Editing a recipient : `edit`","lastModifiedDate":"2025-10-30T23:23:07","isFullCredit":false},{"lineNumber":257,"author":{"gitId":"-"},"content":"","lastModifiedDate":"2025-10-30T23:23:07","isFullCredit":false},{"lineNumber":258,"author":{"gitId":"-"},"content":"Edits an existing recipient in the **Organ-izer**.","lastModifiedDate":"2025-10-30T23:23:07","isFullCredit":false},{"lineNumber":259,"author":{"gitId":"-"},"content":"","lastModifiedDate":"2025-10-30T23:23:07","isFullCredit":false},{"lineNumber":260,"author":{"gitId":"-"},"content":"Format: `edit INDEX [n/NAME] [p/PHONE] [e/EMAIL] [a/ADDRESS] [o/ORGAN] [b/BLOOD TYPE] [r/PRIORITY] [en/EMERGENCY_NAME] [ep/EMERGENCY_PHONE] [er/EMERGENCY_RELATION] [t/TAG]...`","lastModifiedDate":"2025-10-30T23:23:07","isFullCredit":false},{"lineNumber":261,"author":{"gitId":"-"},"content":"","lastModifiedDate":"2025-10-30T23:23:07","isFullCredit":false},{"lineNumber":262,"author":{"gitId":"-"},"content":"* Edits the recipient at the specified `INDEX`. The index refers to the index number shown in the displayed recipient list. The index **must be a positive integer** 1, 2, 3, …​","lastModifiedDate":"2025-10-30T23:23:07","isFullCredit":false},{"lineNumber":263,"author":{"gitId":"-"},"content":"* At least one of the optional fields must be provided.","lastModifiedDate":"2025-10-30T23:23:07","isFullCredit":false},{"lineNumber":264,"author":{"gitId":"-"},"content":"* Existing values will be updated to the input values.","lastModifiedDate":"2025-10-30T23:23:07","isFullCredit":false},{"lineNumber":265,"author":{"gitId":"-"},"content":"* When editing tags, the existing tags of the recipient will be removed i.e adding of tags is not cumulative.","lastModifiedDate":"2025-10-30T23:23:07","isFullCredit":false},{"lineNumber":266,"author":{"gitId":"-"},"content":"* You can remove all the recipient’s tags by typing `t/` without","lastModifiedDate":"2025-10-30T23:23:07","isFullCredit":false},{"lineNumber":267,"author":{"gitId":"-"},"content":"    specifying any tags after it.","lastModifiedDate":"2025-10-30T23:23:07","isFullCredit":false},{"lineNumber":268,"author":{"gitId":"-"},"content":"","lastModifiedDate":"2025-10-30T23:23:07","isFullCredit":false},{"lineNumber":269,"author":{"gitId":"-"},"content":"Examples:","lastModifiedDate":"2025-10-30T23:23:07","isFullCredit":false},{"lineNumber":270,"author":{"gitId":"-"},"content":"*  `edit 1 p/91234567 e/johndoe@example.com` Edits the phone number and email address of the 1st recipient to be `91234567` and `johndoe@example.com` respectively.","lastModifiedDate":"2025-10-30T23:23:07","isFullCredit":false},{"lineNumber":271,"author":{"gitId":"-"},"content":"*  `edit 2 n/Betsy Crower t/` Edits the name of the 2nd recipient to be `Betsy Crower` and clears all existing tags.","lastModifiedDate":"2025-10-30T23:23:07","isFullCredit":false},{"lineNumber":272,"author":{"gitId":"-"},"content":"","lastModifiedDate":"2025-10-30T23:23:07","isFullCredit":false},{"lineNumber":273,"author":{"gitId":"-"},"content":"### Locating recipients by name: `search`","lastModifiedDate":"2025-10-30T23:23:07","isFullCredit":false},{"lineNumber":274,"author":{"gitId":"-"},"content":"","lastModifiedDate":"2025-10-30T23:23:07","isFullCredit":false},{"lineNumber":275,"author":{"gitId":"-"},"content":"Finds recipients whose names contain any of the given keywords.","lastModifiedDate":"2025-10-30T23:23:07","isFullCredit":false},{"lineNumber":276,"author":{"gitId":"-"},"content":"","lastModifiedDate":"2025-10-30T23:23:07","isFullCredit":false},{"lineNumber":277,"author":{"gitId":"-"},"content":"Format: `search KEYWORD [MORE_KEYWORDS]`","lastModifiedDate":"2025-10-30T23:23:07","isFullCredit":false},{"lineNumber":278,"author":{"gitId":"-"},"content":"","lastModifiedDate":"2025-10-30T23:23:07","isFullCredit":false},{"lineNumber":279,"author":{"gitId":"-"},"content":"* The search is case-insensitive. e.g `hans` will match `Hans`","lastModifiedDate":"2025-10-30T23:23:07","isFullCredit":false},{"lineNumber":280,"author":{"gitId":"-"},"content":"* The order of the keywords does not matter. e.g. `Hans Bo` will match `Bo Hans`","lastModifiedDate":"2025-10-30T23:23:07","isFullCredit":false},{"lineNumber":281,"author":{"gitId":"-"},"content":"* Only the name is searched.","lastModifiedDate":"2025-10-30T23:23:07","isFullCredit":false},{"lineNumber":282,"author":{"gitId":"-"},"content":"* Only full words will be matched e.g. `Han` will not match `Hans`","lastModifiedDate":"2025-10-30T23:23:07","isFullCredit":false},{"lineNumber":283,"author":{"gitId":"-"},"content":"* Recipients matching at least one keyword will be returned (i.e. `OR` search).","lastModifiedDate":"2025-10-30T23:23:07","isFullCredit":false},{"lineNumber":284,"author":{"gitId":"-"},"content":"  e.g. `Hans Bo` will return `Hans Gruber`, `Bo Yang`","lastModifiedDate":"2025-10-30T23:23:07","isFullCredit":false},{"lineNumber":285,"author":{"gitId":"-"},"content":"","lastModifiedDate":"2025-10-30T23:23:07","isFullCredit":false},{"lineNumber":286,"author":{"gitId":"-"},"content":"Examples:","lastModifiedDate":"2025-10-30T23:23:07","isFullCredit":false},{"lineNumber":287,"author":{"gitId":"-"},"content":"* `find John` returns `john` and `John Doe`","lastModifiedDate":"2025-10-30T23:23:07","isFullCredit":false},{"lineNumber":288,"author":{"gitId":"-"},"content":"* `find alex david` returns `Alex Yeoh`, `David Li`\u003cbr\u003e","lastModifiedDate":"2025-10-30T23:23:07","isFullCredit":false},{"lineNumber":289,"author":{"gitId":"-"},"content":"  ![result for \u0027find alex david\u0027](images/findAlexDavidResult.png)","lastModifiedDate":"2025-10-30T23:23:07","isFullCredit":false},{"lineNumber":290,"author":{"gitId":"-"},"content":"","lastModifiedDate":"2025-10-30T23:23:07","isFullCredit":false},{"lineNumber":291,"author":{"gitId":"-"},"content":"### Deleting a recipient : `delete`","lastModifiedDate":"2025-10-30T23:23:07","isFullCredit":false},{"lineNumber":292,"author":{"gitId":"-"},"content":"","lastModifiedDate":"2025-10-30T23:23:07","isFullCredit":false},{"lineNumber":293,"author":{"gitId":"-"},"content":"Deletes the specified recipient from **Organ-izer**.","lastModifiedDate":"2025-10-30T23:23:07","isFullCredit":false},{"lineNumber":294,"author":{"gitId":"-"},"content":"","lastModifiedDate":"2025-10-30T23:23:07","isFullCredit":false},{"lineNumber":295,"author":{"gitId":"-"},"content":"Format: `delete INDEX`","lastModifiedDate":"2025-10-30T23:23:07","isFullCredit":false},{"lineNumber":296,"author":{"gitId":"-"},"content":"","lastModifiedDate":"2025-10-30T23:23:07","isFullCredit":false},{"lineNumber":297,"author":{"gitId":"-"},"content":"* Deletes the recipient at the specified `INDEX`.","lastModifiedDate":"2025-10-30T23:23:07","isFullCredit":false},{"lineNumber":298,"author":{"gitId":"-"},"content":"* The index refers to the index number shown in the displayed recipient list.","lastModifiedDate":"2025-10-30T23:23:07","isFullCredit":false},{"lineNumber":299,"author":{"gitId":"-"},"content":"* The index **must be a positive integer** 1, 2, 3, …​","lastModifiedDate":"2025-10-30T23:23:07","isFullCredit":false},{"lineNumber":300,"author":{"gitId":"-"},"content":"","lastModifiedDate":"2025-10-30T23:23:07","isFullCredit":false},{"lineNumber":301,"author":{"gitId":"-"},"content":"Examples:","lastModifiedDate":"2025-10-30T23:23:07","isFullCredit":false},{"lineNumber":302,"author":{"gitId":"-"},"content":"* `list` followed by `delete 2` deletes the 2nd recipient in **Organ-izer**.","lastModifiedDate":"2025-10-30T23:23:07","isFullCredit":false},{"lineNumber":303,"author":{"gitId":"-"},"content":"* `find Betsy` followed by `delete 1` deletes the 1st recipient in the results of the `find` command.","lastModifiedDate":"2025-10-30T23:23:07","isFullCredit":false},{"lineNumber":304,"author":{"gitId":"-"},"content":"","lastModifiedDate":"2025-10-30T23:23:07","isFullCredit":false},{"lineNumber":305,"author":{"gitId":"-"},"content":"### Statistic summary : `summary`","lastModifiedDate":"2025-10-30T23:23:07","isFullCredit":false},{"lineNumber":306,"author":{"gitId":"-"},"content":"","lastModifiedDate":"2025-10-30T23:23:07","isFullCredit":false},{"lineNumber":307,"author":{"gitId":"-"},"content":"Displays a summary of how many patients require each type of organ.","lastModifiedDate":"2025-10-30T23:23:07","isFullCredit":false},{"lineNumber":308,"author":{"gitId":"-"},"content":"","lastModifiedDate":"2025-10-30T23:23:07","isFullCredit":false},{"lineNumber":309,"author":{"gitId":"-"},"content":"Format: `summary`","lastModifiedDate":"2025-10-30T23:23:07","isFullCredit":false},{"lineNumber":310,"author":{"gitId":"-"},"content":"","lastModifiedDate":"2025-10-30T23:23:07","isFullCredit":false},{"lineNumber":311,"author":{"gitId":"-"},"content":"### Clearing all entries : `clear`","lastModifiedDate":"2025-10-30T23:23:07","isFullCredit":false},{"lineNumber":312,"author":{"gitId":"-"},"content":"","lastModifiedDate":"2025-10-30T23:23:07","isFullCredit":false},{"lineNumber":313,"author":{"gitId":"-"},"content":"Clears all entries from the **Organ-izer**.","lastModifiedDate":"2025-10-30T23:23:07","isFullCredit":false},{"lineNumber":314,"author":{"gitId":"-"},"content":"","lastModifiedDate":"2025-10-30T23:23:07","isFullCredit":false},{"lineNumber":315,"author":{"gitId":"-"},"content":"Format: `clear`","lastModifiedDate":"2025-10-30T23:23:07","isFullCredit":false},{"lineNumber":316,"author":{"gitId":"-"},"content":"","lastModifiedDate":"2025-10-30T23:23:07","isFullCredit":false},{"lineNumber":317,"author":{"gitId":"-"},"content":"### Exiting the program : `exit`","lastModifiedDate":"2025-10-30T23:23:07","isFullCredit":false},{"lineNumber":318,"author":{"gitId":"-"},"content":"","lastModifiedDate":"2025-10-30T23:23:07","isFullCredit":false},{"lineNumber":319,"author":{"gitId":"-"},"content":"Exits the program.","lastModifiedDate":"2025-10-30T23:23:07","isFullCredit":false},{"lineNumber":320,"author":{"gitId":"-"},"content":"","lastModifiedDate":"2025-10-30T23:23:07","isFullCredit":false},{"lineNumber":321,"author":{"gitId":"-"},"content":"Format: `exit`","lastModifiedDate":"2025-10-30T23:23:07","isFullCredit":false},{"lineNumber":322,"author":{"gitId":"-"},"content":"","lastModifiedDate":"2025-10-30T23:23:07","isFullCredit":false},{"lineNumber":323,"author":{"gitId":"-"},"content":"### Saving the data","lastModifiedDate":"2025-10-30T23:23:07","isFullCredit":false},{"lineNumber":324,"author":{"gitId":"-"},"content":"","lastModifiedDate":"2025-10-30T23:23:07","isFullCredit":false},{"lineNumber":325,"author":{"gitId":"-"},"content":"Organ-izer data is saved in the hard disk automatically after any command that changes the data. There is no need to save manually.","lastModifiedDate":"2025-10-30T23:23:07","isFullCredit":false},{"lineNumber":326,"author":{"gitId":"-"},"content":"","lastModifiedDate":"2025-10-30T23:23:07","isFullCredit":false},{"lineNumber":327,"author":{"gitId":"-"},"content":"### Editing the data file","lastModifiedDate":"2025-10-30T23:23:07","isFullCredit":false},{"lineNumber":328,"author":{"gitId":"-"},"content":"","lastModifiedDate":"2025-10-30T23:23:07","isFullCredit":false},{"lineNumber":329,"author":{"gitId":"-"},"content":"Organ-izer data is saved automatically as a JSON file `[JAR file location]/data/organ-izer.json`. Advanced users are welcome to update data directly by editing that data file.","lastModifiedDate":"2025-10-30T23:23:07","isFullCredit":false},{"lineNumber":330,"author":{"gitId":"-"},"content":"","lastModifiedDate":"2025-10-30T23:23:07","isFullCredit":false},{"lineNumber":331,"author":{"gitId":"-"},"content":"\u003cbox type\u003d\"warning\" seamless\u003e","lastModifiedDate":"2025-10-30T23:23:07","isFullCredit":false},{"lineNumber":332,"author":{"gitId":"-"},"content":"","lastModifiedDate":"2025-10-30T23:23:07","isFullCredit":false},{"lineNumber":333,"author":{"gitId":"-"},"content":"**Caution:**","lastModifiedDate":"2025-10-30T23:23:07","isFullCredit":false},{"lineNumber":334,"author":{"gitId":"-"},"content":"If your changes to the data file makes its format invalid, Organ-izer will discard all data and start with an empty data file at the next run.  Hence, it is recommended to take a backup of the file before editing it.\u003cbr\u003e","lastModifiedDate":"2025-10-30T23:23:07","isFullCredit":false},{"lineNumber":335,"author":{"gitId":"-"},"content":"Furthermore, certain edits can cause the Organ-izer to behave in unexpected ways (e.g., if a value entered is outside the acceptable range). Therefore, edit the data file only if you are confident that you can update it correctly.","lastModifiedDate":"2025-10-30T23:23:07","isFullCredit":false},{"lineNumber":336,"author":{"gitId":"-"},"content":"\u003c/box\u003e","lastModifiedDate":"2025-10-30T23:23:07","isFullCredit":false},{"lineNumber":337,"author":{"gitId":"-"},"content":"","lastModifiedDate":"2025-10-30T23:23:07","isFullCredit":false},{"lineNumber":338,"author":{"gitId":"-"},"content":"### Archiving data files `[coming in v2.0]`","lastModifiedDate":"2025-10-30T23:23:07","isFullCredit":false},{"lineNumber":339,"author":{"gitId":"-"},"content":"","lastModifiedDate":"2025-10-30T23:23:07","isFullCredit":false},{"lineNumber":340,"author":{"gitId":"-"},"content":"_Details coming soon ..._","lastModifiedDate":"2025-10-30T23:23:07","isFullCredit":false},{"lineNumber":341,"author":{"gitId":"-"},"content":"","lastModifiedDate":"2025-10-30T23:23:07","isFullCredit":false},{"lineNumber":342,"author":{"gitId":"-"},"content":"--------------------------------------------------------------------------------------------------------------------","lastModifiedDate":"2025-10-30T23:23:07","isFullCredit":false},{"lineNumber":343,"author":{"gitId":"-"},"content":"","lastModifiedDate":"2025-10-30T23:23:07","isFullCredit":false},{"lineNumber":344,"author":{"gitId":"-"},"content":"## FAQ","lastModifiedDate":"2025-10-30T23:23:07","isFullCredit":false},{"lineNumber":345,"author":{"gitId":"-"},"content":"","lastModifiedDate":"2025-10-30T23:23:07","isFullCredit":false},{"lineNumber":346,"author":{"gitId":"-"},"content":"**Q**: How do I transfer my data to another Computer?\u003cbr\u003e","lastModifiedDate":"2025-10-30T23:23:07","isFullCredit":false},{"lineNumber":347,"author":{"gitId":"-"},"content":"**A**: Install the app in the other computer and overwrite the empty data file it creates with the file that contains the data of your previous Organ-izer home folder.","lastModifiedDate":"2025-10-30T23:23:07","isFullCredit":false},{"lineNumber":348,"author":{"gitId":"-"},"content":"","lastModifiedDate":"2025-10-30T23:23:07","isFullCredit":false},{"lineNumber":349,"author":{"gitId":"-"},"content":"--------------------------------------------------------------------------------------------------------------------","lastModifiedDate":"2025-10-30T23:23:07","isFullCredit":false},{"lineNumber":350,"author":{"gitId":"-"},"content":"","lastModifiedDate":"2025-10-30T23:23:07","isFullCredit":false},{"lineNumber":351,"author":{"gitId":"-"},"content":"## Known issues","lastModifiedDate":"2025-10-30T23:23:07","isFullCredit":false},{"lineNumber":352,"author":{"gitId":"-"},"content":"","lastModifiedDate":"2025-10-30T23:23:07","isFullCredit":false},{"lineNumber":353,"author":{"gitId":"-"},"content":"1. **When using multiple screens**, if you move the application to a secondary screen, and later switch to using only the primary screen, the GUI will open off-screen. The remedy is to delete the `preferences.json` file created by the application before running the application again.","lastModifiedDate":"2025-10-30T23:23:07","isFullCredit":false},{"lineNumber":354,"author":{"gitId":"-"},"content":"2. **If you minimize the Help Window** and then run the `help` command (or use the `Help` menu, or the keyboard shortcut `F1`) again, the original Help Window will remain minimized, and no new Help Window will appear. The remedy is to manually restore the minimized Help Window.","lastModifiedDate":"2025-10-30T23:23:07","isFullCredit":false},{"lineNumber":355,"author":{"gitId":"-"},"content":"","lastModifiedDate":"2025-10-30T23:23:07","isFullCredit":false},{"lineNumber":356,"author":{"gitId":"-"},"content":"--------------------------------------------------------------------------------------------------------------------","lastModifiedDate":"2025-10-30T23:23:07","isFullCredit":false},{"lineNumber":357,"author":{"gitId":"-"},"content":"","lastModifiedDate":"2025-10-30T23:23:07","isFullCredit":false},{"lineNumber":358,"author":{"gitId":"-"},"content":"## Command summary","lastModifiedDate":"2025-10-30T23:23:07","isFullCredit":false},{"lineNumber":359,"author":{"gitId":"-"},"content":"","lastModifiedDate":"2025-10-30T23:23:07","isFullCredit":false},{"lineNumber":360,"author":{"gitId":"-"},"content":"Action \t| Format, Examples","lastModifiedDate":"2025-10-30T23:23:07","isFullCredit":false},{"lineNumber":361,"author":{"gitId":"-"},"content":"-----------|----------------------------------------------------------------------------------------------------------------------------------------------------------------------","lastModifiedDate":"2025-10-30T23:23:07","isFullCredit":false},{"lineNumber":362,"author":{"gitId":"-"},"content":"**Add**\t   | `add n/NAME p/PHONE_NUMBER e/EMAIL a/ADDRESS [t/TAG]…​` \u003cbr\u003e e.g., `add n/James Ho p/22224444 e/jamesho@example.com a/123, Clementi Rd, 1234665 t/friend t/colleague`","lastModifiedDate":"2025-10-30T23:23:07","isFullCredit":false},{"lineNumber":363,"author":{"gitId":"-"},"content":"**Clear**  | `clear`","lastModifiedDate":"2025-10-30T23:23:07","isFullCredit":false},{"lineNumber":364,"author":{"gitId":"-"},"content":"**Delete** | `delete INDEX`\u003cbr\u003e e.g., `delete 3`","lastModifiedDate":"2025-10-30T23:23:07","isFullCredit":false},{"lineNumber":365,"author":{"gitId":"-"},"content":"**Edit**   | `edit INDEX [n/NAME] [p/PHONE_NUMBER] [e/EMAIL] [a/ADDRESS] [t/TAG]…​`\u003cbr\u003e e.g.,`edit 2 n/James Lee e/jameslee@example.com`","lastModifiedDate":"2025-10-30T23:23:07","isFullCredit":false},{"lineNumber":366,"author":{"gitId":"-"},"content":"**List**   | `list`","lastModifiedDate":"2025-10-30T23:23:07","isFullCredit":false},{"lineNumber":367,"author":{"gitId":"TimothySzu"},"content":"**Summary**   | `summary`","lastModifiedDate":"2025-11-01T19:24:48","isFullCredit":false},{"lineNumber":368,"author":{"gitId":"TimothySzu"},"content":"**Bloodtype**   | `bloodtpye BLOODTYPE [BLOODTYPE]...`","lastModifiedDate":"2025-11-01T19:24:48","isFullCredit":false},{"lineNumber":369,"author":{"gitId":"TimothySzu"},"content":"**Organ**   | `organ KEYWORD`","lastModifiedDate":"2025-11-01T19:24:48","isFullCredit":false},{"lineNumber":370,"author":{"gitId":"TimothySzu"},"content":"**Priority**   | `priority PRIORITY [PRIORITY]...`","lastModifiedDate":"2025-11-01T19:24:48","isFullCredit":false},{"lineNumber":371,"author":{"gitId":"TimothySzu"},"content":"**Search**   | `search KEYWORD [KEYWORD]`","lastModifiedDate":"2025-11-01T19:24:48","isFullCredit":false},{"lineNumber":372,"author":{"gitId":"TimothySzu"},"content":"**Combined**   | `combined [n/EXACT_NAME] [o/ORGAN_KEYWORD] [b/BLOODTYPE]`","lastModifiedDate":"2025-11-01T19:24:48","isFullCredit":false},{"lineNumber":373,"author":{"gitId":"TimothySzu"},"content":"**Compatible**   | `compatible BLOODTYPE`","lastModifiedDate":"2025-11-01T19:24:48","isFullCredit":false},{"lineNumber":374,"author":{"gitId":"TimothySzu"},"content":"**Exit**   | `exit`","lastModifiedDate":"2025-11-01T19:24:48","isFullCredit":false},{"lineNumber":375,"author":{"gitId":"-"},"content":"","lastModifiedDate":"2025-10-30T23:23:07","isFullCredit":false}],"authorContributionMap":{"TimothySzu":52,"-":323}},{"path":"src/main/java/seedu/address/ui/HelpWindow.java","fileType":"functional-code","lines":[{"lineNumber":1,"author":{"gitId":"-"},"content":"package seedu.address.ui;","lastModifiedDate":"2016-09-22T09:48:40","isFullCredit":false},{"lineNumber":2,"author":{"gitId":"-"},"content":"","lastModifiedDate":"2016-08-18T19:19:48","isFullCredit":false},{"lineNumber":3,"author":{"gitId":"-"},"content":"import java.util.logging.Logger;","lastModifiedDate":"2017-01-19T09:57:08","isFullCredit":false},{"lineNumber":4,"author":{"gitId":"-"},"content":"","lastModifiedDate":"2017-01-19T09:57:08","isFullCredit":false},{"lineNumber":5,"author":{"gitId":"-"},"content":"import javafx.fxml.FXML;","lastModifiedDate":"2016-12-24T15:44:54","isFullCredit":false},{"lineNumber":6,"author":{"gitId":"-"},"content":"import javafx.scene.control.Button;","lastModifiedDate":"2019-08-19T16:58:06","isFullCredit":false},{"lineNumber":7,"author":{"gitId":"-"},"content":"import javafx.scene.control.Label;","lastModifiedDate":"2019-08-19T16:58:06","isFullCredit":false},{"lineNumber":8,"author":{"gitId":"-"},"content":"import javafx.scene.input.Clipboard;","lastModifiedDate":"2019-08-19T16:58:06","isFullCredit":false},{"lineNumber":9,"author":{"gitId":"-"},"content":"import javafx.scene.input.ClipboardContent;","lastModifiedDate":"2019-08-19T16:58:06","isFullCredit":false},{"lineNumber":10,"author":{"gitId":"-"},"content":"import javafx.stage.Stage;","lastModifiedDate":"2016-08-18T19:19:48","isFullCredit":false},{"lineNumber":11,"author":{"gitId":"-"},"content":"import seedu.address.commons.core.LogsCenter;","lastModifiedDate":"2016-09-23T00:15:18","isFullCredit":false},{"lineNumber":12,"author":{"gitId":"-"},"content":"","lastModifiedDate":"2016-09-09T12:52:20","isFullCredit":false},{"lineNumber":13,"author":{"gitId":"-"},"content":"/**","lastModifiedDate":"2016-08-18T19:19:48","isFullCredit":false},{"lineNumber":14,"author":{"gitId":"-"},"content":" * Controller for a help page","lastModifiedDate":"2016-08-18T19:19:48","isFullCredit":false},{"lineNumber":15,"author":{"gitId":"-"},"content":" */","lastModifiedDate":"2016-08-18T19:19:48","isFullCredit":false},{"lineNumber":16,"author":{"gitId":"-"},"content":"public class HelpWindow extends UiPart\u003cStage\u003e {","lastModifiedDate":"2017-12-01T18:20:23","isFullCredit":false},{"lineNumber":17,"author":{"gitId":"-"},"content":"","lastModifiedDate":"2016-08-18T19:19:48","isFullCredit":false},{"lineNumber":18,"author":{"gitId":"TimothySzu"},"content":"    public static final String USERGUIDE_URL \u003d \"https://ay2526s1-cs2103t-t17-3.github.io/tp/UserGuide.html\";","lastModifiedDate":"2025-11-01T16:34:25","isFullCredit":false},{"lineNumber":19,"author":{"gitId":"-"},"content":"    public static final String HELP_MESSAGE \u003d \"Refer to the user guide: \" + USERGUIDE_URL;","lastModifiedDate":"2019-08-19T16:58:06","isFullCredit":false},{"lineNumber":20,"author":{"gitId":"-"},"content":"","lastModifiedDate":"2017-07-03T10:08:58","isFullCredit":false},{"lineNumber":21,"author":{"gitId":"-"},"content":"    private static final Logger logger \u003d LogsCenter.getLogger(HelpWindow.class);","lastModifiedDate":"2016-09-23T00:15:18","isFullCredit":false},{"lineNumber":22,"author":{"gitId":"-"},"content":"    private static final String FXML \u003d \"HelpWindow.fxml\";","lastModifiedDate":"2016-09-20T16:11:41","isFullCredit":false},{"lineNumber":23,"author":{"gitId":"-"},"content":"","lastModifiedDate":"2016-08-18T19:19:48","isFullCredit":false},{"lineNumber":24,"author":{"gitId":"-"},"content":"    @FXML","lastModifiedDate":"2016-12-24T15:44:54","isFullCredit":false},{"lineNumber":25,"author":{"gitId":"-"},"content":"    private Button copyButton;","lastModifiedDate":"2019-08-19T16:58:06","isFullCredit":false},{"lineNumber":26,"author":{"gitId":"-"},"content":"","lastModifiedDate":"2019-08-19T16:58:06","isFullCredit":false},{"lineNumber":27,"author":{"gitId":"-"},"content":"    @FXML","lastModifiedDate":"2019-08-19T16:58:06","isFullCredit":false},{"lineNumber":28,"author":{"gitId":"-"},"content":"    private Label helpMessage;","lastModifiedDate":"2019-08-19T16:58:06","isFullCredit":false},{"lineNumber":29,"author":{"gitId":"-"},"content":"","lastModifiedDate":"2016-08-18T19:19:48","isFullCredit":false},{"lineNumber":30,"author":{"gitId":"-"},"content":"    /**","lastModifiedDate":"2017-12-01T18:20:23","isFullCredit":false},{"lineNumber":31,"author":{"gitId":"-"},"content":"     * Creates a new HelpWindow.","lastModifiedDate":"2017-12-01T18:20:23","isFullCredit":false},{"lineNumber":32,"author":{"gitId":"-"},"content":"     *","lastModifiedDate":"2017-12-01T18:20:23","isFullCredit":false},{"lineNumber":33,"author":{"gitId":"-"},"content":"     * @param root Stage to use as the root of the HelpWindow.","lastModifiedDate":"2017-12-01T18:20:23","isFullCredit":false},{"lineNumber":34,"author":{"gitId":"-"},"content":"     */","lastModifiedDate":"2017-12-01T18:20:23","isFullCredit":false},{"lineNumber":35,"author":{"gitId":"-"},"content":"    public HelpWindow(Stage root) {","lastModifiedDate":"2017-12-01T18:20:23","isFullCredit":false},{"lineNumber":36,"author":{"gitId":"-"},"content":"        super(FXML, root);","lastModifiedDate":"2017-12-01T18:20:23","isFullCredit":false},{"lineNumber":37,"author":{"gitId":"-"},"content":"        helpMessage.setText(HELP_MESSAGE);","lastModifiedDate":"2019-08-19T16:58:06","isFullCredit":false},{"lineNumber":38,"author":{"gitId":"-"},"content":"        root.setMinWidth(600);","lastModifiedDate":"2025-10-30T22:04:38","isFullCredit":false},{"lineNumber":39,"author":{"gitId":"-"},"content":"        root.setMinHeight(300);","lastModifiedDate":"2025-10-30T22:04:38","isFullCredit":false},{"lineNumber":40,"author":{"gitId":"-"},"content":"    }","lastModifiedDate":"2016-08-18T19:19:48","isFullCredit":false},{"lineNumber":41,"author":{"gitId":"-"},"content":"","lastModifiedDate":"2016-08-18T19:19:48","isFullCredit":false},{"lineNumber":42,"author":{"gitId":"-"},"content":"    /**","lastModifiedDate":"2017-12-01T18:20:23","isFullCredit":false},{"lineNumber":43,"author":{"gitId":"-"},"content":"     * Creates a new HelpWindow.","lastModifiedDate":"2017-12-01T18:20:23","isFullCredit":false},{"lineNumber":44,"author":{"gitId":"-"},"content":"     */","lastModifiedDate":"2017-12-01T18:20:23","isFullCredit":false},{"lineNumber":45,"author":{"gitId":"-"},"content":"    public HelpWindow() {","lastModifiedDate":"2017-12-01T18:20:23","isFullCredit":false},{"lineNumber":46,"author":{"gitId":"-"},"content":"        this(new Stage());","lastModifiedDate":"2017-12-01T18:20:23","isFullCredit":false},{"lineNumber":47,"author":{"gitId":"-"},"content":"    }","lastModifiedDate":"2017-12-01T18:20:23","isFullCredit":false},{"lineNumber":48,"author":{"gitId":"-"},"content":"","lastModifiedDate":"2017-12-01T18:20:23","isFullCredit":false},{"lineNumber":49,"author":{"gitId":"-"},"content":"    /**","lastModifiedDate":"2017-08-16T15:24:47","isFullCredit":false},{"lineNumber":50,"author":{"gitId":"-"},"content":"     * Shows the help window.","lastModifiedDate":"2017-08-16T15:24:47","isFullCredit":false},{"lineNumber":51,"author":{"gitId":"-"},"content":"     * @throws IllegalStateException","lastModifiedDate":"2017-08-16T15:24:47","isFullCredit":false},{"lineNumber":52,"author":{"gitId":"-"},"content":"     *     \u003cul\u003e","lastModifiedDate":"2017-08-16T15:24:47","isFullCredit":false},{"lineNumber":53,"author":{"gitId":"-"},"content":"     *         \u003cli\u003e","lastModifiedDate":"2017-08-16T15:24:47","isFullCredit":false},{"lineNumber":54,"author":{"gitId":"-"},"content":"     *             if this method is called on a thread other than the JavaFX Application Thread.","lastModifiedDate":"2017-08-16T15:24:47","isFullCredit":false},{"lineNumber":55,"author":{"gitId":"-"},"content":"     *         \u003c/li\u003e","lastModifiedDate":"2017-08-16T15:24:47","isFullCredit":false},{"lineNumber":56,"author":{"gitId":"-"},"content":"     *         \u003cli\u003e","lastModifiedDate":"2017-08-16T15:24:47","isFullCredit":false},{"lineNumber":57,"author":{"gitId":"-"},"content":"     *             if this method is called during animation or layout processing.","lastModifiedDate":"2017-08-16T15:24:47","isFullCredit":false},{"lineNumber":58,"author":{"gitId":"-"},"content":"     *         \u003c/li\u003e","lastModifiedDate":"2017-08-16T15:24:47","isFullCredit":false},{"lineNumber":59,"author":{"gitId":"-"},"content":"     *         \u003cli\u003e","lastModifiedDate":"2017-08-16T15:24:47","isFullCredit":false},{"lineNumber":60,"author":{"gitId":"-"},"content":"     *             if this method is called on the primary stage.","lastModifiedDate":"2017-08-16T15:24:47","isFullCredit":false},{"lineNumber":61,"author":{"gitId":"-"},"content":"     *         \u003c/li\u003e","lastModifiedDate":"2017-08-16T15:24:47","isFullCredit":false},{"lineNumber":62,"author":{"gitId":"-"},"content":"     *         \u003cli\u003e","lastModifiedDate":"2017-08-16T15:24:47","isFullCredit":false},{"lineNumber":63,"author":{"gitId":"-"},"content":"     *             if {@code dialogStage} is already showing.","lastModifiedDate":"2017-08-16T15:24:47","isFullCredit":false},{"lineNumber":64,"author":{"gitId":"-"},"content":"     *         \u003c/li\u003e","lastModifiedDate":"2017-08-16T15:24:47","isFullCredit":false},{"lineNumber":65,"author":{"gitId":"-"},"content":"     *     \u003c/ul\u003e","lastModifiedDate":"2017-08-16T15:24:47","isFullCredit":false},{"lineNumber":66,"author":{"gitId":"-"},"content":"     */","lastModifiedDate":"2017-08-16T15:24:47","isFullCredit":false},{"lineNumber":67,"author":{"gitId":"-"},"content":"    public void show() {","lastModifiedDate":"2016-08-18T19:19:48","isFullCredit":false},{"lineNumber":68,"author":{"gitId":"-"},"content":"        logger.fine(\"Showing help page about the application.\");","lastModifiedDate":"2016-12-24T15:44:54","isFullCredit":false},{"lineNumber":69,"author":{"gitId":"-"},"content":"        getRoot().show();","lastModifiedDate":"2018-02-13T23:28:47","isFullCredit":false},{"lineNumber":70,"author":{"gitId":"-"},"content":"        getRoot().centerOnScreen();","lastModifiedDate":"2019-08-19T16:58:06","isFullCredit":false},{"lineNumber":71,"author":{"gitId":"-"},"content":"    }","lastModifiedDate":"2016-08-18T19:19:48","isFullCredit":false},{"lineNumber":72,"author":{"gitId":"-"},"content":"","lastModifiedDate":"2018-03-15T13:36:46","isFullCredit":false},{"lineNumber":73,"author":{"gitId":"-"},"content":"    /**","lastModifiedDate":"2018-03-15T13:36:46","isFullCredit":false},{"lineNumber":74,"author":{"gitId":"-"},"content":"     * Returns true if the help window is currently being shown.","lastModifiedDate":"2018-03-15T13:36:46","isFullCredit":false},{"lineNumber":75,"author":{"gitId":"-"},"content":"     */","lastModifiedDate":"2018-03-15T13:36:46","isFullCredit":false},{"lineNumber":76,"author":{"gitId":"-"},"content":"    public boolean isShowing() {","lastModifiedDate":"2018-03-15T13:36:46","isFullCredit":false},{"lineNumber":77,"author":{"gitId":"-"},"content":"        return getRoot().isShowing();","lastModifiedDate":"2018-03-15T13:36:46","isFullCredit":false},{"lineNumber":78,"author":{"gitId":"-"},"content":"    }","lastModifiedDate":"2018-03-15T13:36:46","isFullCredit":false},{"lineNumber":79,"author":{"gitId":"-"},"content":"","lastModifiedDate":"2018-03-15T13:36:46","isFullCredit":false},{"lineNumber":80,"author":{"gitId":"-"},"content":"    /**","lastModifiedDate":"2018-12-08T23:07:18","isFullCredit":false},{"lineNumber":81,"author":{"gitId":"-"},"content":"     * Hides the help window.","lastModifiedDate":"2018-12-08T23:07:18","isFullCredit":false},{"lineNumber":82,"author":{"gitId":"-"},"content":"     */","lastModifiedDate":"2018-12-08T23:07:18","isFullCredit":false},{"lineNumber":83,"author":{"gitId":"-"},"content":"    public void hide() {","lastModifiedDate":"2018-12-08T23:07:18","isFullCredit":false},{"lineNumber":84,"author":{"gitId":"-"},"content":"        getRoot().hide();","lastModifiedDate":"2018-12-08T23:07:18","isFullCredit":false},{"lineNumber":85,"author":{"gitId":"-"},"content":"    }","lastModifiedDate":"2018-12-08T23:07:18","isFullCredit":false},{"lineNumber":86,"author":{"gitId":"-"},"content":"","lastModifiedDate":"2018-12-08T23:07:18","isFullCredit":false},{"lineNumber":87,"author":{"gitId":"-"},"content":"    /**","lastModifiedDate":"2018-03-15T13:36:46","isFullCredit":false},{"lineNumber":88,"author":{"gitId":"-"},"content":"     * Focuses on the help window.","lastModifiedDate":"2018-03-15T13:36:46","isFullCredit":false},{"lineNumber":89,"author":{"gitId":"-"},"content":"     */","lastModifiedDate":"2018-03-15T13:36:46","isFullCredit":false},{"lineNumber":90,"author":{"gitId":"-"},"content":"    public void focus() {","lastModifiedDate":"2018-03-15T13:36:46","isFullCredit":false},{"lineNumber":91,"author":{"gitId":"-"},"content":"        getRoot().requestFocus();","lastModifiedDate":"2018-03-15T13:36:46","isFullCredit":false},{"lineNumber":92,"author":{"gitId":"-"},"content":"    }","lastModifiedDate":"2018-03-15T13:36:46","isFullCredit":false},{"lineNumber":93,"author":{"gitId":"-"},"content":"","lastModifiedDate":"2019-08-19T16:58:06","isFullCredit":false},{"lineNumber":94,"author":{"gitId":"-"},"content":"    /**","lastModifiedDate":"2019-08-19T16:58:06","isFullCredit":false},{"lineNumber":95,"author":{"gitId":"-"},"content":"     * Copies the URL to the user guide to the clipboard.","lastModifiedDate":"2019-08-19T16:58:06","isFullCredit":false},{"lineNumber":96,"author":{"gitId":"-"},"content":"     */","lastModifiedDate":"2019-08-19T16:58:06","isFullCredit":false},{"lineNumber":97,"author":{"gitId":"-"},"content":"    @FXML","lastModifiedDate":"2019-08-19T16:58:06","isFullCredit":false},{"lineNumber":98,"author":{"gitId":"-"},"content":"    private void copyUrl() {","lastModifiedDate":"2019-08-19T16:58:06","isFullCredit":false},{"lineNumber":99,"author":{"gitId":"-"},"content":"        final Clipboard clipboard \u003d Clipboard.getSystemClipboard();","lastModifiedDate":"2019-08-19T16:58:06","isFullCredit":false},{"lineNumber":100,"author":{"gitId":"-"},"content":"        final ClipboardContent url \u003d new ClipboardContent();","lastModifiedDate":"2019-08-19T16:58:06","isFullCredit":false},{"lineNumber":101,"author":{"gitId":"-"},"content":"        url.putString(USERGUIDE_URL);","lastModifiedDate":"2019-08-19T16:58:06","isFullCredit":false},{"lineNumber":102,"author":{"gitId":"-"},"content":"        clipboard.setContent(url);","lastModifiedDate":"2019-08-19T16:58:06","isFullCredit":false},{"lineNumber":103,"author":{"gitId":"-"},"content":"    }","lastModifiedDate":"2019-08-19T16:58:06","isFullCredit":false},{"lineNumber":104,"author":{"gitId":"-"},"content":"}","lastModifiedDate":"2016-08-18T19:19:48","isFullCredit":false}],"authorContributionMap":{"TimothySzu":1,"-":103}}]
