{"authorDailyContributionsMap":{"TimothySzu":[],"POeticPotatoes":[],"tch1001":[],"IsaiahToh":[],"baozzii":[]},"authorFileTypeContributionMap":{"TimothySzu":{"docs":0,"functional-code":0,"test-code":0},"POeticPotatoes":{"docs":0,"functional-code":0,"test-code":0},"tch1001":{"docs":0,"functional-code":0,"test-code":0},"IsaiahToh":{"docs":0,"functional-code":0,"test-code":0},"baozzii":{"docs":0,"functional-code":0,"test-code":0}},"authorContributionVariance":{"TimothySzu":0.0,"POeticPotatoes":0.0,"tch1001":0.0,"IsaiahToh":0.0,"baozzii":0.0},"authorDisplayNameMap":{"TimothySzu":"CS2103T-T17-3 TIMO.. ERN","POeticPotatoes":"CS2103T-T17-3 YANG..IIYU","tch1001":"CS2103T-T17-3 TAN .. HAO","IsaiahToh":"CS2103T-T17-3 ISAI..MING","baozzii":"CS2103T-T17-3 LIU ..HANG"}}
