{"authorDailyContributionsMap":{"TimothySzu":[{"date":"2025-11-01T00:00:00","commitResults":[{"hash":"ed516b1cd402dfd89e1e483e793c03eee9acb1c9","isMergeCommit":false,"messageTitle":"Fix UserGuide quickstart bugs","messageBody":"","fileTypesAndContributionMap":{"functional-code":{"insertions":1,"deletions":1},"docs":{"insertions":26,"deletions":18}}},{"hash":"81d2ed49a493e573ba8318e0f0d5de0ddf9b23d9","isMergeCommit":true,"messageTitle":"Merge pull request #195 from TimothySzu/branch-FixUiBugs1","messageBody":"Fix UserGuide quickstart bugs","fileTypesAndContributionMap":{}},{"hash":"f54176e90604f5aa7f9c1ea864a39cd363267200","isMergeCommit":false,"messageTitle":"Update Userguide command summary","messageBody":"","fileTypesAndContributionMap":{"docs":{"insertions":27,"deletions":13}}},{"hash":"18beb8ff271c5277b9d43952e34538feb2bb9520","isMergeCommit":true,"messageTitle":"Merge pull request #196 from TimothySzu/branch-FixUiBugs1","messageBody":"Update Userguide command summary","fileTypesAndContributionMap":{}}]}],"POeticPotatoes":[],"tch1001":[],"IsaiahToh":[],"baozzii":[]},"authorFileTypeContributionMap":{"TimothySzu":{"docs":52,"functional-code":1,"test-code":0},"POeticPotatoes":{"docs":0,"functional-code":0,"test-code":0},"tch1001":{"docs":0,"functional-code":0,"test-code":0},"IsaiahToh":{"docs":0,"functional-code":0,"test-code":0},"baozzii":{"docs":0,"functional-code":0,"test-code":0}},"authorContributionVariance":{"TimothySzu":7396.0,"POeticPotatoes":0.0,"tch1001":0.0,"IsaiahToh":0.0,"baozzii":0.0},"authorDisplayNameMap":{"TimothySzu":"CS2103T-T17-3 TIMO.. ERN","POeticPotatoes":"CS2103T-T17-3 YANG..IIYU","tch1001":"CS2103T-T17-3 TAN .. HAO","IsaiahToh":"CS2103T-T17-3 ISAI..MING","baozzii":"CS2103T-T17-3 LIU ..HANG"}}
