{"authorDailyContributionsMap":{"sunshinefactoryyy":[],"sirylcereal":[],"TheMythologist":[],"mug1wara26":[],"ckhai01":[]},"authorFileTypeContributionMap":{"sunshinefactoryyy":{"docs":0,"functional-code":0,"test-code":0},"sirylcereal":{"docs":0,"functional-code":0,"test-code":0},"TheMythologist":{"docs":0,"functional-code":0,"test-code":0},"mug1wara26":{"docs":0,"functional-code":0,"test-code":0},"ckhai01":{"docs":0,"functional-code":0,"test-code":0}},"authorContributionVariance":{"sunshinefactoryyy":0.0,"sirylcereal":0.0,"TheMythologist":0.0,"mug1wara26":0.0,"ckhai01":0.0},"authorDisplayNameMap":{"sunshinefactoryyy":"CS2103T-F13-4 WU Y..EWEI","sirylcereal":"CS2103T-F13-4 LYRI..G QI","TheMythologist":"CS2103T-F13-4 LEE ..XUAN","mug1wara26":"CS2103T-F13-4 ALOY..QUAN","ckhai01":"CS2103T-F13-4 CHUA..KHAI"}}
