{"authorDailyContributionsMap":{"kailermai":[],"lqr1019":[],"Jerrytys":[],"jarretphon":[],"liawjarell":[]},"authorFileTypeContributionMap":{"kailermai":{"docs":0,"functional-code":0,"test-code":0},"lqr1019":{"docs":0,"functional-code":0,"test-code":0},"Jerrytys":{"docs":0,"functional-code":0,"test-code":0},"jarretphon":{"docs":0,"functional-code":0,"test-code":0},"liawjarell":{"docs":0,"functional-code":0,"test-code":0}},"authorContributionVariance":{"kailermai":0.0,"lqr1019":0.0,"Jerrytys":0.0,"jarretphon":0.0,"liawjarell":0.0},"authorDisplayNameMap":{"kailermai":"CS2103T-T16-2 MAI .. LER","lqr1019":"CS2103T-T16-2 LI Q..GRUI","Jerrytys":"CS2103T-T16-2 JERR..HENG","jarretphon":"CS2103T-T16-2 JARR.. ANN","liawjarell":"CS2103T-T16-2 JARE..N YI"}}
