{"authorDailyContributionsMap":{"haojun-mah":[],"pekyiheng":[],"tofuuu67":[],"fatbolster":[],"ckwflash":[]},"authorFileTypeContributionMap":{"haojun-mah":{"docs":0,"functional-code":0,"test-code":0},"pekyiheng":{"docs":0,"functional-code":0,"test-code":0},"tofuuu67":{"docs":0,"functional-code":0,"test-code":0},"fatbolster":{"docs":0,"functional-code":0,"test-code":0},"ckwflash":{"docs":0,"functional-code":0,"test-code":0}},"authorContributionVariance":{"haojun-mah":0.0,"pekyiheng":0.0,"tofuuu67":0.0,"fatbolster":0.0,"ckwflash":0.0},"authorDisplayNameMap":{"haojun-mah":"CS2103T-F14b-2 MAH .. JUN","pekyiheng":"CS2103T-F14b-2 PEK ..HENG","tofuuu67":"CS2103T-F14b-2 OR F..IANG","fatbolster":"CS2103T-F14b-2 CHUA..RSON","ckwflash":"CS2103T-F14b-2 CHEN..IWEN"}}
