{"authorDailyContributionsMap":{"TzHsien":[],"zheng-jj":[],"Hinlokk":[],"JoveFYL":[],"castryl":[]},"authorFileTypeContributionMap":{"TzHsien":{"docs":0,"functional-code":0,"test-code":0},"zheng-jj":{"docs":0,"functional-code":0,"test-code":0},"Hinlokk":{"docs":0,"functional-code":0,"test-code":0},"JoveFYL":{"docs":0,"functional-code":0,"test-code":0},"castryl":{"docs":0,"functional-code":0,"test-code":0}},"authorContributionVariance":{"TzHsien":0.0,"zheng-jj":0.0,"Hinlokk":0.0,"JoveFYL":0.0,"castryl":0.0},"authorDisplayNameMap":{"TzHsien":"CS2103-F11-2 LIM ..SIEN","zheng-jj":"CS2103-F11-2 ZHEN..GJIE","Hinlokk":"CS2103-F11-2 CHAN.. LOK","JoveFYL":"CS2103-F11-2 FONG..JOVE","castryl":"CS2103-F11-2 LOW .. IAN"}}
