{"authorDailyContributionsMap":{"keitht8y":[],"its-me-orion":[],"not-a-scam":[],"lkxben":[],"sjinho":[]},"authorFileTypeContributionMap":{"keitht8y":{"docs":0,"functional-code":0,"test-code":0},"its-me-orion":{"docs":0,"functional-code":0,"test-code":0},"not-a-scam":{"docs":0,"functional-code":0,"test-code":0},"lkxben":{"docs":0,"functional-code":0,"test-code":0},"sjinho":{"docs":0,"functional-code":0,"test-code":0}},"authorContributionVariance":{"keitht8y":0.0,"its-me-orion":0.0,"not-a-scam":0.0,"lkxben":0.0,"sjinho":0.0},"authorDisplayNameMap":{"keitht8y":"CS2103T-W14-2 TAY ..EITH","its-me-orion":"CS2103T-W14-2 ORIO.. LEE","not-a-scam":"CS2103T-W14-2 ZECH.. WEN","lkxben":"CS2103T-W14-2 BENJ.. XIN","sjinho":"CS2103T-W14-2 SON ..INHO"}}
