{"authorDailyContributionsMap":{"sngdarren":[],"ren0716":[],"hninsatphyusin":[],"llamawithhats":[],"timxthytia":[]},"authorFileTypeContributionMap":{"sngdarren":{"docs":0,"functional-code":0,"test-code":0},"ren0716":{"docs":0,"functional-code":0,"test-code":0},"hninsatphyusin":{"docs":0,"functional-code":0,"test-code":0},"llamawithhats":{"docs":0,"functional-code":0,"test-code":0},"timxthytia":{"docs":0,"functional-code":0,"test-code":0}},"authorContributionVariance":{"sngdarren":0.0,"ren0716":0.0,"hninsatphyusin":0.0,"llamawithhats":0.0,"timxthytia":0.0},"authorDisplayNameMap":{"sngdarren":"CS2103T-F14b-3 SNG ..RREN","ren0716":"CS2103T-F14b-3 BEH .. REN","hninsatphyusin":"CS2103T-F14b-3 HNIN.. SIN","llamawithhats":"CS2103T-F14b-3 YU T..NGAN","timxthytia":"CS2103T-F14b-3 TIMO.. ZHI"}}
