{"authorDailyContributionsMap":{"stefuiii":[],"Ziwen510":[],"fishee82oo":[],"ZH22":[],"joelchongg":[]},"authorFileTypeContributionMap":{"stefuiii":{"docs":0,"functional-code":0,"test-code":0},"Ziwen510":{"docs":0,"functional-code":0,"test-code":0},"fishee82oo":{"docs":0,"functional-code":0,"test-code":0},"ZH22":{"docs":0,"functional-code":0,"test-code":0},"joelchongg":{"docs":0,"functional-code":0,"test-code":0}},"authorContributionVariance":{"stefuiii":0.0,"Ziwen510":0.0,"fishee82oo":0.0,"ZH22":0.0,"joelchongg":0.0},"authorDisplayNameMap":{"stefuiii":"CS2103T-F11-4 JIAN..GHUI","Ziwen510":"CS2103T-F11-4 WANG..IWEN","fishee82oo":"CS2103T-F11-4 HUAN..YANG","ZH22":"CS2103T-F11-4 OOI .. HAO","joelchongg":"CS2103T-F11-4 JOEL..HONG"}}
