{"authorDailyContributionsMap":{"stefuiii":[{"date":"2025-11-01T00:00:00","commitResults":[{"hash":"3189fc2ee890fa64c18fd828e5b9528fc3972ee8","isMergeCommit":false,"messageTitle":"Remove extra bullet points under Add Command section in UG","messageBody":"","fileTypesAndContributionMap":{"docs":{"insertions":4,"deletions":4}}}]}],"Ziwen510":[],"fishee82oo":[],"ZH22":[{"date":"2025-11-01T00:00:00","commitResults":[{"hash":"650a0f3d2cbc9151c752950f46f547f0f13777c9","isMergeCommit":true,"messageTitle":"Merge pull request #333 from joelchongg/fix-ped-bugs","messageBody":"Fix multiple bugs from PE-D (Can merge already)","fileTypesAndContributionMap":{}}]}],"joelchongg":[{"date":"2025-11-01T00:00:00","commitResults":[{"hash":"e4e46fbfd1e0b568f3f1072b2c9825eb4c0d031b","isMergeCommit":false,"messageTitle":"Fix Filter Command Activity diagram to be more succinct","messageBody":"Filter Command Activity diagram was too complicated.\nFixed it to be more simple showing the overall flow\n","fileTypesAndContributionMap":{"docs":{"insertions":8,"deletions":45}}},{"hash":"9f1f5e33dfcf994f3539221544237f090b30096b","isMergeCommit":false,"messageTitle":"Fix Format Mismatch in DeveloperGuide","messageBody":"Address format issue in DG for sort and filter use cases\n","fileTypesAndContributionMap":{"docs":{"insertions":23,"deletions":3}}},{"hash":"e563d933275632caf82a9ff754d96e490ca09d4d","isMergeCommit":false,"messageTitle":"Remove Sort Activity Diagram","messageBody":"Remove sort activity diagram since it looks too complicated\n","fileTypesAndContributionMap":{"docs":{"insertions":0,"deletions":4}}},{"hash":"6be6ed952443f4c3f1daa3165904b0f68c33c710","isMergeCommit":false,"messageTitle":"Fix whitespace issues","messageBody":"","fileTypesAndContributionMap":{"docs":{"insertions":9,"deletions":9}}},{"hash":"9ce526d13768ea0db4d22891f741f876a2ff86af","isMergeCommit":false,"messageTitle":"Fix PE-D Bugs","messageBody":"","fileTypesAndContributionMap":{"docs":{"insertions":2,"deletions":3}}},{"hash":"2fda03724b9dfbcddfe86b5d102ebac9b88dc3b1","isMergeCommit":false,"messageTitle":"Add Planned Enhancement for Filter Command","messageBody":"","fileTypesAndContributionMap":{"docs":{"insertions":3,"deletions":0}}},{"hash":"a6e4e0edd4a5443d7a82cdda50c9bc09947f415f","isMergeCommit":false,"messageTitle":"Fix CI Issue","messageBody":"","fileTypesAndContributionMap":{"docs":{"insertions":1,"deletions":1}}},{"hash":"35096e31a13c58dff666105b92c9108f3e0a3c5c","isMergeCommit":true,"messageTitle":"Merge pull request #341 from stefuiii/UG-fix-ped","messageBody":"Remove extra bullet points under Add Command section in UG","fileTypesAndContributionMap":{}}]}]},"authorFileTypeContributionMap":{"stefuiii":{"docs":4,"functional-code":0,"test-code":0},"Ziwen510":{"docs":0,"functional-code":0,"test-code":0},"fishee82oo":{"docs":0,"functional-code":0,"test-code":0},"ZH22":{"docs":0,"functional-code":0,"test-code":0},"joelchongg":{"docs":33,"functional-code":0,"test-code":0}},"authorContributionVariance":{"stefuiii":64.0,"Ziwen510":0.0,"fishee82oo":0.0,"ZH22":0.0,"joelchongg":12321.0},"authorDisplayNameMap":{"stefuiii":"CS2103T-F11-4 JIAN..GHUI","Ziwen510":"CS2103T-F11-4 WANG..IWEN","fishee82oo":"CS2103T-F11-4 HUAN..YANG","ZH22":"CS2103T-F11-4 OOI .. HAO","joelchongg":"CS2103T-F11-4 JOEL..HONG"}}
