{"authorDailyContributionsMap":{"shockingly134":[],"isaaclim01":[],"Kineeeeee":[],"Strikerprv":[],"timothyleejin":[]},"authorFileTypeContributionMap":{"shockingly134":{"docs":0,"functional-code":0,"test-code":0},"isaaclim01":{"docs":0,"functional-code":0,"test-code":0},"Kineeeeee":{"docs":0,"functional-code":0,"test-code":0},"Strikerprv":{"docs":0,"functional-code":0,"test-code":0},"timothyleejin":{"docs":0,"functional-code":0,"test-code":0}},"authorContributionVariance":{"shockingly134":0.0,"isaaclim01":0.0,"Kineeeeee":0.0,"Strikerprv":0.0,"timothyleejin":0.0},"authorDisplayNameMap":{"shockingly134":"CS2103T-F13-2 SHAN..UMAR","isaaclim01":"CS2103T-F13-2 LIM ..SAAC","Kineeeeee":"CS2103T-F13-2 NGUY..KIEN","Strikerprv":"CS2103T-F13-2 CHEN.. JUN","timothyleejin":"CS2103T-F13-2 LEE ..OTHY"}}
