{"authorDailyContributionsMap":{"houzhenming":[],"amptea":[],"larrygaw":[],"goodguykf":[],"aaroncjgoh":[]},"authorFileTypeContributionMap":{"houzhenming":{"docs":0,"functional-code":0,"test-code":0},"amptea":{"docs":0,"functional-code":0,"test-code":0},"larrygaw":{"docs":0,"functional-code":0,"test-code":0},"goodguykf":{"docs":0,"functional-code":0,"test-code":0},"aaroncjgoh":{"docs":0,"functional-code":0,"test-code":0}},"authorContributionVariance":{"houzhenming":0.0,"amptea":0.0,"larrygaw":0.0,"goodguykf":0.0,"aaroncjgoh":0.0},"authorDisplayNameMap":{"houzhenming":"CS2103T-T14-2 HOU ..MING","amptea":"CS2103T-T14-2 MART.. TAN","larrygaw":"CS2103T-T14-2 LARR..HENG","goodguykf":"CS2103T-T14-2 TAN ..FENG","aaroncjgoh":"CS2103T-T14-2 AARO.. JUN"}}
