{"authorDailyContributionsMap":{"Tan-Guan-Lin":[],"Xinxiang0257":[],"coberculidae":[],"NgoHoangNhatMinh":[],"Jiru-code":[]},"authorFileTypeContributionMap":{"Tan-Guan-Lin":{"docs":0,"functional-code":0,"test-code":0},"Xinxiang0257":{"docs":0,"functional-code":0,"test-code":0},"coberculidae":{"docs":0,"functional-code":0,"test-code":0},"NgoHoangNhatMinh":{"docs":0,"functional-code":0,"test-code":0},"Jiru-code":{"docs":0,"functional-code":0,"test-code":0}},"authorContributionVariance":{"Tan-Guan-Lin":0.0,"Xinxiang0257":0.0,"coberculidae":0.0,"NgoHoangNhatMinh":0.0,"Jiru-code":0.0},"authorDisplayNameMap":{"Tan-Guan-Lin":"CS2103T-T17-1 TAN .. LIN","Xinxiang0257":"CS2103T-T17-1 HOU ..IANG","coberculidae":"CS2103T-T17-1 TRUO.. MAI","NgoHoangNhatMinh":"CS2103T-T17-1 NGO ..MINH","Jiru-code":"CS2103T-T17-1 TAN .. RUI"}}
