{"authorDailyContributionsMap":{"Miche1111e":[],"pranav3142":[],"tonyvict":[],"samueltann":[],"cjaycee":[]},"authorFileTypeContributionMap":{"Miche1111e":{"docs":0,"functional-code":0,"test-code":0},"pranav3142":{"docs":0,"functional-code":0,"test-code":0},"tonyvict":{"docs":0,"functional-code":0,"test-code":0},"samueltann":{"docs":0,"functional-code":0,"test-code":0},"cjaycee":{"docs":0,"functional-code":0,"test-code":0}},"authorContributionVariance":{"Miche1111e":0.0,"pranav3142":0.0,"tonyvict":0.0,"samueltann":0.0,"cjaycee":0.0},"authorDisplayNameMap":{"Miche1111e":"CS2103T-W13-4 MICH..LIEW","pranav3142":"CS2103T-W13-4 JAMU..ANAV","tonyvict":"CS2103T-W13-4 RAYA..CTAR","samueltann":"CS2103T-W13-4 SAMU.. JIE","cjaycee":"CS2103T-W13-4 CHAI..HENG"}}
