{"authorDailyContributionsMap":{"Miche1111e":[],"pranav3142":[{"date":"2025-11-01T00:00:00","commitResults":[{"hash":"d0d49a7d4e36b2503cfc840b94c4956973006c7d","isMergeCommit":true,"messageTitle":"Merge pull request #284 from cjaycee/pe-bugs","messageBody":"Fix PE bugs","fileTypesAndContributionMap":{}}]}],"tonyvict":[],"samueltann":[{"date":"2025-11-01T00:00:00","commitResults":[{"hash":"1ae898b493d2b7541d81d1f8ac5e6d658cbf17a4","isMergeCommit":false,"messageTitle":"Replace deltag to delattr and tag to addattr","messageBody":"","fileTypesAndContributionMap":{"functional-code":{"insertions":4,"deletions":4},"other":{"insertions":7,"deletions":6},"docs":{"insertions":26,"deletions":26}}},{"hash":"1236aaa1b4c66bb4b1364afb2c8b518c0e626c5b","isMergeCommit":false,"messageTitle":"Update addattr to add most recent of duplicate attr","messageBody":"","fileTypesAndContributionMap":{"functional-code":{"insertions":8,"deletions":3},"docs":{"insertions":2,"deletions":2},"test-code":{"insertions":39,"deletions":0}}},{"hash":"ea1b99c8facc4eda1ec4f2c6a2a5fbf5ca758672","isMergeCommit":false,"messageTitle":"Fix delattr showing invalid values as removed","messageBody":"","fileTypesAndContributionMap":{"functional-code":{"insertions":11,"deletions":6},"test-code":{"insertions":22,"deletions":1}}},{"hash":"b3a445f20c4eecfb58e7d36098cca1bd83d28a8a","isMergeCommit":false,"messageTitle":"Update delattr to show same error for neg and OOB index","messageBody":"","fileTypesAndContributionMap":{"functional-code":{"insertions":7,"deletions":1},"test-code":{"insertions":7,"deletions":0}}},{"hash":"f2155ef2c82ac91d885c6ff87f9f75371b143448","isMergeCommit":false,"messageTitle":"Update ParserUtil to show same error for neg and OOB index","messageBody":"","fileTypesAndContributionMap":{"functional-code":{"insertions":3,"deletions":8}}},{"hash":"0b099fbec120c1fe3a79c4da75986ebde6d339c2","isMergeCommit":false,"messageTitle":"Fix checkstyle errors","messageBody":"","fileTypesAndContributionMap":{"functional-code":{"insertions":0,"deletions":1}}},{"hash":"3ec96bf306778c6c5670c78c4f891aa03ba0c73f","isMergeCommit":false,"messageTitle":"Update UG and DG for attribtue","messageBody":"","fileTypesAndContributionMap":{"docs":{"insertions":18,"deletions":18}}},{"hash":"d731d0c4e840d778041b784c140f66ba537bf5fc","isMergeCommit":false,"messageTitle":"Fix checkstyle errors","messageBody":"","fileTypesAndContributionMap":{"test-code":{"insertions":2,"deletions":2}}},{"hash":"6995cfb8f3111374d22793da811f24fea25469dd","isMergeCommit":false,"messageTitle":"Fix typo in UG","messageBody":"","fileTypesAndContributionMap":{"docs":{"insertions":1,"deletions":1}}},{"hash":"eec89254dc18094e4ac4f668dd70b4b4f9ee6fb2","isMergeCommit":false,"messageTitle":"Fix typo in UG","messageBody":"","fileTypesAndContributionMap":{"docs":{"insertions":1,"deletions":1}}},{"hash":"e03e939855b23107c124376fd348213c55286860","isMergeCommit":false,"messageTitle":"Fix formatting in UG","messageBody":"","fileTypesAndContributionMap":{"docs":{"insertions":2,"deletions":2}}},{"hash":"a48d77177bcac18125383ef85ef8de38ca714b4f","isMergeCommit":false,"messageTitle":"Fix typo in ParserUtil","messageBody":"","fileTypesAndContributionMap":{"functional-code":{"insertions":1,"deletions":1}}}]}],"cjaycee":[{"date":"2025-11-01T00:00:00","commitResults":[{"hash":"a220a617c0e8bd7624559bfb58e08fc733582a83","isMergeCommit":false,"messageTitle":"Fix references to persons to students in UG","messageBody":"","fileTypesAndContributionMap":{"docs":{"insertions":5,"deletions":5}}},{"hash":"dbb0502e14aa0835f71fa570e975b8e1284d6e53","isMergeCommit":false,"messageTitle":"Add line breaks in FAQ","messageBody":"","fileTypesAndContributionMap":{"docs":{"insertions":6,"deletions":6}}},{"hash":"ecdda47f50a286c8be12a3572fa4a8e7f9d1ab14","isMergeCommit":true,"messageTitle":"Merge pull request #283 from samueltann/bugs/attribute","messageBody":"Fix bugs related to attribute","fileTypesAndContributionMap":{}},{"hash":"04a15f82af9e8a5e7928a367d5e8f68f78033548","isMergeCommit":false,"messageTitle":"Add toc for incorrect section header\u0027","messageBody":"","fileTypesAndContributionMap":{"docs":{"insertions":1,"deletions":0}}},{"hash":"bec13dca6740765095e74032ce1869aad63d84c0","isMergeCommit":false,"messageTitle":"Fix grade command in HelpCommand","messageBody":"","fileTypesAndContributionMap":{"functional-code":{"insertions":1,"deletions":1}}},{"hash":"4bfdebc7fa5ccd016ffb30d8d676be67a2d1b477","isMergeCommit":false,"messageTitle":"Fix remark in HelpCommand","messageBody":"","fileTypesAndContributionMap":{"functional-code":{"insertions":1,"deletions":1}}},{"hash":"c4af082f03494e67b228c6befea466aee6830b59","isMergeCommit":false,"messageTitle":"Remove mention of AB3 in UG","messageBody":"","fileTypesAndContributionMap":{"docs":{"insertions":1,"deletions":1}}},{"hash":"ec2dc3ab284655c1a0ac8b31010eb7b07ba9920c","isMergeCommit":false,"messageTitle":"Add quick start instructions for windows \u0026 linux","messageBody":"","fileTypesAndContributionMap":{"docs":{"insertions":3,"deletions":2}}},{"hash":"078134bfda40a5feaac6d30944e5672af9956abe","isMergeCommit":true,"messageTitle":"Merge branch \u0027master\u0027 into pe-bugs","messageBody":"","fileTypesAndContributionMap":{}}]}]},"authorFileTypeContributionMap":{"Miche1111e":{"docs":0,"functional-code":0,"test-code":0},"pranav3142":{"docs":0,"functional-code":0,"test-code":0},"tonyvict":{"docs":0,"functional-code":0,"test-code":0},"samueltann":{"docs":32,"functional-code":25,"test-code":67,"other":7},"cjaycee":{"docs":16,"functional-code":2,"test-code":0}},"authorContributionVariance":{"Miche1111e":0.0,"pranav3142":0.0,"tonyvict":0.0,"samueltann":59536.0,"cjaycee":1156.0},"authorDisplayNameMap":{"Miche1111e":"CS2103T-W13-4 MICH..LIEW","pranav3142":"CS2103T-W13-4 JAMU..ANAV","tonyvict":"CS2103T-W13-4 RAYA..CTAR","samueltann":"CS2103T-W13-4 SAMU.. JIE","cjaycee":"CS2103T-W13-4 CHAI..HENG"}}
