{"authorDailyContributionsMap":{"JeromeGohRY":[],"enxi-low":[],"wailon18":[],"GeekyGooble":[],"jaxwong":[]},"authorFileTypeContributionMap":{"JeromeGohRY":{"docs":0,"functional-code":0,"test-code":0},"enxi-low":{"docs":0,"functional-code":0,"test-code":0},"wailon18":{"docs":0,"functional-code":0,"test-code":0},"GeekyGooble":{"docs":0,"functional-code":0,"test-code":0},"jaxwong":{"docs":0,"functional-code":0,"test-code":0}},"authorContributionVariance":{"JeromeGohRY":0.0,"enxi-low":0.0,"wailon18":0.0,"GeekyGooble":0.0,"jaxwong":0.0},"authorDisplayNameMap":{"JeromeGohRY":"CS2103T-T10-2 JERO..H YU","enxi-low":"CS2103T-T10-2 LOW ..N XI","wailon18":"CS2103T-T10-2 CHAN.. LUN","GeekyGooble":"CS2103T-T10-2 TAN .. HAO","jaxwong":"CS2103T-T10-2 WONG.. WEI"}}
