{"authorDailyContributionsMap":{"jeroylim":[],"javierchuaby":[],"seanowww":[],"jasonleexc":[],"divyashahhh":[]},"authorFileTypeContributionMap":{"jeroylim":{"docs":0,"functional-code":0,"test-code":0},"javierchuaby":{"docs":0,"functional-code":0,"test-code":0},"seanowww":{"docs":0,"functional-code":0,"test-code":0},"jasonleexc":{"docs":0,"functional-code":0,"test-code":0},"divyashahhh":{"docs":0,"functional-code":0,"test-code":0}},"authorContributionVariance":{"jeroylim":0.0,"javierchuaby":0.0,"seanowww":0.0,"jasonleexc":0.0,"divyashahhh":0.0},"authorDisplayNameMap":{"jeroylim":"CS2103T-W10-4 JERO..ZHEN","javierchuaby":"CS2103T-W10-4 JAVI.. YAN","seanowww":"CS2103T-W10-4 SEAN..RONG","jasonleexc":"CS2103T-W10-4 JASO..HENG","divyashahhh":"CS2103T-W10-4 SHAH..UMAR"}}
