{"authorDailyContributionsMap":{"NownuJ":[],"hansonpoh":[],"Javier-Lua":[],"Meckss":[],"serenelwt":[]},"authorFileTypeContributionMap":{"NownuJ":{"docs":0,"functional-code":0,"test-code":0},"hansonpoh":{"docs":0,"functional-code":0,"test-code":0},"Javier-Lua":{"docs":0,"functional-code":0,"test-code":0},"Meckss":{"docs":0,"functional-code":0,"test-code":0},"serenelwt":{"docs":0,"functional-code":0,"test-code":0}},"authorContributionVariance":{"NownuJ":0.0,"hansonpoh":0.0,"Javier-Lua":0.0,"Meckss":0.0,"serenelwt":0.0},"authorDisplayNameMap":{"NownuJ":"CS2103T-T15-4 LEE ..NWON","hansonpoh":"CS2103T-T15-4 POH ..NSON","Javier-Lua":"CS2103T-T15-4 LUA ..VIER","Meckss":"CS2103T-T15-4 MAX ..NING","serenelwt":"CS2103T-T15-4 SERE..TING"}}
