{"authorDailyContributionsMap":{"mizzat03":[],"hyhy987":[],"wucx-0":[],"itisnotjord":[],"Nsohko":[{"date":"2025-10-31T00:00:00","commitResults":[{"hash":"997319a0fba24ae1aa268540a47ec0b0ba8e70c0","isMergeCommit":true,"messageTitle":"Merge pull request #170 from wucx-0/branch-Update-DG","messageBody":"","fileTypesAndContributionMap":{}}]}]},"authorFileTypeContributionMap":{"mizzat03":{"docs":0,"functional-code":0,"test-code":0},"hyhy987":{"docs":0,"functional-code":0,"test-code":0},"wucx-0":{"docs":0,"functional-code":0,"test-code":0},"itisnotjord":{"docs":0,"functional-code":0,"test-code":0},"Nsohko":{"docs":0,"functional-code":0,"test-code":0}},"authorContributionVariance":{"mizzat03":0.0,"hyhy987":0.0,"wucx-0":0.0,"itisnotjord":0.0,"Nsohko":0.0},"authorDisplayNameMap":{"mizzat03":"CS2103T-F14a-1 MUHA..AFIQ","hyhy987":"CS2103T-F14a-1 SIE ..YANG","wucx-0":"CS2103T-F14a-1 WU C..XIAO","itisnotjord":"CS2103T-F14a-1 GOH ..RDAN","Nsohko":"CS2103T-F14a-1 SARI..EDDY"}}
