{"authorDailyContributionsMap":{"AppDevIn":[],"orbitalsqwib":[],"niyniy123":[],"lhurr":[],"hwennnn":[]},"authorFileTypeContributionMap":{"AppDevIn":{"docs":0,"functional-code":0,"test-code":0},"orbitalsqwib":{"docs":0,"functional-code":0,"test-code":0},"niyniy123":{"docs":0,"functional-code":0,"test-code":0},"lhurr":{"docs":0,"functional-code":0,"test-code":0},"hwennnn":{"docs":0,"functional-code":0,"test-code":0}},"authorContributionVariance":{"AppDevIn":0.0,"orbitalsqwib":0.0,"niyniy123":0.0,"lhurr":0.0,"hwennnn":0.0},"authorDisplayNameMap":{"AppDevIn":"CS2103-F12-3 JEYA..NIAM","orbitalsqwib":"CS2103-F12-3 LONG..GENE","niyniy123":"CS2103-F12-3 TAN .. YIN","lhurr":"CS2103-F12-3 LIM .. HUR","hwennnn":"CS2103-F12-3 WAI .. MAN"}}
