{"authorDailyContributionsMap":{"Joulenergy":[],"ferroklaser":[{"date":"2025-10-31T00:00:00","commitResults":[{"hash":"31079368873982b81b1b4a464ee74e670c341d33","isMergeCommit":false,"messageTitle":"Edit StorageManagerTest","messageBody":"","fileTypesAndContributionMap":{"test-code":{"insertions":40,"deletions":77}}},{"hash":"cae4bd6ea63c270ad35d9d800564df2e7a66e91b","isMergeCommit":false,"messageTitle":"Update tests for JsonSerializableClubBook","messageBody":"","fileTypesAndContributionMap":{"test-code":{"insertions":52,"deletions":180}}},{"hash":"c3ab5fa197f65f72603cfd0154abccc5b3d859d2","isMergeCommit":false,"messageTitle":"Update for checkstyle","messageBody":"","fileTypesAndContributionMap":{"test-code":{"insertions":28,"deletions":11}}},{"hash":"5360d86880c72cef86e0254917708a65242c68e5","isMergeCommit":true,"messageTitle":"Merge branch \u0027master\u0027 into event-command-test","messageBody":"","fileTypesAndContributionMap":{}},{"hash":"2f9dbb7321cf776b1bb3e7364752010b909297f4","isMergeCommit":false,"messageTitle":"Remove trailing whitespaces","messageBody":"","fileTypesAndContributionMap":{"docs":{"insertions":50,"deletions":50}}},{"hash":"a342c88af7551a017286114ca42c71cd45475a1b","isMergeCommit":false,"messageTitle":"Fix use case","messageBody":"","fileTypesAndContributionMap":{"docs":{"insertions":1,"deletions":1}}},{"hash":"608cee229032928e843deca6629a9ba9eb18508a","isMergeCommit":false,"messageTitle":"Add DisplayEventCommandParser test","messageBody":"","fileTypesAndContributionMap":{"functional-code":{"insertions":2,"deletions":1},"test-code":{"insertions":60,"deletions":31}}},{"hash":"2c192b385a69e26b578e8b36b27587e8085112f6","isMergeCommit":false,"messageTitle":"Update UnassignEventCommandTest","messageBody":"","fileTypesAndContributionMap":{"test-code":{"insertions":8,"deletions":2}}},{"hash":"4c97a8172f38bf1eab64086787335e6af25d81ee","isMergeCommit":false,"messageTitle":"Update for checkstyle","messageBody":"","fileTypesAndContributionMap":{"test-code":{"insertions":0,"deletions":1}}}]}],"hongxun03":[{"date":"2025-10-31T00:00:00","commitResults":[{"hash":"d36b9f630cc619880b187ce85eea6bc8d12a0dc0","isMergeCommit":true,"messageTitle":"Merge pull request #264 from ferroklaser/event-command-test","messageBody":"Refactor TypicalEvents and TypicalEventsWithEventRoles to TypicalClubBook","fileTypesAndContributionMap":{}}]}],"rongkangw":[],"JasonChang419":[]},"authorFileTypeContributionMap":{"Joulenergy":{"docs":0,"functional-code":0,"test-code":0},"ferroklaser":{"docs":1,"functional-code":2,"test-code":141},"hongxun03":{"docs":0,"functional-code":0,"test-code":0},"rongkangw":{"docs":0,"functional-code":0,"test-code":0},"JasonChang419":{"docs":0,"functional-code":0,"test-code":0}},"authorContributionVariance":{"Joulenergy":0.0,"ferroklaser":354025.0,"hongxun03":0.0,"rongkangw":0.0,"JasonChang419":0.0},"authorDisplayNameMap":{"Joulenergy":"CS2103T-T11-3 HUAN..LENE","ferroklaser":"CS2103T-T11-3 WIN ..G OO","hongxun03":"CS2103T-T11-3 WONG.. XUN","rongkangw":"CS2103T-T11-3 WONG..KANG","JasonChang419":"CS2103T-T11-3 JASO..HANG"}}
