{"authorDailyContributionsMap":{"Joulenergy":[],"ferroklaser":[],"hongxun03":[],"rongkangw":[],"JasonChang419":[]},"authorFileTypeContributionMap":{"Joulenergy":{"docs":0,"functional-code":0,"test-code":0},"ferroklaser":{"docs":0,"functional-code":0,"test-code":0},"hongxun03":{"docs":0,"functional-code":0,"test-code":0},"rongkangw":{"docs":0,"functional-code":0,"test-code":0},"JasonChang419":{"docs":0,"functional-code":0,"test-code":0}},"authorContributionVariance":{"Joulenergy":0.0,"ferroklaser":0.0,"hongxun03":0.0,"rongkangw":0.0,"JasonChang419":0.0},"authorDisplayNameMap":{"Joulenergy":"CS2103T-T11-3 HUAN..LENE","ferroklaser":"CS2103T-T11-3 WIN ..G OO","hongxun03":"CS2103T-T11-3 WONG.. XUN","rongkangw":"CS2103T-T11-3 WONG..KANG","JasonChang419":"CS2103T-T11-3 JASO..HANG"}}
