[{"path":"docs/UserGuide.md","fileType":"docs","lines":[{"lineNumber":1,"author":{"gitId":"-"},"content":"layout: default.md","lastModifiedDate":"2023-09-12T01:20:47","isFullCredit":false},{"lineNumber":2,"author":{"gitId":"-"},"content":"title: \"User Guide\"","lastModifiedDate":"2023-09-12T01:20:47","isFullCredit":false},{"lineNumber":3,"author":{"gitId":"-"},"content":"pageNav: 3","lastModifiedDate":"2023-09-12T01:20:47","isFullCredit":false},{"lineNumber":4,"author":{"gitId":"-"},"content":"---","lastModifiedDate":"2020-05-23T01:10:16","isFullCredit":false},{"lineNumber":5,"author":{"gitId":"-"},"content":"","lastModifiedDate":"2020-05-23T01:10:16","isFullCredit":false},{"lineNumber":6,"author":{"gitId":"-"},"content":"# Loopin User Guide","lastModifiedDate":"2025-10-22T23:54:32","isFullCredit":false},{"lineNumber":7,"author":{"gitId":"-"},"content":"","lastModifiedDate":"2020-05-23T01:10:16","isFullCredit":false},{"lineNumber":8,"author":{"gitId":"-"},"content":"Loopin is a desktop app that helps project leaders **track team members, organisation partners, volunteers, and project updates** in one place. It is designed for project leads and coordinators, and friendly for first-time users via a CLI (only typing required) interface.","lastModifiedDate":"2025-10-22T23:54:32","isFullCredit":false},{"lineNumber":9,"author":{"gitId":"-"},"content":"","lastModifiedDate":"2023-09-12T01:20:47","isFullCredit":false},{"lineNumber":10,"author":{"gitId":"-"},"content":"--------------------------------------------------------------------------------------------------------------------","lastModifiedDate":"2020-05-23T01:10:16","isFullCredit":false},{"lineNumber":11,"author":{"gitId":"-"},"content":"","lastModifiedDate":"2020-05-23T01:10:16","isFullCredit":false},{"lineNumber":12,"author":{"gitId":"Dominique-DP9"},"content":"## Command Summary","lastModifiedDate":"2025-10-31T11:54:29","isFullCredit":false},{"lineNumber":13,"author":{"gitId":"-"},"content":"","lastModifiedDate":"2025-10-23T00:24:44","isFullCredit":false},{"lineNumber":14,"author":{"gitId":"-"},"content":"Action | Format, Examples","lastModifiedDate":"2025-10-23T00:24:44","isFullCredit":false},{"lineNumber":15,"author":{"gitId":"Dominique-DP9"},"content":"---|---","lastModifiedDate":"2025-10-31T11:54:29","isFullCredit":false},{"lineNumber":16,"author":{"gitId":"Dominique-DP9"},"content":"[**Add volunteer**](#addv--addt--addo-adding-a-person-volunteer-teammember-organisationmember) | `addv n/NAME [p/PHONE] e/EMAIL [t/TELEGRAM]` \u003cbr\u003e e.g., `addv n/James Ho p/22224444 e/jamesho@example.com t/jamesho123`","lastModifiedDate":"2025-10-31T11:54:29","isFullCredit":false},{"lineNumber":17,"author":{"gitId":"Dominique-DP9"},"content":"[**Add team member**](#addv--addt--addo-adding-a-person-volunteer-teammember-organisationmember) | `addt n/NAME c/COMMITTEE [p/PHONE] e/EMAIL [t/TELEGRAM]` \u003cbr\u003e e.g. `addt n/Sarah Ng c/Logistics p/12345678 e/sarahng@example.com t/sarahlogistics`","lastModifiedDate":"2025-10-31T11:54:29","isFullCredit":false},{"lineNumber":18,"author":{"gitId":"Dominique-DP9"},"content":"[**Add organisation member**](#addv--addt--addo-adding-a-person-volunteer-teammember-organisationmember) | `addo n/NAME o/ORGANISATION [p/PHONE] e/EMAIL [t/TELEGRAM]` \u003cbr\u003e e.g. `addo n/Timothy Lee o/Example Company p/98371896 e/partner@example.com t/timlee`","lastModifiedDate":"2025-10-31T11:54:29","isFullCredit":false},{"lineNumber":19,"author":{"gitId":"Dominique-DP9"},"content":"[**Clear**](#clear-clearing-all-entries) | `clear`","lastModifiedDate":"2025-10-31T11:54:29","isFullCredit":false},{"lineNumber":20,"author":{"gitId":"Dominique-DP9"},"content":"[**Delete**](#delete-deleting-a-person) | `delete INDEX`\u003cbr\u003e e.g., `delete 3`","lastModifiedDate":"2025-10-31T11:54:29","isFullCredit":false},{"lineNumber":21,"author":{"gitId":"Dominique-DP9"},"content":"[**Edit**](#edit-editing-a-person) | `edit INDEX [n/NAME] [p/PHONE] [e/EMAIL] [t/TELEGRAM]`\u003cbr\u003e e.g.,`edit 2 n/James Lee e/jameslee@example.com t/jameslee123`","lastModifiedDate":"2025-10-31T11:54:29","isFullCredit":false},{"lineNumber":22,"author":{"gitId":"Dominique-DP9"},"content":"[**Remark**](#remark-adding-a-remark) | `remark INDEX u/UPDATE` \u003cbr\u003e e.g. `remark 2 u/add to shared drive`","lastModifiedDate":"2025-10-31T11:54:29","isFullCredit":false},{"lineNumber":23,"author":{"gitId":"Dominique-DP9"},"content":"[**Resolve**](#resolve-resolving-a-remark) | `resolve PERSON_INDEX REMARK_INDEX ` \u003cbr\u003e e.g. `resolve 2 1`","lastModifiedDate":"2025-10-31T11:54:29","isFullCredit":false},{"lineNumber":24,"author":{"gitId":"Dominique-DP9"},"content":"[**Find**](#find-finding-persons) | `find KEYWORD [MORE_KEYWORDS]`\u003cbr\u003e e.g., `find James Jake`","lastModifiedDate":"2025-10-31T11:54:29","isFullCredit":false},{"lineNumber":25,"author":{"gitId":"Dominique-DP9"},"content":"[**List**](#list-listing-all-persons) | `list`","lastModifiedDate":"2025-10-31T11:54:29","isFullCredit":false},{"lineNumber":26,"author":{"gitId":"Dominique-DP9"},"content":"[**Add project**](#project-add-adding-a-project) | `project add n/NAME d/DESCRIPTION` \u003cbr\u003e e.g., `project add n/Beach Cleanup d/Beach cleaning at Siloso Beach`","lastModifiedDate":"2025-10-31T11:54:29","isFullCredit":false},{"lineNumber":27,"author":{"gitId":"Dominique-DP9"},"content":"[**List projects**](#project-list-listing-all-projects) | `project list`","lastModifiedDate":"2025-10-31T11:54:29","isFullCredit":false},{"lineNumber":28,"author":{"gitId":"Dominique-DP9"},"content":"[**View project**](#project-view-viewing-a-project) | `project view project/PROJECTNAME` \u003cbr\u003e e.g., `project view project/Beach Cleanup`","lastModifiedDate":"2025-10-31T11:54:29","isFullCredit":false},{"lineNumber":29,"author":{"gitId":"Dominique-DP9"},"content":"[**Delete project**](#project-delete-deleting-a-project) | `project delete project/PROJECTNAME` \u003cbr\u003e e.g., `project delete project/Fundraising Drive`","lastModifiedDate":"2025-10-31T11:54:29","isFullCredit":false},{"lineNumber":30,"author":{"gitId":"Dominique-DP9"},"content":"[**Assign person to project**](#project-assign-assigning-a-person-to-a-project) | `project assign INDEX project/PROJECTNAME` \u003cbr\u003e `project assign n/NAME project/PROJECTNAME` \u003cbr\u003e e.g., `project assign 3 project/Artshow`","lastModifiedDate":"2025-10-31T11:54:29","isFullCredit":false},{"lineNumber":31,"author":{"gitId":"Dominique-DP9"},"content":"[**Remove person from project**](#project-remove-removing-a-person-from-a-project) | `project remove INDEX project/PROJECTNAME` \u003cbr\u003e `project remove n/NAME project/PROJECTNAME` \u003cbr\u003e e.g., `project remove 4 project/Wellbeing`","lastModifiedDate":"2025-10-31T11:54:29","isFullCredit":false},{"lineNumber":32,"author":{"gitId":"Dominique-DP9"},"content":"[**Help**](#help-viewing-help) | `help`","lastModifiedDate":"2025-10-31T11:54:29","isFullCredit":false},{"lineNumber":33,"author":{"gitId":"Dominique-DP9"},"content":"[**Exit**](#exit-exiting-the-program) | `exit`","lastModifiedDate":"2025-10-31T11:54:29","isFullCredit":false},{"lineNumber":34,"author":{"gitId":"Dominique-DP9"},"content":"","lastModifiedDate":"2025-10-31T11:54:29","isFullCredit":false},{"lineNumber":35,"author":{"gitId":"-"},"content":"\u003cpage-nav-print /\u003e","lastModifiedDate":"2025-10-31T11:54:29","isFullCredit":false},{"lineNumber":36,"author":{"gitId":"-"},"content":"","lastModifiedDate":"2025-10-23T00:24:44","isFullCredit":false},{"lineNumber":37,"author":{"gitId":"-"},"content":"--------------------------------------------------------------------------------------------------------------------","lastModifiedDate":"2025-10-23T00:24:44","isFullCredit":false},{"lineNumber":38,"author":{"gitId":"-"},"content":"","lastModifiedDate":"2025-10-23T00:24:44","isFullCredit":false},{"lineNumber":39,"author":{"gitId":"Dominique-DP9"},"content":"## Getting Started","lastModifiedDate":"2025-10-31T11:54:29","isFullCredit":false},{"lineNumber":40,"author":{"gitId":"-"},"content":"","lastModifiedDate":"2025-10-31T00:26:28","isFullCredit":false},{"lineNumber":41,"author":{"gitId":"Dominique-DP9"},"content":"### 1. Installation","lastModifiedDate":"2025-10-31T11:54:29","isFullCredit":false},{"lineNumber":42,"author":{"gitId":"-"},"content":"","lastModifiedDate":"2020-05-23T01:10:16","isFullCredit":false},{"lineNumber":43,"author":{"gitId":"-"},"content":"1.  Ensure you have Java `17` or above installed in your Computer.\u003cbr\u003e","lastModifiedDate":"2025-01-25T13:19:25","isFullCredit":false},{"lineNumber":44,"author":{"gitId":"-"},"content":"    **Mac users:** Ensure you have the precise JDK version prescribed [here](https://se-education.org/guides/tutorials/javaInstallationMac.html).","lastModifiedDate":"2025-01-25T13:19:25","isFullCredit":false},{"lineNumber":45,"author":{"gitId":"-"},"content":"","lastModifiedDate":"2020-05-23T01:10:16","isFullCredit":false},{"lineNumber":46,"author":{"gitId":"Dominique-DP9"},"content":"2.  Download the latest `.jar` file from our GitHub page.","lastModifiedDate":"2025-10-31T11:54:29","isFullCredit":false},{"lineNumber":47,"author":{"gitId":"-"},"content":"","lastModifiedDate":"2025-10-31T11:54:29","isFullCredit":false},{"lineNumber":48,"author":{"gitId":"Dominique-DP9"},"content":"3.  Copy the file to the folder you want to use as the *home folder* for your ProjectBook.","lastModifiedDate":"2025-10-31T11:54:29","isFullCredit":false},{"lineNumber":49,"author":{"gitId":"-"},"content":"","lastModifiedDate":"2020-05-23T01:10:16","isFullCredit":false},{"lineNumber":50,"author":{"gitId":"Dominique-DP9"},"content":"4.  Open a command terminal, `cd` into the folder you put the jar file in, and use the `java -jar projectBook.jar` command to run the application.\u003cbr\u003e","lastModifiedDate":"2025-10-31T11:54:29","isFullCredit":false},{"lineNumber":51,"author":{"gitId":"Dominique-DP9"},"content":"    A GUI similar to the below should appear in a few seconds. Note how the app contains some sample data.","lastModifiedDate":"2025-10-31T11:54:29","isFullCredit":false},{"lineNumber":52,"author":{"gitId":"-"},"content":"","lastModifiedDate":"2020-05-23T01:10:16","isFullCredit":false},{"lineNumber":53,"author":{"gitId":"-"},"content":"    ![Ui](images/Ui.png)","lastModifiedDate":"2020-05-23T01:10:16","isFullCredit":false},{"lineNumber":54,"author":{"gitId":"-"},"content":"","lastModifiedDate":"2020-05-23T01:10:16","isFullCredit":false},{"lineNumber":55,"author":{"gitId":"Dominique-DP9"},"content":"### 2. Your First Commands (A Quick Tutorial)","lastModifiedDate":"2025-10-31T11:54:29","isFullCredit":false},{"lineNumber":56,"author":{"gitId":"-"},"content":"","lastModifiedDate":"2025-10-22T23:54:32","isFullCredit":false},{"lineNumber":57,"author":{"gitId":"Dominique-DP9"},"content":"1.  Type commands into the command box and press Enter to execute them. For example, typing **`help`** and pressing Enter will open the help window.","lastModifiedDate":"2025-10-31T11:54:29","isFullCredit":false},{"lineNumber":58,"author":{"gitId":"-"},"content":"","lastModifiedDate":"2025-10-22T23:54:32","isFullCredit":false},{"lineNumber":59,"author":{"gitId":"Dominique-DP9"},"content":"2.  The app starts with sample data. Let\u0027s clear it by typing **`clear`** and pressing Enter.","lastModifiedDate":"2025-10-31T11:54:29","isFullCredit":false},{"lineNumber":60,"author":{"gitId":"-"},"content":"","lastModifiedDate":"2020-05-23T01:10:16","isFullCredit":false},{"lineNumber":61,"author":{"gitId":"Dominique-DP9"},"content":"3.  Now, let\u0027s add your first volunteer. Type:","lastModifiedDate":"2025-10-31T11:54:29","isFullCredit":false},{"lineNumber":62,"author":{"gitId":"Dominique-DP9"},"content":"    `addv n/John Doe p/98765432 e/johnd@example.com`","lastModifiedDate":"2025-10-31T11:54:29","isFullCredit":false},{"lineNumber":63,"author":{"gitId":"-"},"content":"","lastModifiedDate":"2020-05-23T01:10:16","isFullCredit":false},{"lineNumber":64,"author":{"gitId":"Dominique-DP9"},"content":"4.  Next, create a project for John to be a part of. Type:","lastModifiedDate":"2025-10-31T11:54:29","isFullCredit":false},{"lineNumber":65,"author":{"gitId":"Dominique-DP9"},"content":"    `project add n/Beach Cleanup d/Weekly cleanup at Siloso Beach`","lastModifiedDate":"2025-10-31T11:54:29","isFullCredit":false},{"lineNumber":66,"author":{"gitId":"-"},"content":"","lastModifiedDate":"2020-05-23T01:10:16","isFullCredit":false},{"lineNumber":67,"author":{"gitId":"Dominique-DP9"},"content":"5.  You should see John as Item 1 in the person list. Let\u0027s assign him to your new project. Type:","lastModifiedDate":"2025-10-31T11:54:29","isFullCredit":false},{"lineNumber":68,"author":{"gitId":"Dominique-DP9"},"content":"    `project assign 1 project/Beach Cleanup`","lastModifiedDate":"2025-10-31T11:54:29","isFullCredit":false},{"lineNumber":69,"author":{"gitId":"-"},"content":"","lastModifiedDate":"2025-10-31T11:54:29","isFullCredit":false},{"lineNumber":70,"author":{"gitId":"Dominique-DP9"},"content":"6.  To see a summary of the project and who\u0027s in it, type:","lastModifiedDate":"2025-10-31T11:54:29","isFullCredit":false},{"lineNumber":71,"author":{"gitId":"Dominique-DP9"},"content":"    `project view project/Beach Cleanup`","lastModifiedDate":"2025-10-31T11:54:29","isFullCredit":false},{"lineNumber":72,"author":{"gitId":"-"},"content":"","lastModifiedDate":"2020-05-23T01:10:16","isFullCredit":false},{"lineNumber":73,"author":{"gitId":"Dominique-DP9"},"content":"7.  To see all contacts in your book, type `list`.","lastModifiedDate":"2025-10-31T11:54:29","isFullCredit":false},{"lineNumber":74,"author":{"gitId":"-"},"content":"","lastModifiedDate":"2020-05-23T01:10:16","isFullCredit":false},{"lineNumber":75,"author":{"gitId":"Dominique-DP9"},"content":"8.  To exit the app, type `exit`.","lastModifiedDate":"2025-10-31T11:54:29","isFullCredit":false},{"lineNumber":76,"author":{"gitId":"-"},"content":"","lastModifiedDate":"2025-10-31T11:54:29","isFullCredit":false},{"lineNumber":77,"author":{"gitId":"Dominique-DP9"},"content":"Refer to the [Features](#features) below for details of each command.","lastModifiedDate":"2025-10-31T11:54:29","isFullCredit":false},{"lineNumber":78,"author":{"gitId":"-"},"content":"","lastModifiedDate":"2020-05-23T01:10:16","isFullCredit":false},{"lineNumber":79,"author":{"gitId":"-"},"content":"--------------------------------------------------------------------------------------------------------------------","lastModifiedDate":"2020-05-23T01:10:16","isFullCredit":false},{"lineNumber":80,"author":{"gitId":"-"},"content":"","lastModifiedDate":"2020-05-23T01:10:16","isFullCredit":false},{"lineNumber":81,"author":{"gitId":"-"},"content":"## Features","lastModifiedDate":"2020-05-23T01:10:16","isFullCredit":false},{"lineNumber":82,"author":{"gitId":"-"},"content":"","lastModifiedDate":"2020-05-23T01:10:16","isFullCredit":false},{"lineNumber":83,"author":{"gitId":"-"},"content":"\u003cbox type\u003d\"info\" seamless\u003e","lastModifiedDate":"2023-09-12T01:20:47","isFullCredit":false},{"lineNumber":84,"author":{"gitId":"-"},"content":"","lastModifiedDate":"2020-05-23T01:10:16","isFullCredit":false},{"lineNumber":85,"author":{"gitId":"-"},"content":"**Notes about the command format:**\u003cbr\u003e","lastModifiedDate":"2023-09-12T01:20:47","isFullCredit":false},{"lineNumber":86,"author":{"gitId":"-"},"content":"","lastModifiedDate":"2020-05-23T01:10:16","isFullCredit":false},{"lineNumber":87,"author":{"gitId":"-"},"content":"* Words in `UPPER_CASE` are the parameters to be supplied by the user.\u003cbr\u003e","lastModifiedDate":"2020-05-23T01:10:16","isFullCredit":false},{"lineNumber":88,"author":{"gitId":"Dominique-DP9"},"content":"  e.g. in `addv n/NAME`, `NAME` is a parameter which can be used as `addv n/John Doe`.","lastModifiedDate":"2025-10-31T11:54:29","isFullCredit":false},{"lineNumber":89,"author":{"gitId":"-"},"content":"","lastModifiedDate":"2020-05-23T01:10:16","isFullCredit":false},{"lineNumber":90,"author":{"gitId":"Dominique-DP9"},"content":"* Items in square brackets `[]` are optional.\u003cbr\u003e","lastModifiedDate":"2025-10-31T11:54:29","isFullCredit":false},{"lineNumber":91,"author":{"gitId":"-"},"content":"  e.g `n/NAME [p/PHONE]` can be used as `n/John Doe p/98613698` or as `n/John Doe`.","lastModifiedDate":"2025-10-22T23:54:32","isFullCredit":false},{"lineNumber":92,"author":{"gitId":"-"},"content":"","lastModifiedDate":"2025-10-22T23:54:32","isFullCredit":false},{"lineNumber":93,"author":{"gitId":"-"},"content":"* `INDEX` refers to the index number shown in the displayed person list. The index must be a positive integer e.g., `1`, `2`, `3`...","lastModifiedDate":"2025-10-22T23:54:32","isFullCredit":false},{"lineNumber":94,"author":{"gitId":"-"},"content":"","lastModifiedDate":"2020-05-23T01:10:16","isFullCredit":false},{"lineNumber":95,"author":{"gitId":"Dominique-DP9"},"content":"* Items with `…` after them can be used multiple times including zero times.\u003cbr\u003e","lastModifiedDate":"2025-10-31T11:54:29","isFullCredit":false},{"lineNumber":96,"author":{"gitId":"Dominique-DP9"},"content":"  e.g. `[u/UPDATE]…` can be used as ` ` (i.e. 0 times), `u/add to group chat`, `u/register in portal` etc.","lastModifiedDate":"2025-10-31T11:54:29","isFullCredit":false},{"lineNumber":97,"author":{"gitId":"-"},"content":"","lastModifiedDate":"2020-05-23T01:10:16","isFullCredit":false},{"lineNumber":98,"author":{"gitId":"-"},"content":"* Parameters can be in any order.\u003cbr\u003e","lastModifiedDate":"2020-05-23T01:10:16","isFullCredit":false},{"lineNumber":99,"author":{"gitId":"-"},"content":"  e.g. if the command specifies `n/NAME p/PHONE`, `p/PHONE n/NAME` is also acceptable.","lastModifiedDate":"2025-10-22T23:54:32","isFullCredit":false},{"lineNumber":100,"author":{"gitId":"-"},"content":"","lastModifiedDate":"2020-05-23T01:10:16","isFullCredit":false},{"lineNumber":101,"author":{"gitId":"-"},"content":"* Extraneous parameters for commands that do not take in parameters (such as `help`, `list`, `exit` and `clear`) will be ignored.\u003cbr\u003e","lastModifiedDate":"2021-02-03T23:17:00","isFullCredit":false},{"lineNumber":102,"author":{"gitId":"-"},"content":"  e.g. if the command specifies `help 123`, it will be interpreted as `help`.","lastModifiedDate":"2021-02-03T23:17:00","isFullCredit":false},{"lineNumber":103,"author":{"gitId":"-"},"content":"","lastModifiedDate":"2021-02-03T23:17:00","isFullCredit":false},{"lineNumber":104,"author":{"gitId":"-"},"content":"* If you are using a PDF version of this document, be careful when copying and pasting commands that span multiple lines as space characters surrounding line-breaks may be omitted when copied over to the application.","lastModifiedDate":"2023-06-26T21:09:58","isFullCredit":false},{"lineNumber":105,"author":{"gitId":"-"},"content":"","lastModifiedDate":"2025-10-22T23:54:32","isFullCredit":false},{"lineNumber":106,"author":{"gitId":"-"},"content":"\u003c/box\u003e","lastModifiedDate":"2023-09-12T01:20:47","isFullCredit":false},{"lineNumber":107,"author":{"gitId":"-"},"content":"","lastModifiedDate":"2020-05-23T01:10:16","isFullCredit":false},{"lineNumber":108,"author":{"gitId":"Dominique-DP9"},"content":"\u003cbox type\u003d\"tip\" seamless\u003e","lastModifiedDate":"2025-10-31T11:54:29","isFullCredit":false},{"lineNumber":109,"author":{"gitId":"-"},"content":"","lastModifiedDate":"2025-10-31T11:54:29","isFullCredit":false},{"lineNumber":110,"author":{"gitId":"Dominique-DP9"},"content":"**Pro Tip: Command Chaining**","lastModifiedDate":"2025-10-31T11:54:29","isFullCredit":false},{"lineNumber":111,"author":{"gitId":"-"},"content":"","lastModifiedDate":"2025-10-31T11:54:29","isFullCredit":false},{"lineNumber":112,"author":{"gitId":"Dominique-DP9"},"content":"The `INDEX` for commands like `edit` or `delete` refers to the *currently displayed list*.","lastModifiedDate":"2025-10-31T11:54:29","isFullCredit":false},{"lineNumber":113,"author":{"gitId":"-"},"content":"","lastModifiedDate":"2025-10-31T11:54:29","isFullCredit":false},{"lineNumber":114,"author":{"gitId":"Dominique-DP9"},"content":"This means you can \"chain\" commands. For example:","lastModifiedDate":"2025-10-31T11:54:29","isFullCredit":false},{"lineNumber":115,"author":{"gitId":"Dominique-DP9"},"content":"1.  Use `find Alex` to show only people named Alex.","lastModifiedDate":"2025-10-31T11:54:29","isFullCredit":false},{"lineNumber":116,"author":{"gitId":"Dominique-DP9"},"content":"2.  The list might show two people: `1. Alex Yeoh` and `2. Alexandra Tan`.","lastModifiedDate":"2025-10-31T11:54:29","isFullCredit":false},{"lineNumber":117,"author":{"gitId":"Dominique-DP9"},"content":"3.  You can then use `delete 1` to delete **Alex Yeoh**, who is the 1st person *in that filtered list*.","lastModifiedDate":"2025-10-31T11:54:29","isFullCredit":false},{"lineNumber":118,"author":{"gitId":"-"},"content":"","lastModifiedDate":"2025-10-31T11:54:29","isFullCredit":false},{"lineNumber":119,"author":{"gitId":"Dominique-DP9"},"content":"\u003c/box\u003e","lastModifiedDate":"2025-10-31T11:54:29","isFullCredit":false},{"lineNumber":120,"author":{"gitId":"-"},"content":"","lastModifiedDate":"2025-10-31T08:08:59","isFullCredit":false},{"lineNumber":121,"author":{"gitId":"Dominique-DP9"},"content":"### `help`: Viewing help","lastModifiedDate":"2025-10-31T11:54:29","isFullCredit":false},{"lineNumber":122,"author":{"gitId":"-"},"content":"","lastModifiedDate":"2020-05-23T01:10:16","isFullCredit":false},{"lineNumber":123,"author":{"gitId":"Dominique-DP9"},"content":"Shows a message explaining how to access the help page. The link will bring you to a condensed cheatsheet of commands for your future reference!","lastModifiedDate":"2025-10-31T11:54:29","isFullCredit":false},{"lineNumber":124,"author":{"gitId":"-"},"content":"","lastModifiedDate":"2020-05-23T01:10:16","isFullCredit":false},{"lineNumber":125,"author":{"gitId":"-"},"content":"![help message](images/helpMessage.png)","lastModifiedDate":"2020-05-23T01:10:16","isFullCredit":false},{"lineNumber":126,"author":{"gitId":"-"},"content":"","lastModifiedDate":"2020-05-23T01:10:16","isFullCredit":false},{"lineNumber":127,"author":{"gitId":"-"},"content":"Format: `help`","lastModifiedDate":"2020-05-23T01:10:16","isFullCredit":false},{"lineNumber":128,"author":{"gitId":"-"},"content":"","lastModifiedDate":"2020-05-23T01:10:16","isFullCredit":false},{"lineNumber":129,"author":{"gitId":"Dominique-DP9"},"content":"---","lastModifiedDate":"2025-10-31T11:54:29","isFullCredit":false},{"lineNumber":130,"author":{"gitId":"Dominique-DP9"},"content":"### `addv` / `addt` / `addo`: Adding a Person (Volunteer, TeamMember, OrganisationMember)","lastModifiedDate":"2025-10-31T11:54:29","isFullCredit":false},{"lineNumber":131,"author":{"gitId":"-"},"content":"","lastModifiedDate":"2020-05-23T01:10:16","isFullCredit":false},{"lineNumber":132,"author":{"gitId":"Dominique-DP9"},"content":"Adds a person of a specific role to the project book. There are 3 roles a person can play: volunteer, committee member, and organisation contact.","lastModifiedDate":"2025-10-31T11:54:29","isFullCredit":false},{"lineNumber":133,"author":{"gitId":"-"},"content":"","lastModifiedDate":"2020-05-23T01:10:16","isFullCredit":false},{"lineNumber":134,"author":{"gitId":"-"},"content":"Feature | Command word | Command format | Example","lastModifiedDate":"2025-10-23T00:42:17","isFullCredit":false},{"lineNumber":135,"author":{"gitId":"Dominique-DP9"},"content":"---|---|---|---","lastModifiedDate":"2025-10-31T11:54:29","isFullCredit":false},{"lineNumber":136,"author":{"gitId":"-"},"content":"Add a volunteer | `addv` | `addv n/NAME [p/PHONE] e/EMAIL [t/TELEGRAM]` | `addv n/James Ho p/22224444 e/jamesho@example.com t/jamesho123`","lastModifiedDate":"2025-10-31T05:59:08","isFullCredit":false},{"lineNumber":137,"author":{"gitId":"-"},"content":"Add a team member | `addt` | `addt n/NAME c/COMMITTEE [p/PHONE] e/EMAIL [t/TELEGRAM]` | `addt n/Sarah Ng c/Logistics p/12345678 e/sarahng@example.com t/sarah_ng`","lastModifiedDate":"2025-10-31T05:59:08","isFullCredit":false},{"lineNumber":138,"author":{"gitId":"-"},"content":"Add an organisation member | `addo` | `addo n/NAME o/ORGANISATION [p/PHONE] e/EMAIL [t/TELEGRAM]` | `addo n/Timothy Lee o/Example Company p/98371896 e/partner@example.com t/timlee`","lastModifiedDate":"2025-10-31T05:59:08","isFullCredit":false},{"lineNumber":139,"author":{"gitId":"-"},"content":"","lastModifiedDate":"2020-05-23T01:10:16","isFullCredit":false},{"lineNumber":140,"author":{"gitId":"Dominique-DP9"},"content":"![img.png](img.png)","lastModifiedDate":"2025-10-31T11:54:29","isFullCredit":false},{"lineNumber":141,"author":{"gitId":"-"},"content":"","lastModifiedDate":"2020-05-23T01:10:16","isFullCredit":false},{"lineNumber":142,"author":{"gitId":"Dominique-DP9"},"content":"---","lastModifiedDate":"2025-10-31T11:54:29","isFullCredit":false},{"lineNumber":143,"author":{"gitId":"Dominique-DP9"},"content":"### `remark`: Adding a Remark","lastModifiedDate":"2025-10-31T11:54:29","isFullCredit":false},{"lineNumber":144,"author":{"gitId":"-"},"content":"","lastModifiedDate":"2025-10-31T07:32:22","isFullCredit":false},{"lineNumber":145,"author":{"gitId":"Dominique-DP9"},"content":"Adds a remark to a person. Remarks are used as a \"to-do\" list or reminder to liaise with a person about a certain update.","lastModifiedDate":"2025-10-31T11:54:29","isFullCredit":false},{"lineNumber":146,"author":{"gitId":"-"},"content":"","lastModifiedDate":"2025-10-31T07:32:22","isFullCredit":false},{"lineNumber":147,"author":{"gitId":"-"},"content":"Format: `remark INDEX u/UPDATE`","lastModifiedDate":"2025-10-31T07:32:22","isFullCredit":false},{"lineNumber":148,"author":{"gitId":"-"},"content":"","lastModifiedDate":"2025-10-31T07:32:22","isFullCredit":false},{"lineNumber":149,"author":{"gitId":"Dominique-DP9"},"content":"Example: `remark 2 u/add to shared drive`","lastModifiedDate":"2025-10-31T11:54:29","isFullCredit":false},{"lineNumber":150,"author":{"gitId":"-"},"content":"","lastModifiedDate":"2025-10-31T07:32:22","isFullCredit":false},{"lineNumber":151,"author":{"gitId":"Dominique-DP9"},"content":"---","lastModifiedDate":"2025-10-31T11:54:29","isFullCredit":false},{"lineNumber":152,"author":{"gitId":"Dominique-DP9"},"content":"### `resolve`: Resolving a Remark","lastModifiedDate":"2025-10-31T11:54:29","isFullCredit":false},{"lineNumber":153,"author":{"gitId":"-"},"content":"","lastModifiedDate":"2025-10-31T07:32:22","isFullCredit":false},{"lineNumber":154,"author":{"gitId":"Dominique-DP9"},"content":"Removes a remark from a person after the task is done. After having updated the person, the reminder is no longer needed.","lastModifiedDate":"2025-10-31T11:54:29","isFullCredit":false},{"lineNumber":155,"author":{"gitId":"-"},"content":"","lastModifiedDate":"2025-10-31T07:32:22","isFullCredit":false},{"lineNumber":156,"author":{"gitId":"Dominique-DP9"},"content":"Format: `resolve PERSON_INDEX REMARK_INDEX`","lastModifiedDate":"2025-10-31T11:54:29","isFullCredit":false},{"lineNumber":157,"author":{"gitId":"-"},"content":"","lastModifiedDate":"2025-10-31T07:32:22","isFullCredit":false},{"lineNumber":158,"author":{"gitId":"Dominique-DP9"},"content":"Example: `resolve 2 1` (Removes the 1st remark from the 2nd person)","lastModifiedDate":"2025-10-31T11:54:29","isFullCredit":false},{"lineNumber":159,"author":{"gitId":"-"},"content":"","lastModifiedDate":"2025-10-31T07:32:22","isFullCredit":false},{"lineNumber":160,"author":{"gitId":"Dominique-DP9"},"content":"---","lastModifiedDate":"2025-10-31T11:54:29","isFullCredit":false},{"lineNumber":161,"author":{"gitId":"Dominique-DP9"},"content":"### `list`: Listing All Persons","lastModifiedDate":"2025-10-31T11:54:29","isFullCredit":false},{"lineNumber":162,"author":{"gitId":"-"},"content":"","lastModifiedDate":"2020-05-23T01:10:16","isFullCredit":false},{"lineNumber":163,"author":{"gitId":"Dominique-DP9"},"content":"Shows a list of all persons in the project book.","lastModifiedDate":"2025-10-31T11:54:29","isFullCredit":false},{"lineNumber":164,"author":{"gitId":"-"},"content":"","lastModifiedDate":"2020-05-23T01:10:16","isFullCredit":false},{"lineNumber":165,"author":{"gitId":"-"},"content":"Format: `list`","lastModifiedDate":"2020-05-23T01:10:16","isFullCredit":false},{"lineNumber":166,"author":{"gitId":"-"},"content":"","lastModifiedDate":"2020-05-23T01:10:16","isFullCredit":false},{"lineNumber":167,"author":{"gitId":"Dominique-DP9"},"content":"---","lastModifiedDate":"2025-10-31T11:54:29","isFullCredit":false},{"lineNumber":168,"author":{"gitId":"Dominique-DP9"},"content":"### `edit`: Editing a Person","lastModifiedDate":"2025-10-31T11:54:29","isFullCredit":false},{"lineNumber":169,"author":{"gitId":"-"},"content":"","lastModifiedDate":"2025-10-31T08:08:59","isFullCredit":false},{"lineNumber":170,"author":{"gitId":"Dominique-DP9"},"content":"Edits the specified fields of an existing person in the project book.","lastModifiedDate":"2025-10-31T11:54:29","isFullCredit":false},{"lineNumber":171,"author":{"gitId":"-"},"content":"","lastModifiedDate":"2020-05-23T01:10:16","isFullCredit":false},{"lineNumber":172,"author":{"gitId":"-"},"content":"Format: `edit INDEX [n/NAME] [p/PHONE] [e/EMAIL] [t/TELEGRAM]`","lastModifiedDate":"2025-10-31T05:59:08","isFullCredit":false},{"lineNumber":173,"author":{"gitId":"-"},"content":"","lastModifiedDate":"2020-05-23T01:10:16","isFullCredit":false},{"lineNumber":174,"author":{"gitId":"Dominique-DP9"},"content":"* Edits the person at the specified `INDEX`. The index refers to the index number shown in the displayed person list.","lastModifiedDate":"2025-10-31T11:54:29","isFullCredit":false},{"lineNumber":175,"author":{"gitId":"Dominique-DP9"},"content":"* The `INDEX` **must be a positive integer** (1, 2, 3, …).","lastModifiedDate":"2025-10-31T11:54:29","isFullCredit":false},{"lineNumber":176,"author":{"gitId":"-"},"content":"* At least one of the optional fields must be provided.","lastModifiedDate":"2020-05-23T01:10:16","isFullCredit":false},{"lineNumber":177,"author":{"gitId":"Dominique-DP9"},"content":"* The given value will replace the existing value for that field.","lastModifiedDate":"2025-10-31T11:54:29","isFullCredit":false},{"lineNumber":178,"author":{"gitId":"-"},"content":"","lastModifiedDate":"2020-05-23T01:10:16","isFullCredit":false},{"lineNumber":179,"author":{"gitId":"-"},"content":"Examples:","lastModifiedDate":"2020-05-23T01:10:16","isFullCredit":false},{"lineNumber":180,"author":{"gitId":"Dominique-DP9"},"content":"* `edit 1 p/91234567 e/johndoe@example.com` Edits the phone and email of the 1st person.","lastModifiedDate":"2025-10-31T11:54:29","isFullCredit":false},{"lineNumber":181,"author":{"gitId":"Dominique-DP9"},"content":"* `edit 2 n/Betsy Crower` Edits the name of the 2nd person.","lastModifiedDate":"2025-10-31T11:54:29","isFullCredit":false},{"lineNumber":182,"author":{"gitId":"-"},"content":"","lastModifiedDate":"2020-05-23T01:10:16","isFullCredit":false},{"lineNumber":183,"author":{"gitId":"Dominique-DP9"},"content":"\u003cbox type\u003d\"tip\" seamless\u003e","lastModifiedDate":"2025-10-31T11:54:29","isFullCredit":false},{"lineNumber":184,"author":{"gitId":"Dominique-DP9"},"content":"**Tip:** Use `list` or `find` first to get the correct `INDEX` of the person you want to edit!","lastModifiedDate":"2025-10-31T11:54:29","isFullCredit":false},{"lineNumber":185,"author":{"gitId":"Dominique-DP9"},"content":"\u003c/box\u003e","lastModifiedDate":"2025-10-31T11:54:29","isFullCredit":false},{"lineNumber":186,"author":{"gitId":"-"},"content":"","lastModifiedDate":"2025-10-31T08:08:59","isFullCredit":false},{"lineNumber":187,"author":{"gitId":"Dominique-DP9"},"content":"---","lastModifiedDate":"2025-10-31T11:54:29","isFullCredit":false},{"lineNumber":188,"author":{"gitId":"Dominique-DP9"},"content":"### `find`: Finding Persons","lastModifiedDate":"2025-10-31T11:54:29","isFullCredit":false},{"lineNumber":189,"author":{"gitId":"-"},"content":"","lastModifiedDate":"2020-05-23T01:10:16","isFullCredit":false},{"lineNumber":190,"author":{"gitId":"Dominique-DP9"},"content":"Locates persons by matching their name to a sequence of keywords.","lastModifiedDate":"2025-10-31T11:54:29","isFullCredit":false},{"lineNumber":191,"author":{"gitId":"-"},"content":"","lastModifiedDate":"2020-05-23T01:10:16","isFullCredit":false},{"lineNumber":192,"author":{"gitId":"-"},"content":"Format: `find KEYWORD [MORE_KEYWORDS]`","lastModifiedDate":"2020-05-23T01:10:16","isFullCredit":false},{"lineNumber":193,"author":{"gitId":"-"},"content":"","lastModifiedDate":"2020-05-23T01:10:16","isFullCredit":false},{"lineNumber":194,"author":{"gitId":"Dominique-DP9"},"content":"* The search is **case-insensitive** (e.g., `hans` will match `Hans`).","lastModifiedDate":"2025-10-31T11:54:29","isFullCredit":false},{"lineNumber":195,"author":{"gitId":"Dominique-DP9"},"content":"* The search matches **any part of the name** (e.g., `Han` will match `Hans`, `Hannah`, or `Johanson`).","lastModifiedDate":"2025-10-31T11:54:29","isFullCredit":false},{"lineNumber":196,"author":{"gitId":"-"},"content":"* The order of the keywords does not matter.","lastModifiedDate":"2025-10-31T09:05:27","isFullCredit":false},{"lineNumber":197,"author":{"gitId":"-"},"content":"","lastModifiedDate":"2020-05-23T01:10:16","isFullCredit":false},{"lineNumber":198,"author":{"gitId":"-"},"content":"Examples:","lastModifiedDate":"2020-05-23T01:10:16","isFullCredit":false},{"lineNumber":199,"author":{"gitId":"Dominique-DP9"},"content":"* `find John` returns `John Doe`, or `Johnson Tan`.","lastModifiedDate":"2025-10-31T11:54:29","isFullCredit":false},{"lineNumber":200,"author":{"gitId":"Dominique-DP9"},"content":"* `find david alex` returns `Alex Yeoh David`, `Alexandra Davidson`.","lastModifiedDate":"2025-10-31T11:54:29","isFullCredit":false},{"lineNumber":201,"author":{"gitId":"-"},"content":"","lastModifiedDate":"2020-05-23T01:10:16","isFullCredit":false},{"lineNumber":202,"author":{"gitId":"Dominique-DP9"},"content":"![result for \u0027find alex david\u0027](images/findcommandresult.png)","lastModifiedDate":"2025-10-31T11:54:29","isFullCredit":false},{"lineNumber":203,"author":{"gitId":"-"},"content":"","lastModifiedDate":"2025-10-31T08:08:59","isFullCredit":false},{"lineNumber":204,"author":{"gitId":"Dominique-DP9"},"content":"---","lastModifiedDate":"2025-10-31T11:54:29","isFullCredit":false},{"lineNumber":205,"author":{"gitId":"Dominique-DP9"},"content":"### `delete`: Deleting a Person","lastModifiedDate":"2025-10-31T11:54:29","isFullCredit":false},{"lineNumber":206,"author":{"gitId":"-"},"content":"","lastModifiedDate":"2020-05-23T01:10:16","isFullCredit":false},{"lineNumber":207,"author":{"gitId":"Dominique-DP9"},"content":"Deletes the specified person from the project book.","lastModifiedDate":"2025-10-31T11:54:29","isFullCredit":false},{"lineNumber":208,"author":{"gitId":"-"},"content":"","lastModifiedDate":"2020-05-23T01:10:16","isFullCredit":false},{"lineNumber":209,"author":{"gitId":"-"},"content":"Format: `delete INDEX`","lastModifiedDate":"2020-05-23T01:10:16","isFullCredit":false},{"lineNumber":210,"author":{"gitId":"-"},"content":"","lastModifiedDate":"2020-05-23T01:10:16","isFullCredit":false},{"lineNumber":211,"author":{"gitId":"Dominique-DP9"},"content":"* Deletes the person at the specified `INDEX` from the *currently displayed list*.","lastModifiedDate":"2025-10-31T11:54:29","isFullCredit":false},{"lineNumber":212,"author":{"gitId":"Dominique-DP9"},"content":"* The `INDEX` **must be a positive integer** (1, 2, 3, …).","lastModifiedDate":"2025-10-31T11:54:29","isFullCredit":false},{"lineNumber":213,"author":{"gitId":"-"},"content":"","lastModifiedDate":"2020-05-23T01:10:16","isFullCredit":false},{"lineNumber":214,"author":{"gitId":"-"},"content":"Examples:","lastModifiedDate":"2020-05-23T01:10:16","isFullCredit":false},{"lineNumber":215,"author":{"gitId":"Dominique-DP9"},"content":"* `list` followed by `delete 2` deletes the 2nd person in the project book.","lastModifiedDate":"2025-10-31T11:54:29","isFullCredit":false},{"lineNumber":216,"author":{"gitId":"-"},"content":"* `find Betsy` followed by `delete 1` deletes the 1st person in the results of the `find` command.","lastModifiedDate":"2020-05-23T01:10:16","isFullCredit":false},{"lineNumber":217,"author":{"gitId":"-"},"content":"","lastModifiedDate":"2020-05-23T01:10:16","isFullCredit":false},{"lineNumber":218,"author":{"gitId":"Dominique-DP9"},"content":"---","lastModifiedDate":"2025-10-31T11:54:29","isFullCredit":false},{"lineNumber":219,"author":{"gitId":"Dominique-DP9"},"content":"### `clear`: Clearing All Entries","lastModifiedDate":"2025-10-31T11:54:29","isFullCredit":false},{"lineNumber":220,"author":{"gitId":"-"},"content":"","lastModifiedDate":"2025-10-31T08:08:59","isFullCredit":false},{"lineNumber":221,"author":{"gitId":"Dominique-DP9"},"content":"Clears all entries (all persons and all projects) from the project book.","lastModifiedDate":"2025-10-31T11:54:29","isFullCredit":false},{"lineNumber":222,"author":{"gitId":"-"},"content":"","lastModifiedDate":"2020-05-23T01:10:16","isFullCredit":false},{"lineNumber":223,"author":{"gitId":"-"},"content":"Format: `clear`","lastModifiedDate":"2020-05-23T01:10:16","isFullCredit":false},{"lineNumber":224,"author":{"gitId":"-"},"content":"","lastModifiedDate":"2020-05-23T01:10:16","isFullCredit":false},{"lineNumber":225,"author":{"gitId":"-"},"content":"\u003cbox type\u003d\"warning\" seamless\u003e","lastModifiedDate":"2025-10-23T01:06:01","isFullCredit":false},{"lineNumber":226,"author":{"gitId":"Dominique-DP9"},"content":"**Warning:** This action cannot be reversed.","lastModifiedDate":"2025-10-31T11:54:29","isFullCredit":false},{"lineNumber":227,"author":{"gitId":"-"},"content":"\u003c/box\u003e","lastModifiedDate":"2025-10-23T01:06:01","isFullCredit":false},{"lineNumber":228,"author":{"gitId":"-"},"content":"","lastModifiedDate":"2025-10-23T01:06:01","isFullCredit":false},{"lineNumber":229,"author":{"gitId":"Dominique-DP9"},"content":"---","lastModifiedDate":"2025-10-31T11:54:29","isFullCredit":false},{"lineNumber":230,"author":{"gitId":"Dominique-DP9"},"content":"### `project list`: Listing All Projects","lastModifiedDate":"2025-10-31T11:54:29","isFullCredit":false},{"lineNumber":231,"author":{"gitId":"-"},"content":"","lastModifiedDate":"2025-10-23T01:06:01","isFullCredit":false},{"lineNumber":232,"author":{"gitId":"-"},"content":"Shows a list of all projects in the project book.","lastModifiedDate":"2025-10-23T01:06:01","isFullCredit":false},{"lineNumber":233,"author":{"gitId":"-"},"content":"","lastModifiedDate":"2025-10-23T01:06:01","isFullCredit":false},{"lineNumber":234,"author":{"gitId":"-"},"content":"Format: `project list`","lastModifiedDate":"2025-10-23T01:06:01","isFullCredit":false},{"lineNumber":235,"author":{"gitId":"-"},"content":"","lastModifiedDate":"2025-10-23T01:06:01","isFullCredit":false},{"lineNumber":236,"author":{"gitId":"Dominique-DP9"},"content":"---","lastModifiedDate":"2025-10-31T11:54:29","isFullCredit":false},{"lineNumber":237,"author":{"gitId":"Dominique-DP9"},"content":"### `project add`: Adding a Project","lastModifiedDate":"2025-10-31T11:54:29","isFullCredit":false},{"lineNumber":238,"author":{"gitId":"-"},"content":"","lastModifiedDate":"2025-10-23T01:06:01","isFullCredit":false},{"lineNumber":239,"author":{"gitId":"-"},"content":"Adds a project to the project book.","lastModifiedDate":"2025-10-23T01:06:01","isFullCredit":false},{"lineNumber":240,"author":{"gitId":"-"},"content":"","lastModifiedDate":"2025-10-23T01:06:01","isFullCredit":false},{"lineNumber":241,"author":{"gitId":"Dominique-DP9"},"content":"Format: `project add n/PROJECTNAME d/DESCRIPTION`","lastModifiedDate":"2025-10-31T11:54:29","isFullCredit":false},{"lineNumber":242,"author":{"gitId":"-"},"content":"","lastModifiedDate":"2025-10-23T01:06:01","isFullCredit":false},{"lineNumber":243,"author":{"gitId":"-"},"content":"Example:","lastModifiedDate":"2025-10-23T01:06:01","isFullCredit":false},{"lineNumber":244,"author":{"gitId":"-"},"content":"`project add n/Beach Cleanup d/Beach cleaning at Siloso Beach`","lastModifiedDate":"2025-10-23T01:06:01","isFullCredit":false},{"lineNumber":245,"author":{"gitId":"Dominique-DP9"},"content":"* Adds a new project named \"Beach Cleanup\" with the given description.","lastModifiedDate":"2025-10-31T11:54:29","isFullCredit":false},{"lineNumber":246,"author":{"gitId":"Dominique-DP9"},"content":"* No one is assigned to it yet.","lastModifiedDate":"2025-10-31T11:54:29","isFullCredit":false},{"lineNumber":247,"author":{"gitId":"-"},"content":"","lastModifiedDate":"2025-10-23T01:06:01","isFullCredit":false},{"lineNumber":248,"author":{"gitId":"Dominique-DP9"},"content":"\u003cbox type\u003d\"tip\" seamless\u003e","lastModifiedDate":"2025-10-31T11:54:29","isFullCredit":false},{"lineNumber":249,"author":{"gitId":"Dominique-DP9"},"content":"**Tip:** Project names are your unique identifiers. Choose clear, unique names like \"Annual Gala 2025\" instead of just \"Gala\".","lastModifiedDate":"2025-10-31T11:54:29","isFullCredit":false},{"lineNumber":250,"author":{"gitId":"Dominique-DP9"},"content":"\u003c/box\u003e","lastModifiedDate":"2025-10-31T11:54:29","isFullCredit":false},{"lineNumber":251,"author":{"gitId":"-"},"content":"","lastModifiedDate":"2025-10-31T08:08:59","isFullCredit":false},{"lineNumber":252,"author":{"gitId":"Dominique-DP9"},"content":"---","lastModifiedDate":"2025-10-31T11:54:29","isFullCredit":false},{"lineNumber":253,"author":{"gitId":"Dominique-DP9"},"content":"### `project delete`: Deleting a Project","lastModifiedDate":"2025-10-31T11:54:29","isFullCredit":false},{"lineNumber":254,"author":{"gitId":"-"},"content":"","lastModifiedDate":"2025-10-23T01:06:01","isFullCredit":false},{"lineNumber":255,"author":{"gitId":"-"},"content":"Deletes the specified project from the project book.","lastModifiedDate":"2025-10-23T01:06:01","isFullCredit":false},{"lineNumber":256,"author":{"gitId":"-"},"content":"","lastModifiedDate":"2025-10-23T01:06:01","isFullCredit":false},{"lineNumber":257,"author":{"gitId":"-"},"content":"Format: `project delete project/PROJECTNAME`","lastModifiedDate":"2025-10-23T01:06:01","isFullCredit":false},{"lineNumber":258,"author":{"gitId":"-"},"content":"","lastModifiedDate":"2025-10-23T01:06:01","isFullCredit":false},{"lineNumber":259,"author":{"gitId":"-"},"content":"Example:","lastModifiedDate":"2025-10-23T01:06:01","isFullCredit":false},{"lineNumber":260,"author":{"gitId":"Dominique-DP9"},"content":"`project delete project/Fundraising Drive`","lastModifiedDate":"2025-10-31T11:54:29","isFullCredit":false},{"lineNumber":261,"author":{"gitId":"-"},"content":"","lastModifiedDate":"2025-10-23T01:06:01","isFullCredit":false},{"lineNumber":262,"author":{"gitId":"Dominique-DP9"},"content":"* Deleting a project does *not* delete the persons who were associated with it. They will just no longer be assigned to this project.","lastModifiedDate":"2025-10-31T11:54:29","isFullCredit":false},{"lineNumber":263,"author":{"gitId":"-"},"content":"","lastModifiedDate":"2025-10-30T22:34:06","isFullCredit":false},{"lineNumber":264,"author":{"gitId":"Dominique-DP9"},"content":"---","lastModifiedDate":"2025-10-31T11:54:29","isFullCredit":false},{"lineNumber":265,"author":{"gitId":"Dominique-DP9"},"content":"### `project view`: Viewing a Project","lastModifiedDate":"2025-10-31T11:54:29","isFullCredit":false},{"lineNumber":266,"author":{"gitId":"-"},"content":"","lastModifiedDate":"2025-10-23T01:06:01","isFullCredit":false},{"lineNumber":267,"author":{"gitId":"-"},"content":"Views the summary of an existing project and its participants.","lastModifiedDate":"2025-10-23T01:06:01","isFullCredit":false},{"lineNumber":268,"author":{"gitId":"-"},"content":"","lastModifiedDate":"2025-10-23T01:06:01","isFullCredit":false},{"lineNumber":269,"author":{"gitId":"-"},"content":"Format: `project view project/PROJECTNAME`","lastModifiedDate":"2025-10-23T01:06:01","isFullCredit":false},{"lineNumber":270,"author":{"gitId":"-"},"content":"","lastModifiedDate":"2025-10-23T01:06:01","isFullCredit":false},{"lineNumber":271,"author":{"gitId":"-"},"content":"Example:","lastModifiedDate":"2025-10-23T01:06:01","isFullCredit":false},{"lineNumber":272,"author":{"gitId":"-"},"content":"`project view project/Beach Cleanup`","lastModifiedDate":"2025-10-23T01:06:01","isFullCredit":false},{"lineNumber":273,"author":{"gitId":"Dominique-DP9"},"content":"* Lists the name and description of the project.","lastModifiedDate":"2025-10-31T11:54:29","isFullCredit":false},{"lineNumber":274,"author":{"gitId":"Dominique-DP9"},"content":"* Lists all contacts (volunteers, team, orgs) assigned to it.","lastModifiedDate":"2025-10-31T11:54:29","isFullCredit":false},{"lineNumber":275,"author":{"gitId":"-"},"content":"","lastModifiedDate":"2025-10-31T08:08:59","isFullCredit":false},{"lineNumber":276,"author":{"gitId":"Dominique-DP9"},"content":"---","lastModifiedDate":"2025-10-31T11:54:29","isFullCredit":false},{"lineNumber":277,"author":{"gitId":"Dominique-DP9"},"content":"### `project assign`: Assigning a Person to a Project","lastModifiedDate":"2025-10-31T11:54:29","isFullCredit":false},{"lineNumber":278,"author":{"gitId":"-"},"content":"","lastModifiedDate":"2025-10-23T01:06:01","isFullCredit":false},{"lineNumber":279,"author":{"gitId":"-"},"content":"Assigns a specified volunteer, team member, or organisation member to a project.","lastModifiedDate":"2025-10-23T01:06:01","isFullCredit":false},{"lineNumber":280,"author":{"gitId":"-"},"content":"","lastModifiedDate":"2025-10-23T01:06:01","isFullCredit":false},{"lineNumber":281,"author":{"gitId":"Dominique-DP9"},"content":"**Formats:**","lastModifiedDate":"2025-10-31T11:54:29","isFullCredit":false},{"lineNumber":282,"author":{"gitId":"Dominique-DP9"},"content":"* `project assign INDEX project/PROJECTNAME`","lastModifiedDate":"2025-10-31T11:54:29","isFullCredit":false},{"lineNumber":283,"author":{"gitId":"Dominique-DP9"},"content":"* `project assign n/NAME project/PROJECTNAME`","lastModifiedDate":"2025-10-31T11:54:29","isFullCredit":false},{"lineNumber":284,"author":{"gitId":"-"},"content":"","lastModifiedDate":"2025-10-23T01:06:01","isFullCredit":false},{"lineNumber":285,"author":{"gitId":"Dominique-DP9"},"content":"* Assigns the person at the specified `INDEX`, or with the specified `NAME`, to the specified `PROJECT`.","lastModifiedDate":"2025-10-31T11:54:29","isFullCredit":false},{"lineNumber":286,"author":{"gitId":"Dominique-DP9"},"content":"* The `INDEX` refers to the index number shown in the displayed person list. It **must be a positive integer** (1, 2, 3, …).","lastModifiedDate":"2025-10-31T11:54:29","isFullCredit":false},{"lineNumber":287,"author":{"gitId":"Dominique-DP9"},"content":"* The `NAME` search is **case-insensitive**.","lastModifiedDate":"2025-10-31T11:54:29","isFullCredit":false},{"lineNumber":288,"author":{"gitId":"Dominique-DP9"},"content":"* When you view the project details (`project view`), the assigned person will show up in its details.","lastModifiedDate":"2025-10-31T11:54:29","isFullCredit":false},{"lineNumber":289,"author":{"gitId":"-"},"content":"","lastModifiedDate":"2025-10-23T01:06:01","isFullCredit":false},{"lineNumber":290,"author":{"gitId":"Dominique-DP9"},"content":"**Examples:**","lastModifiedDate":"2025-10-31T11:54:29","isFullCredit":false},{"lineNumber":291,"author":{"gitId":"Dominique-DP9"},"content":"* `project assign 4 project/Startup Showcase`","lastModifiedDate":"2025-10-31T11:54:29","isFullCredit":false},{"lineNumber":292,"author":{"gitId":"Dominique-DP9"},"content":"* `project assign n/Jackson project/Startup Showcase`","lastModifiedDate":"2025-10-31T11:54:29","isFullCredit":false},{"lineNumber":293,"author":{"gitId":"-"},"content":"","lastModifiedDate":"2025-10-31T08:08:59","isFullCredit":false},{"lineNumber":294,"author":{"gitId":"Dominique-DP9"},"content":"---","lastModifiedDate":"2025-10-31T11:54:29","isFullCredit":false},{"lineNumber":295,"author":{"gitId":"Dominique-DP9"},"content":"### `project remove`: Removing a Person from a Project","lastModifiedDate":"2025-10-31T11:54:29","isFullCredit":false},{"lineNumber":296,"author":{"gitId":"-"},"content":"","lastModifiedDate":"2025-10-23T01:06:01","isFullCredit":false},{"lineNumber":297,"author":{"gitId":"-"},"content":"Removes a specified volunteer, team member, or organisation member from a project.","lastModifiedDate":"2025-10-23T01:06:01","isFullCredit":false},{"lineNumber":298,"author":{"gitId":"-"},"content":"","lastModifiedDate":"2025-10-23T01:06:01","isFullCredit":false},{"lineNumber":299,"author":{"gitId":"Dominique-DP9"},"content":"**Formats:**","lastModifiedDate":"2025-10-31T11:54:29","isFullCredit":false},{"lineNumber":300,"author":{"gitId":"Dominique-DP9"},"content":"* `project remove INDEX project/PROJECTNAME`","lastModifiedDate":"2025-10-31T11:54:29","isFullCredit":false},{"lineNumber":301,"author":{"gitId":"Dominique-DP9"},"content":"* `project remove n/NAME project/PROJECTNAME`","lastModifiedDate":"2025-10-31T11:54:29","isFullCredit":false},{"lineNumber":302,"author":{"gitId":"-"},"content":"","lastModifiedDate":"2025-10-23T01:06:01","isFullCredit":false},{"lineNumber":303,"author":{"gitId":"Dominique-DP9"},"content":"* Removes the person at the specified `INDEX`, or with the specified `NAME`, from the specified `PROJECT`.","lastModifiedDate":"2025-10-31T11:54:29","isFullCredit":false},{"lineNumber":304,"author":{"gitId":"Dominique-DP9"},"content":"* The `INDEX` refers to the index number shown in the displayed person list. It **must be a positive integer** (1, 2, 3, …).","lastModifiedDate":"2025-10-31T11:54:29","isFullCredit":false},{"lineNumber":305,"author":{"gitId":"Dominique-DP9"},"content":"* The `NAME` search is **case-insensitive**.","lastModifiedDate":"2025-10-31T11:54:29","isFullCredit":false},{"lineNumber":306,"author":{"gitId":"Dominique-DP9"},"content":"* This only *un-assigns* them; it does not delete the person from the project book.","lastModifiedDate":"2025-10-31T11:54:29","isFullCredit":false},{"lineNumber":307,"author":{"gitId":"-"},"content":"","lastModifiedDate":"2025-10-23T01:06:01","isFullCredit":false},{"lineNumber":308,"author":{"gitId":"Dominique-DP9"},"content":"**Examples:**","lastModifiedDate":"2025-10-31T11:54:29","isFullCredit":false},{"lineNumber":309,"author":{"gitId":"Dominique-DP9"},"content":"* `project remove 4 project/Science Fair`","lastModifiedDate":"2025-10-31T11:54:29","isFullCredit":false},{"lineNumber":310,"author":{"gitId":"Dominique-DP9"},"content":"* `project remove n/Marianne project/Science Fair`","lastModifiedDate":"2025-10-31T11:54:29","isFullCredit":false},{"lineNumber":311,"author":{"gitId":"-"},"content":"","lastModifiedDate":"2025-10-31T08:08:59","isFullCredit":false},{"lineNumber":312,"author":{"gitId":"Dominique-DP9"},"content":"---","lastModifiedDate":"2025-10-31T11:54:29","isFullCredit":false},{"lineNumber":313,"author":{"gitId":"Dominique-DP9"},"content":"### `exit`: Exiting the Program","lastModifiedDate":"2025-10-31T11:54:29","isFullCredit":false},{"lineNumber":314,"author":{"gitId":"-"},"content":"","lastModifiedDate":"2020-05-23T01:10:16","isFullCredit":false},{"lineNumber":315,"author":{"gitId":"-"},"content":"Exits the program.","lastModifiedDate":"2020-05-23T01:10:16","isFullCredit":false},{"lineNumber":316,"author":{"gitId":"-"},"content":"","lastModifiedDate":"2020-05-23T01:10:16","isFullCredit":false},{"lineNumber":317,"author":{"gitId":"-"},"content":"Format: `exit`","lastModifiedDate":"2020-05-23T01:10:16","isFullCredit":false},{"lineNumber":318,"author":{"gitId":"-"},"content":"","lastModifiedDate":"2020-05-23T01:10:16","isFullCredit":false},{"lineNumber":319,"author":{"gitId":"Dominique-DP9"},"content":"---","lastModifiedDate":"2025-10-31T11:54:29","isFullCredit":false},{"lineNumber":320,"author":{"gitId":"-"},"content":"### Saving the data","lastModifiedDate":"2020-05-23T01:10:16","isFullCredit":false},{"lineNumber":321,"author":{"gitId":"-"},"content":"","lastModifiedDate":"2020-05-23T01:10:16","isFullCredit":false},{"lineNumber":322,"author":{"gitId":"-"},"content":"Loopin\u0027s data is saved in the hard disk automatically after any command that modifies data. There is no need to save manually!","lastModifiedDate":"2025-10-30T23:38:19","isFullCredit":false},{"lineNumber":323,"author":{"gitId":"-"},"content":"","lastModifiedDate":"2020-05-23T01:10:16","isFullCredit":false},{"lineNumber":324,"author":{"gitId":"Dominique-DP9"},"content":"---","lastModifiedDate":"2025-10-31T11:54:29","isFullCredit":false},{"lineNumber":325,"author":{"gitId":"-"},"content":"### Editing the data file","lastModifiedDate":"2021-02-04T00:18:23","isFullCredit":false},{"lineNumber":326,"author":{"gitId":"-"},"content":"","lastModifiedDate":"2021-02-04T00:18:23","isFullCredit":false},{"lineNumber":327,"author":{"gitId":"-"},"content":"Loopin data are saved automatically as a JSON file `[JAR file location]/data/projectbook.json`. Advanced users are welcome to update data directly by editing that data file.","lastModifiedDate":"2025-10-23T01:06:01","isFullCredit":false},{"lineNumber":328,"author":{"gitId":"-"},"content":"","lastModifiedDate":"2021-02-04T00:18:23","isFullCredit":false},{"lineNumber":329,"author":{"gitId":"Dominique-DP9"},"content":"\u003cbox type\u003d\"warning\" seamless\u003e","lastModifiedDate":"2025-10-31T11:54:29","isFullCredit":false},{"lineNumber":330,"author":{"gitId":"-"},"content":"**Caution:**","lastModifiedDate":"2023-09-12T01:20:47","isFullCredit":false},{"lineNumber":331,"author":{"gitId":"Dominique-DP9"},"content":"If your changes to the data file makes its format invalid, ProjectBook will discard all data and start with an empty data file at the next run. Hence, it is recommended to take a backup of the file before editing it.","lastModifiedDate":"2025-10-31T11:54:29","isFullCredit":false},{"lineNumber":332,"author":{"gitId":"-"},"content":"\u003c/box\u003e","lastModifiedDate":"2023-09-12T01:20:47","isFullCredit":false},{"lineNumber":333,"author":{"gitId":"-"},"content":"","lastModifiedDate":"2021-02-04T00:18:23","isFullCredit":false},{"lineNumber":334,"author":{"gitId":"-"},"content":"### Archiving data files `[coming in v2.0]`","lastModifiedDate":"2020-05-23T01:10:16","isFullCredit":false},{"lineNumber":335,"author":{"gitId":"-"},"content":"","lastModifiedDate":"2020-05-23T01:10:16","isFullCredit":false},{"lineNumber":336,"author":{"gitId":"-"},"content":"_Details coming soon ..._","lastModifiedDate":"2021-02-04T00:19:32","isFullCredit":false},{"lineNumber":337,"author":{"gitId":"-"},"content":"","lastModifiedDate":"2020-05-23T01:10:16","isFullCredit":false},{"lineNumber":338,"author":{"gitId":"-"},"content":"--------------------------------------------------------------------------------------------------------------------","lastModifiedDate":"2020-05-23T01:10:16","isFullCredit":false},{"lineNumber":339,"author":{"gitId":"-"},"content":"","lastModifiedDate":"2020-05-23T01:10:16","isFullCredit":false},{"lineNumber":340,"author":{"gitId":"-"},"content":"## FAQ","lastModifiedDate":"2020-05-23T01:10:16","isFullCredit":false},{"lineNumber":341,"author":{"gitId":"-"},"content":"","lastModifiedDate":"2020-05-23T01:10:16","isFullCredit":false},{"lineNumber":342,"author":{"gitId":"-"},"content":"**Q**: How do I transfer my data to another Computer?\u003cbr\u003e","lastModifiedDate":"2020-05-23T01:10:16","isFullCredit":false},{"lineNumber":343,"author":{"gitId":"-"},"content":"**A**: Install the app in the other computer and overwrite the empty data file it creates with the file that contains the data of your previous AddressBook home folder.","lastModifiedDate":"2020-05-23T01:10:16","isFullCredit":false},{"lineNumber":344,"author":{"gitId":"-"},"content":"","lastModifiedDate":"2020-05-23T01:10:16","isFullCredit":false},{"lineNumber":345,"author":{"gitId":"-"},"content":"--------------------------------------------------------------------------------------------------------------------","lastModifiedDate":"2020-05-23T01:10:16","isFullCredit":false},{"lineNumber":346,"author":{"gitId":"-"},"content":"","lastModifiedDate":"2020-05-23T01:10:16","isFullCredit":false},{"lineNumber":347,"author":{"gitId":"-"},"content":"## Known issues","lastModifiedDate":"2023-09-08T13:05:01","isFullCredit":false},{"lineNumber":348,"author":{"gitId":"-"},"content":"","lastModifiedDate":"2023-09-08T13:05:01","isFullCredit":false},{"lineNumber":349,"author":{"gitId":"-"},"content":"1.  **When using multiple screens**, if you move the application to a secondary screen, and later switch to using only the primary screen, the GUI will open off-screen. The remedy is to delete the `preferences.json` file created by the application before running the application again.","lastModifiedDate":"2023-09-08T13:05:01","isFullCredit":false},{"lineNumber":350,"author":{"gitId":"-"},"content":"2.  **If you minimize the Help Window** and then run the `help` command (or use the `Help` menu, or the keyboard shortcut `F1`) again, the original Help Window will remain minimized, and no new Help Window will appear. The remedy is to manually restore the minimized Help Window.","lastModifiedDate":"2024-07-30T23:21:09","isFullCredit":false}],"authorContributionMap":{"Dominique-DP9":149,"-":201}},{"path":"src/test/java/loopin/projectbook/model/person/PersonTest.java","fileType":"test-code","lines":[{"lineNumber":1,"author":{"gitId":"-"},"content":"package loopin.projectbook.model.person;","lastModifiedDate":"2025-10-08T23:50:21","isFullCredit":false},{"lineNumber":2,"author":{"gitId":"-"},"content":"","lastModifiedDate":"2017-09-01T17:08:34","isFullCredit":false},{"lineNumber":3,"author":{"gitId":"-"},"content":"import static loopin.projectbook.logic.commands.CommandTestUtil.*;","lastModifiedDate":"2025-10-09T00:37:15","isFullCredit":false},{"lineNumber":4,"author":{"gitId":"-"},"content":"import static loopin.projectbook.testutil.TypicalPersons.ALICE;","lastModifiedDate":"2025-10-08T23:50:21","isFullCredit":false},{"lineNumber":5,"author":{"gitId":"-"},"content":"import static loopin.projectbook.testutil.TypicalPersons.BOB;","lastModifiedDate":"2025-10-08T23:50:21","isFullCredit":false},{"lineNumber":6,"author":{"gitId":"-"},"content":"import static org.junit.jupiter.api.Assertions.*;","lastModifiedDate":"2025-10-09T00:37:15","isFullCredit":false},{"lineNumber":7,"author":{"gitId":"-"},"content":"","lastModifiedDate":"2018-04-19T09:37:51","isFullCredit":false},{"lineNumber":8,"author":{"gitId":"-"},"content":"import org.junit.jupiter.api.Test;","lastModifiedDate":"2019-04-27T20:09:31","isFullCredit":false},{"lineNumber":9,"author":{"gitId":"-"},"content":"","lastModifiedDate":"2017-09-01T17:08:34","isFullCredit":false},{"lineNumber":10,"author":{"gitId":"-"},"content":"import loopin.projectbook.model.person.volunteer.Volunteer;","lastModifiedDate":"2025-10-31T04:47:27","isFullCredit":false},{"lineNumber":11,"author":{"gitId":"Dominique-DP9"},"content":"import loopin.projectbook.testutil.PersonBuilder;","lastModifiedDate":"2025-10-31T11:54:29","isFullCredit":false},{"lineNumber":12,"author":{"gitId":"-"},"content":"","lastModifiedDate":"2017-09-01T17:08:34","isFullCredit":false},{"lineNumber":13,"author":{"gitId":"-"},"content":"public class PersonTest {","lastModifiedDate":"2018-03-26T12:27:35","isFullCredit":false},{"lineNumber":14,"author":{"gitId":"-"},"content":"","lastModifiedDate":"2017-09-01T17:08:34","isFullCredit":false},{"lineNumber":15,"author":{"gitId":"-"},"content":"    @Test","lastModifiedDate":"2018-04-19T09:37:51","isFullCredit":false},{"lineNumber":16,"author":{"gitId":"-"},"content":"    public void isSamePerson() {","lastModifiedDate":"2018-04-19T09:37:51","isFullCredit":false},{"lineNumber":17,"author":{"gitId":"-"},"content":"        // same object -\u003e returns true","lastModifiedDate":"2018-04-19T09:37:51","isFullCredit":false},{"lineNumber":18,"author":{"gitId":"-"},"content":"        assertTrue(ALICE.isSamePerson(ALICE));","lastModifiedDate":"2018-04-19T09:37:51","isFullCredit":false},{"lineNumber":19,"author":{"gitId":"-"},"content":"","lastModifiedDate":"2018-04-19T09:37:51","isFullCredit":false},{"lineNumber":20,"author":{"gitId":"-"},"content":"        // null -\u003e returns false","lastModifiedDate":"2018-04-19T09:37:51","isFullCredit":false},{"lineNumber":21,"author":{"gitId":"-"},"content":"        assertFalse(ALICE.isSamePerson(null));","lastModifiedDate":"2018-04-19T09:37:51","isFullCredit":false},{"lineNumber":22,"author":{"gitId":"-"},"content":"","lastModifiedDate":"2018-04-19T09:37:51","isFullCredit":false},{"lineNumber":23,"author":{"gitId":"-"},"content":"        // same name, all other attributes different -\u003e returns false","lastModifiedDate":"2025-10-31T04:47:27","isFullCredit":false},{"lineNumber":24,"author":{"gitId":"-"},"content":"        Person editedAlice \u003d new PersonBuilder(ALICE).withPhone(VALID_PHONE_BOB).withEmail(VALID_EMAIL_BOB)","lastModifiedDate":"2020-12-18T17:00:35","isFullCredit":false},{"lineNumber":25,"author":{"gitId":"-"},"content":"                .withTelegram(VALID_TELEGRAM_BOB).build();","lastModifiedDate":"2025-10-30T17:23:19","isFullCredit":false},{"lineNumber":26,"author":{"gitId":"-"},"content":"        assertFalse(ALICE.isSamePerson(editedAlice));","lastModifiedDate":"2025-10-31T04:47:27","isFullCredit":false},{"lineNumber":27,"author":{"gitId":"-"},"content":"","lastModifiedDate":"2018-04-19T09:37:51","isFullCredit":false},{"lineNumber":28,"author":{"gitId":"-"},"content":"        // different name, different email, all other attributes same -\u003e returns true","lastModifiedDate":"2025-10-31T04:47:27","isFullCredit":false},{"lineNumber":29,"author":{"gitId":"-"},"content":"        editedAlice \u003d new PersonBuilder(ALICE).withName(VALID_NAME_BOB).withEmail(VALID_EMAIL_BOB).build();","lastModifiedDate":"2025-10-16T01:40:42","isFullCredit":false},{"lineNumber":30,"author":{"gitId":"-"},"content":"        assertTrue(ALICE.isSamePerson(editedAlice));","lastModifiedDate":"2025-10-31T04:47:27","isFullCredit":false},{"lineNumber":31,"author":{"gitId":"-"},"content":"","lastModifiedDate":"2018-04-19T09:37:51","isFullCredit":false},{"lineNumber":32,"author":{"gitId":"-"},"content":"        // name differs in case, different email, all other attributes same -\u003e returns false","lastModifiedDate":"2025-10-16T01:40:42","isFullCredit":false},{"lineNumber":33,"author":{"gitId":"-"},"content":"        Person editedBob \u003d new PersonBuilder(BOB).withName(VALID_NAME_BOB.toLowerCase())","lastModifiedDate":"2025-10-16T01:40:42","isFullCredit":false},{"lineNumber":34,"author":{"gitId":"-"},"content":"                .withEmail(VALID_EMAIL_AMY).build();","lastModifiedDate":"2025-10-16T01:40:42","isFullCredit":false},{"lineNumber":35,"author":{"gitId":"-"},"content":"        assertTrue(BOB.isSamePerson(editedBob));","lastModifiedDate":"2025-10-31T04:47:27","isFullCredit":false},{"lineNumber":36,"author":{"gitId":"-"},"content":"","lastModifiedDate":"2018-04-19T09:37:51","isFullCredit":false},{"lineNumber":37,"author":{"gitId":"-"},"content":"        // name has trailing spaces, different email, all other attributes same -\u003e returns false","lastModifiedDate":"2025-10-16T01:40:42","isFullCredit":false},{"lineNumber":38,"author":{"gitId":"-"},"content":"        String nameWithTrailingSpaces \u003d VALID_NAME_BOB + \" \";","lastModifiedDate":"2020-12-18T17:00:35","isFullCredit":false},{"lineNumber":39,"author":{"gitId":"-"},"content":"        editedBob \u003d new PersonBuilder(BOB).withName(nameWithTrailingSpaces).withEmail(VALID_EMAIL_AMY).build();","lastModifiedDate":"2025-10-16T01:40:42","isFullCredit":false},{"lineNumber":40,"author":{"gitId":"-"},"content":"        assertTrue(BOB.isSamePerson(editedBob));","lastModifiedDate":"2025-10-31T04:47:27","isFullCredit":false},{"lineNumber":41,"author":{"gitId":"-"},"content":"    }","lastModifiedDate":"2018-04-19T09:37:51","isFullCredit":false},{"lineNumber":42,"author":{"gitId":"-"},"content":"","lastModifiedDate":"2018-04-19T09:37:51","isFullCredit":false},{"lineNumber":43,"author":{"gitId":"-"},"content":"    @Test","lastModifiedDate":"2018-04-19T09:37:51","isFullCredit":false},{"lineNumber":44,"author":{"gitId":"-"},"content":"    public void equals() {","lastModifiedDate":"2018-04-19T09:37:51","isFullCredit":false},{"lineNumber":45,"author":{"gitId":"-"},"content":"        // same values -\u003e returns true","lastModifiedDate":"2018-04-19T09:37:51","isFullCredit":false},{"lineNumber":46,"author":{"gitId":"-"},"content":"        Person aliceCopy \u003d new PersonBuilder(ALICE).build();","lastModifiedDate":"2018-04-19T09:37:51","isFullCredit":false},{"lineNumber":47,"author":{"gitId":"-"},"content":"        assertTrue(ALICE.equals(aliceCopy));","lastModifiedDate":"2018-04-19T09:37:51","isFullCredit":false},{"lineNumber":48,"author":{"gitId":"-"},"content":"","lastModifiedDate":"2018-04-19T09:37:51","isFullCredit":false},{"lineNumber":49,"author":{"gitId":"-"},"content":"        // same object -\u003e returns true","lastModifiedDate":"2018-04-19T09:37:51","isFullCredit":false},{"lineNumber":50,"author":{"gitId":"-"},"content":"        assertTrue(ALICE.equals(ALICE));","lastModifiedDate":"2018-04-19T09:37:51","isFullCredit":false},{"lineNumber":51,"author":{"gitId":"-"},"content":"","lastModifiedDate":"2018-04-19T09:37:51","isFullCredit":false},{"lineNumber":52,"author":{"gitId":"-"},"content":"        // null -\u003e returns false","lastModifiedDate":"2018-04-19T09:37:51","isFullCredit":false},{"lineNumber":53,"author":{"gitId":"-"},"content":"        assertFalse(ALICE.equals(null));","lastModifiedDate":"2018-04-19T09:37:51","isFullCredit":false},{"lineNumber":54,"author":{"gitId":"-"},"content":"","lastModifiedDate":"2018-04-19T09:37:51","isFullCredit":false},{"lineNumber":55,"author":{"gitId":"-"},"content":"        // different type -\u003e returns false","lastModifiedDate":"2018-04-19T09:37:51","isFullCredit":false},{"lineNumber":56,"author":{"gitId":"-"},"content":"        assertFalse(ALICE.equals(5));","lastModifiedDate":"2018-04-19T09:37:51","isFullCredit":false},{"lineNumber":57,"author":{"gitId":"-"},"content":"","lastModifiedDate":"2018-04-19T09:37:51","isFullCredit":false},{"lineNumber":58,"author":{"gitId":"-"},"content":"        // different person -\u003e returns false","lastModifiedDate":"2018-04-19T09:37:51","isFullCredit":false},{"lineNumber":59,"author":{"gitId":"-"},"content":"        assertFalse(ALICE.equals(BOB));","lastModifiedDate":"2018-04-19T09:37:51","isFullCredit":false},{"lineNumber":60,"author":{"gitId":"-"},"content":"","lastModifiedDate":"2018-04-19T09:37:51","isFullCredit":false},{"lineNumber":61,"author":{"gitId":"-"},"content":"        // different name -\u003e returns false","lastModifiedDate":"2018-04-19T09:37:51","isFullCredit":false},{"lineNumber":62,"author":{"gitId":"-"},"content":"        Person editedAlice \u003d new PersonBuilder(ALICE).withName(VALID_NAME_BOB).build();","lastModifiedDate":"2018-04-19T09:37:51","isFullCredit":false},{"lineNumber":63,"author":{"gitId":"-"},"content":"        assertFalse(ALICE.equals(editedAlice));","lastModifiedDate":"2018-04-19T09:37:51","isFullCredit":false},{"lineNumber":64,"author":{"gitId":"-"},"content":"","lastModifiedDate":"2018-04-19T09:37:51","isFullCredit":false},{"lineNumber":65,"author":{"gitId":"-"},"content":"        // different phone -\u003e returns false","lastModifiedDate":"2018-04-19T09:37:51","isFullCredit":false},{"lineNumber":66,"author":{"gitId":"-"},"content":"        editedAlice \u003d new PersonBuilder(ALICE).withPhone(VALID_PHONE_BOB).build();","lastModifiedDate":"2018-04-19T09:37:51","isFullCredit":false},{"lineNumber":67,"author":{"gitId":"-"},"content":"        assertFalse(ALICE.equals(editedAlice));","lastModifiedDate":"2018-04-19T09:37:51","isFullCredit":false},{"lineNumber":68,"author":{"gitId":"-"},"content":"","lastModifiedDate":"2018-04-19T09:37:51","isFullCredit":false},{"lineNumber":69,"author":{"gitId":"-"},"content":"        // different email -\u003e returns false","lastModifiedDate":"2018-04-19T09:37:51","isFullCredit":false},{"lineNumber":70,"author":{"gitId":"-"},"content":"        editedAlice \u003d new PersonBuilder(ALICE).withEmail(VALID_EMAIL_BOB).build();","lastModifiedDate":"2018-04-19T09:37:51","isFullCredit":false},{"lineNumber":71,"author":{"gitId":"-"},"content":"        assertFalse(ALICE.equals(editedAlice));","lastModifiedDate":"2018-04-19T09:37:51","isFullCredit":false},{"lineNumber":72,"author":{"gitId":"-"},"content":"","lastModifiedDate":"2018-04-19T09:37:51","isFullCredit":false},{"lineNumber":73,"author":{"gitId":"-"},"content":"        // different telegram -\u003e returns false","lastModifiedDate":"2025-10-28T22:46:42","isFullCredit":false},{"lineNumber":74,"author":{"gitId":"-"},"content":"        editedAlice \u003d new PersonBuilder(ALICE).withTelegram(VALID_TELEGRAM_BOB).build();","lastModifiedDate":"2025-10-28T22:46:42","isFullCredit":false},{"lineNumber":75,"author":{"gitId":"-"},"content":"        assertFalse(ALICE.equals(editedAlice));","lastModifiedDate":"2018-04-19T09:37:51","isFullCredit":false},{"lineNumber":76,"author":{"gitId":"-"},"content":"","lastModifiedDate":"2018-04-18T17:19:05","isFullCredit":false},{"lineNumber":77,"author":{"gitId":"-"},"content":"    }","lastModifiedDate":"2018-04-19T09:37:51","isFullCredit":false},{"lineNumber":78,"author":{"gitId":"-"},"content":"","lastModifiedDate":"2019-02-23T22:59:46","isFullCredit":false},{"lineNumber":79,"author":{"gitId":"-"},"content":"    @Test","lastModifiedDate":"2019-02-23T22:59:46","isFullCredit":false},{"lineNumber":80,"author":{"gitId":"-"},"content":"    public void toStringMethod() {","lastModifiedDate":"2019-02-23T22:59:46","isFullCredit":false},{"lineNumber":81,"author":{"gitId":"-"},"content":"        String expected \u003d Volunteer.class.getCanonicalName()","lastModifiedDate":"2025-10-31T04:47:27","isFullCredit":false},{"lineNumber":82,"author":{"gitId":"-"},"content":"                + \"{name\u003d\" + ALICE.getName()","lastModifiedDate":"2025-10-31T04:47:27","isFullCredit":false},{"lineNumber":83,"author":{"gitId":"-"},"content":"                + \", phone\u003d\" + ALICE.getPhone().map(p -\u003e p.value).orElse(\"nil\")","lastModifiedDate":"2025-10-31T04:47:27","isFullCredit":false},{"lineNumber":84,"author":{"gitId":"-"},"content":"                + \", email\u003d\" + ALICE.getEmail()","lastModifiedDate":"2025-10-31T04:47:27","isFullCredit":false},{"lineNumber":85,"author":{"gitId":"-"},"content":"                + \", telegram\u003d\" + ALICE.getTelegram().map(p -\u003e p.value).orElse(\"nil\")","lastModifiedDate":"2025-10-31T04:47:27","isFullCredit":false},{"lineNumber":86,"author":{"gitId":"-"},"content":"                + \", remarks\u003d\" + ALICE.getRemarks() + \"}\";","lastModifiedDate":"2025-10-31T04:47:27","isFullCredit":false},{"lineNumber":87,"author":{"gitId":"-"},"content":"        assertEquals(expected, ALICE.toString());","lastModifiedDate":"2019-02-23T22:59:46","isFullCredit":false},{"lineNumber":88,"author":{"gitId":"-"},"content":"    }","lastModifiedDate":"2019-02-23T22:59:46","isFullCredit":false},{"lineNumber":89,"author":{"gitId":"-"},"content":"}","lastModifiedDate":"2017-09-01T17:08:34","isFullCredit":false}],"authorContributionMap":{"Dominique-DP9":1,"-":88}}]
