{"authorDailyContributionsMap":{"naa-siuuuu-ff":[],"ongyixin":[],"Dominique-DP9":[{"date":"2025-10-31T00:00:00","commitResults":[{"hash":"ae1838db64b0583e3953e38fa7b912ed34aeca73","isMergeCommit":false,"messageTitle":"Update UserGuide","messageBody":"","fileTypesAndContributionMap":{"docs":{"insertions":168,"deletions":139},"test-code":{"insertions":2,"deletions":2}}},{"hash":"aa1f04e5fecd32d776657157c8c437c2de6c25e8","isMergeCommit":true,"messageTitle":"Merge pull request #219 from Dominique-DP9/Update-UG","messageBody":"Update UserGuide","fileTypesAndContributionMap":{}}]}],"estelle-ljgui":[],"pei886":[]},"authorFileTypeContributionMap":{"naa-siuuuu-ff":{"docs":0,"functional-code":0,"test-code":0},"ongyixin":{"docs":0,"functional-code":0,"test-code":0},"Dominique-DP9":{"docs":149,"functional-code":0,"test-code":1},"estelle-ljgui":{"docs":0,"functional-code":0,"test-code":0},"pei886":{"docs":0,"functional-code":0,"test-code":0}},"authorContributionVariance":{"naa-siuuuu-ff":0.0,"ongyixin":0.0,"Dominique-DP9":96721.0,"estelle-ljgui":0.0,"pei886":0.0},"authorDisplayNameMap":{"naa-siuuuu-ff":"CS2103T-W14-4 HASA..ASIF","ongyixin":"CS2103T-W14-4 ONG .. XIN","Dominique-DP9":"CS2103T-W14-4 XUE ..NJIE","estelle-ljgui":"CS2103T-W14-4 ESTE.. HUI","pei886":"CS2103T-W14-4 PEI ..NGYA"}}
