{"authorDailyContributionsMap":{"naa-siuuuu-ff":[],"ongyixin":[],"Dominique-DP9":[],"estelle-ljgui":[],"pei886":[]},"authorFileTypeContributionMap":{"naa-siuuuu-ff":{"docs":0,"functional-code":0,"test-code":0},"ongyixin":{"docs":0,"functional-code":0,"test-code":0},"Dominique-DP9":{"docs":0,"functional-code":0,"test-code":0},"estelle-ljgui":{"docs":0,"functional-code":0,"test-code":0},"pei886":{"docs":0,"functional-code":0,"test-code":0}},"authorContributionVariance":{"naa-siuuuu-ff":0.0,"ongyixin":0.0,"Dominique-DP9":0.0,"estelle-ljgui":0.0,"pei886":0.0},"authorDisplayNameMap":{"naa-siuuuu-ff":"CS2103T-W14-4 HASA..ASIF","ongyixin":"CS2103T-W14-4 ONG .. XIN","Dominique-DP9":"CS2103T-W14-4 XUE ..NJIE","estelle-ljgui":"CS2103T-W14-4 ESTE.. HUI","pei886":"CS2103T-W14-4 PEI ..NGYA"}}
