{"authorDailyContributionsMap":{"Zisaac99":[],"nicsohlame":[],"MooMooYonders":[],"jvvvstin":[]},"authorFileTypeContributionMap":{"Zisaac99":{"docs":0,"functional-code":0,"test-code":0},"nicsohlame":{"docs":0,"functional-code":0,"test-code":0},"MooMooYonders":{"docs":0,"functional-code":0,"test-code":0},"jvvvstin":{"docs":0,"functional-code":0,"test-code":0}},"authorContributionVariance":{"Zisaac99":0.0,"nicsohlame":0.0,"MooMooYonders":0.0,"jvvvstin":0.0},"authorDisplayNameMap":{"Zisaac99":"CS2103-F10-1 LUM ..SAAC","nicsohlame":"CS2103-F10-1 SOH ..OLAS","MooMooYonders":"CS2103-F10-1 CHAN.. KAI","jvvvstin":"CS2103-F10-1 JUST..A HE"}}
