{"authorDailyContributionsMap":{"Lucasn24":[],"jcc-kh":[],"zachchong":[],"KieronOei":[],"JBYoonn":[]},"authorFileTypeContributionMap":{"Lucasn24":{"docs":0,"functional-code":0,"test-code":0},"jcc-kh":{"docs":0,"functional-code":0,"test-code":0},"zachchong":{"docs":0,"functional-code":0,"test-code":0},"KieronOei":{"docs":0,"functional-code":0,"test-code":0},"JBYoonn":{"docs":0,"functional-code":0,"test-code":0}},"authorContributionVariance":{"Lucasn24":0.0,"jcc-kh":0.0,"zachchong":0.0,"KieronOei":0.0,"JBYoonn":0.0},"authorDisplayNameMap":{"Lucasn24":"CS2103T-W08-1 NG J..UCAS","jcc-kh":"CS2103T-W08-1 JESS.. HEY","zachchong":"CS2103T-W08-1 CHON..HONG","KieronOei":"CS2103T-W08-1 KIER.. JIE","JBYoonn":"CS2103T-W08-1 YOON.. BAO"}}
