{"authorDailyContributionsMap":{"ludannnn":[],"brainybryan69":[],"clementsimwj":[],"Briescion":[],"anand2273":[]},"authorFileTypeContributionMap":{"ludannnn":{"docs":0,"functional-code":0,"test-code":0},"brainybryan69":{"docs":0,"functional-code":0,"test-code":0},"clementsimwj":{"docs":0,"functional-code":0,"test-code":0},"Briescion":{"docs":0,"functional-code":0,"test-code":0},"anand2273":{"docs":0,"functional-code":0,"test-code":0}},"authorContributionVariance":{"ludannnn":0.0,"brainybryan69":0.0,"clementsimwj":0.0,"Briescion":0.0,"anand2273":0.0},"authorDisplayNameMap":{"ludannnn":"CS2103T-W13-3 NATH..IANG","brainybryan69":"CS2103T-W13-3 ANG .. HAW","clementsimwj":"CS2103T-W13-3 SIM ..MENT","Briescion":"CS2103T-W13-3 BENJ.. ZHE","anand2273":"CS2103T-W13-3 ANAN..BALA"}}
