{"authorDailyContributionsMap":{"polyrhythmas":[],"wuliyq":[{"date":"2025-10-31T00:00:00","commitResults":[{"hash":"9fc00ebe33f229d9f603d1e08e2981f2cb4dbb2a","isMergeCommit":false,"messageTitle":"Change Rmb to Remember in User Guide","messageBody":"","fileTypesAndContributionMap":{"docs":{"insertions":1,"deletions":1}}}]}],"simyeekai":[],"Shearer1509":[{"date":"2025-10-31T00:00:00","commitResults":[{"hash":"10c6f1991bca9816d403c1165ff20530cc8ec764","isMergeCommit":true,"messageTitle":"Merge pull request #175 from wuliyq/ug-clearpast","messageBody":"Change Rmb to Remember in User Guide","fileTypesAndContributionMap":{}},{"hash":"ffa0a9fe525dbe6df960796af413e241d797b247","isMergeCommit":false,"messageTitle":"Fix typo","messageBody":"","fileTypesAndContributionMap":{"docs":{"insertions":1,"deletions":1}}},{"hash":"20812f63fb078b15d0e27c18eb63f5a4c2632527","isMergeCommit":true,"messageTitle":"Merge pull request #176 from Shearer1509/branch-teaching","messageBody":"Fix typo","fileTypesAndContributionMap":{}}]}],"FZFZFZZ":[]},"authorFileTypeContributionMap":{"polyrhythmas":{"docs":0,"functional-code":0,"test-code":0},"wuliyq":{"docs":1,"functional-code":0,"test-code":0},"simyeekai":{"docs":0,"functional-code":0,"test-code":0},"Shearer1509":{"docs":1,"functional-code":0,"test-code":0},"FZFZFZZ":{"docs":0,"functional-code":0,"test-code":0}},"authorContributionVariance":{"polyrhythmas":0.0,"wuliyq":4.0,"simyeekai":0.0,"Shearer1509":4.0,"FZFZFZZ":0.0},"authorDisplayNameMap":{"polyrhythmas":"CS2103T-T15-1 TRIS..SEOW","wuliyq":"CS2103T-T15-1 GONG..QIAN","simyeekai":"CS2103T-T15-1 SIM .. KAI","Shearer1509":"CS2103T-T15-1 TANG..ARER","FZFZFZZ":"CS2103T-T15-1 LU H..MENG"}}
