{"authorDailyContributionsMap":{"polyrhythmas":[],"wuliyq":[],"simyeekai":[],"Shearer1509":[],"FZFZFZZ":[]},"authorFileTypeContributionMap":{"polyrhythmas":{"docs":0,"functional-code":0,"test-code":0},"wuliyq":{"docs":0,"functional-code":0,"test-code":0},"simyeekai":{"docs":0,"functional-code":0,"test-code":0},"Shearer1509":{"docs":0,"functional-code":0,"test-code":0},"FZFZFZZ":{"docs":0,"functional-code":0,"test-code":0}},"authorContributionVariance":{"polyrhythmas":0.0,"wuliyq":0.0,"simyeekai":0.0,"Shearer1509":0.0,"FZFZFZZ":0.0},"authorDisplayNameMap":{"polyrhythmas":"CS2103T-T15-1 TRIS..SEOW","wuliyq":"CS2103T-T15-1 GONG..QIAN","simyeekai":"CS2103T-T15-1 SIM .. KAI","Shearer1509":"CS2103T-T15-1 TANG..ARER","FZFZFZZ":"CS2103T-T15-1 LU H..MENG"}}
