{"authorDailyContributionsMap":{"zhonggruii":[],"Mesutantonio":[{"date":"2025-10-31T00:00:00","commitResults":[{"hash":"b0a194edd072c29b66bfd0025de292dbb37a2ea4","isMergeCommit":true,"messageTitle":"Merge pull request #219 from Mesutantonio/branch-UG-v1.5.1","messageBody":"Add Markattendance and Listattendance into UG","fileTypesAndContributionMap":{}}]}],"abhatia2003":[],"manishkharthik":[],"darrensimmx":[]},"authorFileTypeContributionMap":{"zhonggruii":{"docs":0,"functional-code":0,"test-code":0},"Mesutantonio":{"docs":0,"functional-code":0,"test-code":0},"abhatia2003":{"docs":0,"functional-code":0,"test-code":0},"manishkharthik":{"docs":0,"functional-code":0,"test-code":0},"darrensimmx":{"docs":0,"functional-code":0,"test-code":0}},"authorContributionVariance":{"zhonggruii":0.0,"Mesutantonio":0.0,"abhatia2003":0.0,"manishkharthik":0.0,"darrensimmx":0.0},"authorDisplayNameMap":{"zhonggruii":"CS2103T-W13-2 LEE .. RUI","Mesutantonio":"CS2103T-W13-2 CHOW..HONY","abhatia2003":"CS2103T-W13-2 AAYU..ATIA","manishkharthik":"CS2103T-W13-2 MANI..URAI","darrensimmx":"CS2103T-W13-2 SIM ..RREN"}}
