{"authorDailyContributionsMap":{"QuocBaoVu":[],"Xirnic":[],"nob-s":[],"Retribob":[],"jonchng":[]},"authorFileTypeContributionMap":{"QuocBaoVu":{"docs":0,"functional-code":0,"test-code":0},"Xirnic":{"docs":0,"functional-code":0,"test-code":0},"nob-s":{"docs":0,"functional-code":0,"test-code":0},"Retribob":{"docs":0,"functional-code":0,"test-code":0},"jonchng":{"docs":0,"functional-code":0,"test-code":0}},"authorContributionVariance":{"QuocBaoVu":0.0,"Xirnic":0.0,"nob-s":0.0,"Retribob":0.0,"jonchng":0.0},"authorDisplayNameMap":{"QuocBaoVu":"CS2103T-W12-1 VU H.. BAO","Xirnic":"CS2103T-W12-1 LIM ..FENG","nob-s":"CS2103T-W12-1 LEE ..QING","Retribob":"CS2103T-W12-1 WANG..QIAN","jonchng":"CS2103T-W12-1 JONA.. KAI"}}
