{"authorDailyContributionsMap":{"QuocBaoVu":[],"Xirnic":[],"nob-s":[],"Retribob":[{"date":"2025-10-31T00:00:00","commitResults":[{"hash":"d0651ce061bd1f9f7d8fa9b53723a4a032902928","isMergeCommit":true,"messageTitle":"Merge pull request #141 from Retribob/branch-DGUpdates","messageBody":"Branch dg updates","fileTypesAndContributionMap":{}},{"hash":"cead73c0ac303ffb8b2361c10df29c5f72ae52c3","isMergeCommit":true,"messageTitle":"Merge pull request #142 from QuocBaoVu/branch-Update-UG-DG-Loction-Edit","messageBody":"Change UG DG","fileTypesAndContributionMap":{}}]}],"jonchng":[]},"authorFileTypeContributionMap":{"QuocBaoVu":{"docs":0,"functional-code":0,"test-code":0},"Xirnic":{"docs":0,"functional-code":0,"test-code":0},"nob-s":{"docs":0,"functional-code":0,"test-code":0},"Retribob":{"docs":0,"functional-code":0,"test-code":0},"jonchng":{"docs":0,"functional-code":0,"test-code":0}},"authorContributionVariance":{"QuocBaoVu":0.0,"Xirnic":0.0,"nob-s":0.0,"Retribob":0.0,"jonchng":0.0},"authorDisplayNameMap":{"QuocBaoVu":"CS2103T-W12-1 VU H.. BAO","Xirnic":"CS2103T-W12-1 LIM ..FENG","nob-s":"CS2103T-W12-1 LEE ..QING","Retribob":"CS2103T-W12-1 WANG..QIAN","jonchng":"CS2103T-W12-1 JONA.. KAI"}}
